# Resource object code (Python 3)
# Created by: object code
# Created by: The Resource Compiler for Qt version 6.11.2
# WARNING! All changes made in this file will be lost!

from PySide6 import QtCore

qt_resource_data = b"\
\x00\x00\x02%\
\x00\
\x00\x16\x88x\xda\xeb\x0c\xf0s\xe7\xe5\x92\xe2b``\
\xe0\xf5\xf4p\x09b``\x052\x99.p\xb0\x01\xa9\
\xf3\xb5w\xc3\x80\x14cq\x90\xbb\x13\xc3\xbas2/\
\x81\x1c\x96tG_G\x06\x86\x8d\xfd\xdc\x7f\x12AJ\
9\x0b<\x22\x8b\x19\x18\xf8\x0e\x810\xa3\xa8\x86W\x03\
PC{fHDI\x84\xaf\x8fUr~\xae^b\
J~R\xaa^En\x01\x03\x08\xd8\xd8W\x14$&\
g\xa7\x96($\xa5\xa6g\xe6\xd9\xaa\xbf\xdf\xbd_]\
!3\xc5V=\xdc\xd4\xd7\xc0\xb7\xc095#\xd3\xa3\
\xaa(5\xb8\xca/$\xb9*;\xd92E\xdd\xde\x8e\
\x97\xcb\xa6\xc2\x0ahBnjI\xa2BEnN^\
\xb1U\x85\xad\x12\xd8`+ \x1b$\xac\xafdgS\
\x94\x92f\x15\xe4\xe2\x06U\x01\xe4\xd9*e\x94\x94\x14\
X\xe9\xeb\x97\x97\x97\xeb\x95\x1b\xeb\xe5\x17\xa5\xeb\x1bZ\
ZZ\xea\x1b\x18\xe9\x1b\x19\xe9\x02U\xe8\x16W\xe6\x95\
$V\xe8\xe6\x15+C\x0dpI-N.\xca,(\
\xc9\xcc\xcfS\x00\xf1\x13\x93\xf2KKl\x95JK3\
S\xac\xd2\x12\xd3L\x93RRLu\x93\x12\x8dSt\
\x0d\x0dS\x12u\x13S\x8c\x0duS\x8c\x8dS\xccM\
\x0d-\x8c\xd2\x0c\x93\x94\xa0\xd6\x97d\xa6!\xec\xcf+\
\x86\x06\x030@\xf4A2\xfa\x86z\x06 '\x83\xd8\
V\xfeE\x99\xa9@W\x80\xac\xb43\xb4\xd1\xc7\x10\xb3\
\xd1Gs\x18T\x04\xe8W \x0b\x1e2\xa0`\x82\x87\
nj\x1e0H\xcb\x81a\xa73e\x067\x03\x83H\
\x97\xa7\x8bcHE\xdc\xdb[\x86\x82\x07\x0c\x04\x98\x0f\
Zl9\xa3\xe8\xfb#\xb9\xf2{[\xc1\xe6h\xaeC\
\xbd\xd7\xfe\xfd\xab\x04\xc5O\xc3\x92\xefr`\x9a\x8fQ\
\x00D\x1fbq\x00Q\x1c\xc2\x0c\x8c@J\xc1\x87\x81\
\x05$i0*9*9\xb8%\xaf\x9d9c\xcb\x04\
b\xf1\xca5\x80(\x015\x06\x10\xd7a\x06\x03\x07\x88\
\x9b\xc8\xa4\x00\xa2Z8G%G%G%G%G\
%G%G%G%G%G%G%G%G\
%G%G%G%G%\xa9,)\xfb0\x84\xbb\
\xecqY\xaf\x0c\x88\xe7\xe9\xea\xe7\xb2\xce)\xa1\x09\x00\
\xf8\xb1\x8a\xde\
\x00\x038\x19\
\x89\
PNG\x0d\x0a\x1a\x0a\x00\x00\x00\x0dIHDR\x00\
\x00\x05\x00\x00\x00\x02\xd0\x08\x06\x00\x00\x00\xcf}\xddV\
\x00\x00\x00\x01sRGB\x00\xae\xce\x1c\xe9\x00\x00\x00\
\x04gAMA\x00\x00\xb1\x8f\x0b\xfca\x05\x00\x00\x00\
\x09pHYs\x00\x00\x0e\xc2\x00\x00\x0e\xc2\x01\x15(\
J\x80\x00\x00\x01\x87iTXtXML:co\
m.adobe.xmp\x00\x00\x00\x00\x00\
<?xpacket begin=\
'\xef\xbb\xbf' id='W5M0Mp\
CehiHzreSzNTczkc\
9d'?>\x0d\x0a<x:xmpmet\
a xmlns:x=\x22adobe\
:ns:meta/\x22><rdf:\
RDF xmlns:rdf=\x22h\
ttp://www.w3.org\
/1999/02/22-rdf-\
syntax-ns#\x22><rdf\
:Description rdf\
:about=\x22uuid:faf\
5bdd5-ba3d-11da-\
ad31-d33d75182f1\
b\x22 xmlns:tiff=\x22h\
ttp://ns.adobe.c\
om/tiff/1.0/\x22><t\
iff:Orientation>\
1</tiff:Orientat\
ion></rdf:Descri\
ption></rdf:RDF>\
</x:xmpmeta>\x0d\x0a<?\
xpacket end='w'?\
>,\x94\x98\x0b\x00\x00\xfe\x12IDATx^\xec\
\xfd]\xb6\xdbH\x96\xa5\xed.\x03\xc8-)2O\x17\
\xea6\xc7\xa8.\xe4iC\x9e\x8b<\x0d\xaa\x06\xd5M\
\xf5\xa1\xba\xf4E\x84\x8b\x04\xec\xbbXk\x9a-3\x80\
\xd4\x96\x87$\x97\xa8\xf7\xf1\x80\x93\x00\x0c\x7f\x06p\xc7\
\xb0\xe9\x06\xa0\xfc\xe7\x7f\xfdw5\x00\x00\x00\x00\x00\x00\
\x00/i\x99'\x00\x00\x00\x00\x00\x00\x00x\x1d\x04\x80\
\x00\x00\x00\x00\x00\x00\xc0\x0b#\x00\x04\x00\x00\x00\x00\x00\
\x00^\x18\x01 \x00\x00\x00\x00\x00\x00\xf0\xc2\x08\x00\x01\
\x00\x00\x00\x00\x00\x80\x17F\x00\x08\x00\x00\x00\x00\x00\x00\
\xbc0\x02@\x00\x00\x00\x00\x00\x00\xe0\x85\x11\x00\x02\x00\
\x00\x00\x00\x00\x00/\x8c\x00\x10\x00\x00\x00\x00\x00\x00x\
a\x04\x80\x00\x00\x00\x00\x00\x00\xc0\x0b#\x00\x04\x00\x00\
\x00\x00\x00\x00^\x18\x01 \x00\x00\x00\x00\x00\x00\xf0\xc2\
\x08\x00\x01\x00\x00\x00\x00\x00\x80\x17F\x00\x08\x00\x00\x00\
\x00\x00\x00\xbc0\x02@\x00\x00\x00\x00\x00\x00\xe0\x85\x11\
\x00\x02\x00\x00\x00\x00\x00\x00/\x8c\x00\x10\x00\x00\x00\x00\
\x00\x00xa\x04\x80\x00\x00\x00\x00\x00\x00\xc0\x0b#\x00\
\x04\x00\x00\x00\x00\x00\x00^\x18\x01 \x00\x00\x00\x00\x00\
\x00\xf0\xc2\x08\x00\x01\x00\x00\x00\x00\x00\x80\x17F\x00\x08\
\x00\x00\x00\x00\x00\x00\xbc0\x02@\x00\x00\x00\x00\x00\x00\
\xe0\x85\x11\x00\x02\x00\x00\x00\x00\x00\x00/\x8c\x00\x10\x00\
\x00\x00\x00\x00\x00xa\x04\x80\x00\x00\x00\x00\x00\x00\xc0\
\x0b#\x00\x04\x00\x00\x00\x00\x00\x00^\x18\x01 \x00\x00\
\x00\x00\x00\x00\xf0\xc2\x08\x00\x01\x00\x00\x00\x00\x00\x80\x17\
F\x00\x08\x00\x00\x00\x00\x00\x00\xbc0\x02@\x00\x00\x00\
\x00\x00\x00\xe0\x85\x11\x00\x02\x00\x00\x00\x00\x00\x00/\x8c\
\x00\x10\x00\x00\x00\x00\x00\x00xa\x04\x80\x00\x00\x00\x00\
\x00\x00\xc0\x0b#\x00\x04\x00\x00\x00\x00\x00\x00^\x18\x01\
 \x00\x00\x00\x00\x00\x00\xf0\xc2\x08\x00\x01\x00\x00\x00\x00\
\x00\x80\x17F\x00\x08\x00\x00\x00\x00\x00\x00\xbc0\x02@\
\x00\x00\x00\x00\x00\x00\xe0\x85\x11\x00\x02\x00\x00\x00\x00\x00\
\x00/\x8c\x00\x10\x00\x00\x00\x00\x00\x00xa\x04\x80\x00\
\x00\x00\x00\x00\x00\xc0\x0b#\x00\x04\x00\x00\x00\x00\x00\x00\
^\x18\x01 \x00\x00\x00\x00\x00\x00\xf0\xc2\x08\x00\x01\x00\
\x00\x00\x00\x00\x80\x17F\x00\x08\x00\x00\x00\x00\x00\x00\xbc\
0\x02@\x00\x00\x00\x00\x00\x00\xe0\x85\x11\x00\x02\x00\x00\
\x00\x00\x00\x00/\x8c\x00\x10\x00\x00\x00\x00\x00\x00xa\
\x04\x80\x00\x00\x00\x00\x00\x00\xc0\x0b#\x00\x04\x00\x00\x00\
\x00\x00\x00^\x18\x01 \x00\x00\x00\x00\x00\x00\xf0\xc2\x08\
\x00\x01\x00\x00\x00\x00\x00\x80\x17F\x00\x08\x00\x00\x00\x00\
\x00\x00\xbc0\x02@\x00\x00\x00\x00\x00\x00\xe0\x85\x11\x00\
\x02\x00\x00\x00\x00\x00\x00/\x8c\x00\x10\x00\x00\x00\x00\x00\
\x00xa\x04\x80\x00\x00\x00\x00\x00\x00\xc0\x0b#\x00\x04\
\x00\x00\x00\x00\x00\x00^\x18\x01 \x00\x00\x00\x00\x00\x00\
\xf0\xc2\x08\x00\x01\x00\x00\x00\x00\x00\x80\x17F\x00\x08\x00\
\x00\x00\x00\x00\x00\xbc0\x02@\x00\x00\x00\x00\x00\x00\xe0\
\x85\x11\x00\x02\x00\x00\x00\x00\x00\x00/\x8c\x00\x10\x00\x00\
\x00\x00\x00\x00xa\x04\x80\x00\x00\x00\x00\x00\x00\xc0\x0b\
#\x00\x04\x00\x00\x00\x00\x00\x00^\x18\x01 \x00\x00\x00\
\x00\x00\x00\xf0\xc2\x08\x00\x01\x00\x00\x00\x00\x00\x80\x17F\
\x00\x08\x00\x00\x00\x00\x00\x00\xbc0\x02@\x00\x00\x00\x00\
\x00\x00\xe0\x85\x11\x00\x02\x00\x00\x00\x00\x00\x00/\x8c\x00\
\x10\x00\x00\x00\x00\x00\x00xa\x04\x80\x00\x00\x00\x00\x00\
\x00\xc0\x0b#\x00\x04\x00\x00\x00\x00\x00\x00^\x18\x01 \
\x00\x00\x00\x00\x00\x00\xf0\xc2\x08\x00\x01\x00\x00\x00\x00\x00\
\x80\x17F\x00\x08\x00\x00\x00\x00\x00\x00\xbc0\x02@\x00\
\x00\x00\x00\x00\x00\xe0\x85\x11\x00\x02\x00\x00\x00\x00\x00\x00\
/\x8c\x00\x10\x00\x00\x00\x00\x00\x00xa\x04\x80\x00\x00\
\x00\x00\x00\x00\xc0\x0b#\x00\x04\x00\x00\x00\x00\x00\x00^\
\x18\x01 \x00\x00\x00\x00\x00\x00\xf0\xc2\x08\x00\x01\x00\x00\
\x00\x00\x00\x80\x17F\x00\x08\x00\x00\x00\x00\x00\x00\xbc0\
\x02@\x00\x00\x00\x00\x00\x00\xe0\x85\x11\x00\x02\x00\x00\x00\
\x00\x00\x00/\x8c\x00\x10\x00\x00\x00\x00\x00\x00xa\x04\
\x80\x00\x00\x00\x00\x00\x00\xc0\x0b#\x00\x04\x00\x00\x00\x00\
\x00\x00^\x18\x01 \x00\x00\x00\x00\x00\x00\xf0\xc2\x08\x00\
\x01\x00\x00\x00\x00\x00\x80\x17F\x00\x08\x00\x00\x00\x00\x00\
\x00\xbc0\x02@\x00\x00\x00\x00\x00\x00\xe0\x85\x11\x00\x02\
\x00\x00\x00\x00\x00\x00/\x8c\x00\x10\x00\x00\x00\x00\x00\x00\
xa\x04\x80\x00\x00\x00\x00\x00\x00\xc0\x0b#\x00\x04\x00\
\x00\x00\x00\x00\x00^\x18\x01 \x00\x00\x00\x00\x00\x00\xf0\
\xc2\x08\x00\x01\x00\x00\x00\x00\x00\x80\x17F\x00\x08\x00\x00\
\x00\x00\x00\x00\xbc0\x02@\x00\x00\x00\x00\x00\x00\xe0\x85\
\x11\x00\x02\x00\x00\x00\x00\x00\x00/\x8c\x00\x10\x00\x00\x00\
\x00\x00\x00xa\x04\x80\x00\x00\x00\x00\x00\x00\xc0\x0b#\
\x00\x04\x00\x00\x00\x00\x00\x00^\x18\x01 \x00\x00\x00\x00\
\x00\x00\xf0\xc2\x08\x00\x01\x00\x00\x00\x00\x00\x80\x17F\x00\
\x08\x00\x00\x00\x00\x00\x00\xbc0\x02@\x00\x00\x00\x00\x00\
\x00\xe0\x85\x11\x00\x02\x00\x00\x00\x00\x00\x00/\x8c\x00\x10\
\x00\x00\x00\x00\x00\x00xa\x04\x80\x00\x00\x00\x00\x00\x00\
\xc0\x0b#\x00\x04\x00\x00\x00\x00\x00\x00^\x18\x01 \x00\
\x00\x00\x00\x00\x00\xf0\xc2\x08\x00\x01\x00\x00\x00\x00\x00\x80\
\x17F\x00\x08\x00\x00\x00\x00\x00\x00\xbc0\x02@\x00\x00\
\x00\x00\x00\x00\xe0\x85\x11\x00\x02\x00\x00\x00\x00\x00\x00/\
\x8c\x00\x10\x00\x00\x00\x00\x00\x00xa\x04\x80\x00\x00\x00\
\x00\x00\x00\xc0\x0b#\x00\x04\x00\x00\x00\x00\x00\x00^\x18\
\x01 \x00\x00\x00\x00\x00\x00\xf0\xc2\x08\x00\x01\x00\x00\x00\
\x00\x00\x80\x17F\x00\x08\x00\x00\x00\x00\x00\x00\xbc0\x02\
@\x00\x00\x00\x00\x00\x00\xe0\x85\x11\x00\x02\x00\x00\x00\x00\
\x00\x00/\x8c\x00\x10\x00\x00\x00\x00\x00\x00xa\x04\x80\
\x00\x00\x00\x00\x00\x00\xc0\x0b#\x00\x04\x00\x00\x00\x00\x00\
\x00^\x18\x01 \x00\x00\x00\x00\x00\x00\xf0\xc2\x08\x00\x01\
\x00\x00\x00\x00\x00\x80\x17F\x00\x08\x00\x00\x00\x00\x00\x00\
\xbc0\x02@\x00\x00\x00\x00\x00\x00\xe0\x85\x11\x00\x02\x00\
\x00\x00\x00\x00\x00/\x8c\x00\x10\x00\x00\x00\x00\x00\x00x\
a\x04\x80\x00\x00\x00\x00\x00\x00\xc0\x0b#\x00\x04\x00\x00\
\x00\x00\x00\x00^\x18\x01 \x00\x00\x00\x00\x00\x00\xf0\xc2\
\x08\x00\x01\x00\x00\x00\x00\x00\x80\x17F\x00\x08\x00\x00\x00\
\x00\x00\x00\xbc0\x02@\x00\x00\x00\x00\x00\x00\xe0\x85\x11\
\x00\x02\x00\x00\x00\x00\x00\x00/\x8c\x00\x10\x00\x00\x00\x00\
\x00\x00xa\x04\x80\x00\x00\x00\x00\x00\x00\xc0\x0b#\x00\
\x04\x00\x00\x00\x00\x00\x00^\x18\x01 \x00\x00\x00\x00\x00\
\x00\xf0\xc2\x08\x00\x01\x00\x00\x00\x00\x00\x80\x17F\x00\x08\
\x00\x00\x00\x00\x00\x00\xbc0\x02@\x00\x00\x00\x00\x00\x00\
\xe0\x85\x11\x00\x02\x00\x00\x00\x00\x00\x00/\x8c\x00\x10\x00\
\x00\x00\x00\x00\x00xa\x04\x80\x00\x00\x00\x00\x00\x00\xc0\
\x0b#\x00\x04\x00\x00\x00\x00\x00\x00^\x18\x01 \x00\x00\
\x00\x00\x00\x00\xf0\xc2\x08\x00\x01\x00\x00\x00\x00\x00\x80\x17\
F\x00\x08\x00\x00\x00\x00\x00\x00\xbc0\x02@\x00\x00\x00\
\x00\x00\x00\xe0\x85\x11\x00\x02\x00\x00\x00\x00\x00\x00/\x8c\
\x00\x10\x00\x00\x00\x00\x00\x00xa\x04\x80\x00\x00\x00\x00\
\x00\x00\xc0\x0b#\x00\x04\x00\x00\x00\x00\x00\x00^\x18\x01\
 \x00\x00\x00\x00\x00\x00\xf0\xc2\x08\x00\x01\x00\x00\x00\x00\
\x00\x80\x17F\x00\x08\x00\x00\x00\x00\x00\x00\xbc0\x02@\
\x00\x00\x00\x00\x00\x00\xe0\x85\x11\x00\x02\x00\x00\x00\x00\x00\
\x00/\x8c\x00\x10\x00\x00\x00\x00\x00\x00xa\x04\x80\x00\
\x00\x00\x00\x00\x00\xc0\x0b#\x00\x04\x00\x00\x00\x00\x00\x00\
^\x18\x01 \x00\x00\x00\x00\x00\x00\xf0\xc2\x08\x00\x01\x00\
\x00\x00\x00\x00\x80\x17F\x00\x08\x00\x00\x00\x00\x00\x00\xbc\
0\x02@\x00\x00\x00\x00\x00\x00\xe0\x85\x11\x00\x02\x00\x00\
\x00\x00\x00\x00/\x8c\x00\x10\x00\x00\x00\x00\x00\x00xa\
\x04\x80\x00\x00\x00\x00\x00\x00\xc0\x0b#\x00\x04\x00\x00\x00\
\x00\x00\x00^\x18\x01 \x00\x00\x00\x00\x00\x00\xf0\xc2\x08\
\x00\x01\x00\x00\x00\x00\x00\x80\x17F\x00\x08\x00\x00\x00\x00\
\x00\x00\xbc0\x02@\x00\x00\x00\x00\x00\x00\xe0\x85\x11\x00\
\x02\x00\x00\x00\x00\x00\x00/\x8c\x00\x10\x00\x00\x00\x00\x00\
\x00xa\x04\x80\x00\x00\x00\x00\x00\x00\xc0\x0b#\x00\x04\
\x00\x00\x00\x00\x00\x00^\x18\x01 \x00\x00\x00\x00\x00\x00\
\xf0\xc2\x08\x00\x01\x00\x00\x00\x00\x00\x80\x17F\x00\x08\x00\
\x00\x00\x00\x00\x00\xbc0\x02@\x00\x00\x00\x00\x00\x00\xe0\
\x85\x11\x00\x02\x00\x00\x00\x00\x00\x00/\x8c\x00\x10\x00\x00\
\x00\x00\x00\x00xa\x04\x80\x00\x00\x00\x00\x00\x00\xc0\x0b\
#\x00\x04\x00\x00\x00\x00\x00\x00^\x18\x01 \x00\x00\x00\
\x00\x00\x00\xf0\xc2\x08\x00\x01\x00\x00\x00\x00\x00\x80\x17F\
\x00\x08\x00\x00\x00\x00\x00\x00\xbc0\x02@\x00\x00\x00\x00\
\x00\x00\xe0\x85\x11\x00\x02\x00\x00\x00\x00\x00\x00/\x8c\x00\
\x10\x00\x00\x00\x00\x00\x00xa\x04\x80\x00\x00\x00\x00\x00\
\x00\xc0\x0b#\x00\x04\x00\x00\x00\x00\x00\x00^\x18\x01 \
\x00\x00\x00\x00\x00\x00\xf0\xc2\x08\x00\x01\x00\x00\x00\x00\x00\
\x80\x17F\x00\x08\x00\x00\x00\x00\x00\x00\xbc0\x02@\x00\
\x00\x00\x00\x00\x00\xe0\x85\x11\x00\x02\x00\x00\x00\x00\x00\x00\
/\x8c\x00\x10\x00\x00\x00\x00\x00\x00xa\x04\x80\x00\x00\
\x00\x00\x00\x00\xc0\x0b#\x00\x04\x00\x00\x00\x00\x00\x00^\
\x18\x01 \x00\x00\x00\x00\x00\x00\xf0\xc2\x08\x00\x01\x00\x00\
\x00\x00\x00\x80\x17F\x00\x08\x00\x00\x00\x00\x00\x00\xbc0\
\x02@\x00\x00\x00\x00\x00\x00\xe0\x85\x11\x00\x02\x00\x00\x00\
\x00\x00\x00/\x8c\x00\x10\x00\x00\x00\x00\x00\x00xa\x04\
\x80\x00\x00\x00\x00\x00\x00\xc0\x0b#\x00\x04\x00\x00\x00\x00\
\x00\x00^\x18\x01 \x00\x00\x00\x00\x00\x00\xf0\xc2\x08\x00\
\x01\x00\x00\x00\x00\x00\x80\x17F\x00\x08\x00\x00\x00\x00\x00\
\x00\xbc0\x02@\x00\x00\x00\x00\x00\x00\xe0\x85\x11\x00\x02\
\x00\x00\x00\x00\x00\x00/\x8c\x00\x10\x00\x00\x00\x00\x00\x00\
xa\x04\x80\x00\x00\x00\x00\x00\x00\xc0\x0b#\x00\x04\x00\
\x00\x00\x00\x00\x00^\x18\x01 \x00\x00\x00\x00\x00\x00\xf0\
\xc2\x08\x00\x01\x00\x00\x00\x00\x00\x80\x17F\x00\x08\x00\x00\
\x00\x00\x00\x00\xbc0\x02@\x00\x00\x00\x00\x00\x00\xe0\x85\
\x11\x00\x02\x00\x00\x00\x00\x00\x00/\x8c\x00\x10\x00\x00\x00\
\x00\x00\x00xa\x04\x80\x00\x00\x00\x00\x00\x00\xc0\x0b#\
\x00\x04\x00\x00\x00\x00\x00\x00^\x18\x01 \x00\x00\x00\x00\
\x00\x00\xf0\xc2\x08\x00\x01\x00\x00\x00\x00\x00\x80\x17F\x00\
\x08\x00\x00\x00\x00\x00\x00\xbc0\x02@\x00\x00\x00\x00\x00\
\x00\xe0\x85\x11\x00\x02\x00\x00\x00\x00\x00\x00/\x8c\x00\x10\
\x00\x00\x00\x00\x00\x00xa\x04\x80\x00\x00\x00\x00\x00\x00\
\xc0\x0b#\x00\x04\x00\x00\x00\x00\x00\x00^\x18\x01 \x00\
\x00\x00\x00\x00\x00\xf0\xc2\x08\x00\x01\x00\x00\x00\x00\x00\x80\
\x17F\x00\x08\x00\x00\x00\x00\x00\x00\xbc0\x02@\x00\x00\
\x00\x00\x00\x00\xe0\x85\x11\x00\x02\x00\x00\x00\x00\x00\x00/\
\x8c\x00\x10\x00\x00\x00\x00\x00\x00xa\x04\x80\x00\x00\x00\
\x00\x00\x00\xc0\x0b#\x00\x04\x00\x00\x00\x00\x00\x00^\x18\
\x01 \x00\x00\x00\x00\x00\x00\xf0\xc2\x08\x00\x01\x00\x00\x00\
\x00\x00\x80\x17F\x00\x08\x00\x00\x00\x00\x00\x00\xbc\xb0\xf2\
\x9f\xff\xf5\xdfu\x9e\x08\x00\x00\x00\x00\x00\x80\xbf\xd6\xff\
\xfd?\xff{\x9e\x84_\xd0\xff\xf7\xff\xf7\xff\x9f'\xfd\
p\x04\x80\x00\x00\x00\x00\x00\x00\xdf\x00\x81\x1d~\x84?\
\x13(\x12\x00\x02\x00\x00\x00\x00\x00L\x08\xf3\xf0J\x08\
\x00\x01\x00\x00\x00\x00\xc0\xcb#\xd0\xc3\xef\x8c\x00\x10\x00\
\x00\x00\x00\x00\xfcR\x08\xf3\x80\xafC\x00\x08\x00\x00\x00\
\x00\x00~\x1a\x84{\xc0\xb7G\x00\x08\x00\x00\x00\x00\x00\
~\x08\xc2=\xe0\xafA\x00\x08\x00\x00\x00\x00\x00\xfee\
\x84{\xc0\xcf\x8b\x00\x10\x00\x00\x00\x00\x00<E\xb8\x07\
\xfc\xda\x08\x00\x01\x00\x00\x00\x00\x00!\x1f\xf0\xc2\x08\x00\
\x01\x00\x00\x00\x00\xf8M\x10\xf2\x01\xbf'\x02@\x00\x00\
\x00\x00\x00^\x08!\x1f\x80\x19\x01 \x00\x00\x00\x00\x00\
\xbf\x18B>\x00_\x83\x00\x10\x00\x00\x00\x00\x80\x9f\x10\
!\x1f\x80o\x85\x00\x10\x00\x00\x00\x00\x80\xbf\x08!\x1f\
\x80\x1f\x81\x00\x10\x00\x00\x00\x00\x80\x1f\x80\xb0\x0f\xc0_\
\x85\x00\x10\x00\x00\x00\x00\x80o\x88\xa0\x0f\xc0\xcf\x86\x00\
\x10\x00\x00\x00\x00\x80?\x89\xb0\x0f\xc0\xaf\x80\x00\x10\x00\
\x00\x00\x00\x80/ \xe8\x03\xf0+#\x00\x04\x00\x00\x00\
\x00 \x10\xf4\x01xE\x04\x80\x00\x00\x00\x00\x80\xdf\x12\
a\x1f\x80\xdf\x05\x01 \x00\x00\x00\x00\xe0\xe5\x11\xf6\x01\
\xf8\x9d\x11\x00\x02\x00\x00\x00\x00^\x0aa\x1f\x00\x8c\x08\
\x00\x01\x00\x00\x00\x00\xbf4\x02?\x00x\x8e\x00\x10\x00\
\x00\x00\x00\xf0\xcb \xec\x03\x80\xafG\x00\x08\x00\x00\x00\
\x00\xf8)\x11\xf6\x01\xc0\xb7A\x00\x08\x00\x00\x00\x00\xf8\
)\x10\xf8\x01\xc0\xf7A\x00\x08\x00\x00\x00\x00\xf8\xe1\x08\
\xfb\x00\xe0\xc7!\x00\x04\x00\x00\x00\x00|w\x04~\x00\
\xf0\xd7!\x00\x04\x00\x00\x00\x00|S\x84}\x00\xf0s\
!\x00\x04\x00\x00\x00\x00\xfcK\x08\xfc\x00\xe0\xe7F\x00\
\x08\x00\x00\x00\x00\xf8j\x84~\x00\xf0\xeb \x00\x04\x00\
\x00\x00\x00<E\xd8\x07\x00\xbf6\x02@\x00\x00\x00\x00\
\xc0\x80\xc0\x0f\x00^\x0b\x01 \x00\x00\x00\x00\xfc\xe6\x08\
\xfc\x00\xe0\xb5\x11\x00\x02\x00\x00\x00\xc0o\x86\xc0\x0f\x00\
~/\x04\x80\x00\x00\x00\x00\xf0\xe2\x08\xfc\x00\xe0\xf7F\
\x00\x08\x00\x00\x00\x00/\x86\xc0\x0f\x00\x90\x11\x00\x02\x00\
\x00\x00\xc0\x0b \xf4\x03\x00<B\x00\x08\x00\x00\x00\x00\
\xbf \x02?\x00\xc0{\x11\x00\x02\x00\x00\x00\xc0/\x82\
\xd0\x0f\x00\xf0g\x10\x00\x02\x00\x00\x00\xc0O\x8a\xc0\x0f\
\x00\xf0-\x10\x00\x02\x00\x00\x00\xc0O\x84\xd0\x0f\x00\xf0\
\xad\x11\x00\x02\x00\x00\x00\xc0_\x88\xc0\x0f\x00\xf0\xbd\x11\
\x00\x02\x00\x00\x00\xc0\x0fF\xe8\x07\x00\xf8\x91\x08\x00\x01\
\x00\x00\x00\xe0;#\xf0\x03\x00\xfc\x95\x08\x00\x01\x00\x00\
\x00\xe0; \xf4\x03\x00\xfc,\x08\x00\x01\x00\x00\x00\xe0\
\x1b!\xf4\x03\x00\xfc\x8c\x08\x00\x01\x00\x00\x00\xe0O\x22\
\xf0\x03\x00\xfc\x0a\x08\x00\x01\x00\x00\x00\xe0+\x10\xfa\x01\
\x00~5\x04\x80\x00\x00\x00\x00\xf0\x05\x84~\x00\x80_\
\x19\x01 \x00\x00\x00\x00\x9c \xf4\x03\x00\xbc\x0a\x02@\
\x00\x00\x00\x00\x08\x84~\x00\x80WD\x00\x08\x00\x00\x00\
\xe0\xb7F\xe8\x07\x00xu\x04\x80\x00\x00\x00\x00~;\
\x84~\x00\x80\xdf\x09\x01 \x00\x00\x00\x80\xdf\x02\xa1\x1f\
\x00\xe0wE\x00\x08\x00\x00\x00\xe0e\x11\xfa\x01\x00@\
\x00\x08\x00\x00\x00\xe0\xc5\x10\xfa\x01\x000\x22\x00\x04\x00\
\x00\x00\xf0\xcb#\xf4\x03\x00\xe01\x02@\x00\x00\x00\x00\
\xbf$B?\x00\x00\xde\x87\x00\x10\x00\x00\x00\xc0/\x83\
\xd0\x0f\x00\x80\xafG\x00\x08\x00\x00\x00\xe0\xa7G\xf0\x07\
\x00\xc0\x9fG\x00\x08\x00\x00\x00\xe0\xa7D\xe8\x07\x00\xc0\
\xb7A\x00\x08\x00\x00\x00\xe0\xa7A\xe8\x07\x00\xc0\xb7G\
\x00\x08\x00\x00\x00\xe0/E\xe8\x07\x00\xc0\xf7E\x00\x08\
\x00\x00\x00\xe0\x87#\xf4\x03\x00\xe0\xc7!\x00\x04\x00\x00\
\x00\xf0\xc3\x10\xfc\x01\x00\xf0\xe3\x11\x00\x02\x00\x00\x00\xf8\
\xae\x08\xfd\x00\x00\xf8k\x11\x00\x02\x00\x00\x00\xf8\xe6\x08\
\xfd\x00\x00\xf8y\x10\x00\x02\x00\x00\x00\xf8f\x08\xfe\x00\
\x00\xf8\xf9\x10\x00\x02\x00\x00\x00\xf8\x97\x10\xfa\x01\x00\xf0\
s#\x00\x04\x00\x00\x00\xf0\xa7\x10\xfc\x01\x00\xf0k \
\x00\x04\x00\x00\x00\xf0n\x84~\x00\x00\xfcz\x08\x00\x01\
\x00\x00\x00|\x11\xc1\x1f\x00\x00\xbf.\x02@\x00\x00\x00\
\x00\xa7\x08\xfd\x00\x00x\x0d\x04\x80\x00\x00\x00\x00\x06\x04\
\x7f\x00\x00\xbc\x16\x02@\x00\x00\x00\x00\x84~\x00\x00\xbc\
0\x02@\x00\x00\x00\xe07F\xf0\x07\x00\xc0\xeb#\x00\
\x04\x00\x00\x00~3\x84~\x00\x00\xfc^\x08\x00\x01\x00\
\x00\x80\xdf\x04\xc1\x1f\x00\x00\xbf'\x02@\x00\x00\x00\xe0\
\x85\x11\xfa\x01\x00\x00\x02@\x00\x00\x00\xe0\x05\x11\xfc\x01\
\x00\x00!\x00\x04\x00\x00\x00^\x08\xc1\x1f\x00\x00\x98\x11\
\x00\x02\x00\x00\x00\xbf8B?\x00\x00\xf0\x0c\x01 \x00\
\x00\x00\xf0\x8b\x22\xf8\x03\x00\x00\xefA\x00\x08\x00\x00\x00\
\xfcb\x08\xfe\x00\x00\xc0\xd7 \x00\x04\x00\x00\x00~\x11\
\x04\x7f\x00\x00\xe0\xcf \x00\x04\x00\x00\x00~b\x84~\
\x00\x00\xe0_E\x00\x08\x00\x00\x00\xfc\x84\x08\xfe\x00\x00\
\xc0\xb7B\x00\x08\x00\x00\x00\xfcD\x08\xfe\x00\x00\xc0\xb7\
F\x00\x08\x00\x00\x00\xfc\x04\x08\xfe\x00\x00\xc0\xf7B\x00\
\x08\x00\x00\x00\xfcE\x08\xfd\x00\x00\xc0\x8f@\x00\x08\x00\
\x00\x00\xfc`\x04\x7f\x00\x80Y\xad=\x9ey\xf4}V\
J9|\xcf\xd3\x00!\x00\x04\x00\x00\x00~\x10\x82?\
\x00@Vkm\x01\xdf\xd9\xf7<-/3\x87}\xa5\
\x94\xc3\x90\xa7\x03\x04\x80\x00\x00\x00\xc0wF\xf0\x07\x00\
\x90G!_\x1e\xf6}\x1f\xca\xce\xdf\xf3\xb49\xf8\xcb\
\xc3\xb2,\x87i\xf8=\x11\x00\x02\x00\x00\x00\xdf\x09\xc1\
\x1f\x00@r\xf0\xb7\xef\xfb!\xf4\x9b\x87R\xca!\xf4\
{\x14\x08\xea\xfb\x1c\xf6)\x00\x5c\x96\x850\xf07G\
\x00\x08\x00\x00\x00|c\x04\x7f\x00\x00\xc9\xc1\x9f\x06\x05\
\x809\x08\x9c\xcd\xd3\xce\x02\xbf\xf9{\x1e\x9f\x83\xc0<\
\xe4p\x90 \xf0\xf7@\x00\x08\x00\x00\x00|#\x04\x7f\
\x00\x80,\x87~s\xe0\x97\x83\xbf\x1c\xda\xe5\xf1GA\
\xdf<\x7f\x0e\x01\xcf\xa6\xcd!\xe0\xb2,\xb6\xaek\x0b\
\x03\x8d\x17\x88\xbc4\x02@\x00\x00\x00\xe0_D\xf0\x07\
\x00\x98})\xf8\x9b\x03:9\x0b\xfa\xce\xbe\xcf\xe3g\
e\xce\xbe\x9f\x85\x80\xeb\xba\x1en\x11\xc6k!\x00\x04\
\x00\x00\x00\xfe$\x82?\x00\xc0,\x87q9\xf8\x9b_\
\xec\xf1(\x00\x94\xb9\x5c\xfe<\x0b\xf7\xce\xa6\xcd\xf3\xf3\
\xf4|k\xf0\xe5r\x19\x82@n\x0f~=\x04\x80\x00\
\x00\x00\xc0W \xf4\x03\x00<\xa2\x90-\x0f\xf3s\xfe\
\xea\x83\x17|\xcc\xe6`o^G\xfe|\xcf\xb4y\xba\
\xc6\x15\xf4\xad\xeb:\x04\x81\x1a\x08\x02_\x03\x01 \x00\
\x00\x00\xf0\x0e\x04\x7f\x00\x80g\x14\xaai\x98o\xfb\xcd\
\xe5\x14\x00\x9e\x05\x81\xf3\xf4\xfcy6-\x7f\x9eM{\
\xb4\xdc<\xcd\xe2\xf6`\x05\x81\x1a\x08\x02_\x03\x01 \
\x00\x00\x00\xf0\x04\xc1\x1f\x00\xe0K\x14\xa2\xcd\xa1_M\
\xb7\xfe>\x92\x03\xb8\xb3isP\x97\xc3\xbby\xfc=\
\x9f\x8f\xca\xe7\xef\x0a\x02\xaf\xd7\xab]\xaf\xd7\x16\x06\xe6\
\xdb\x83\xf1k!\x00\x04\x00\x00\x00N\x10\xfc\x01\x00\xde\
#\x07g\xfb\xbe\xb7\x10P\xd3\xf4\xfd\x91G\xf3\xcfB\
:}>\x9b\xf6h\xfa<\xed\xd9tM\xf3\xde\x80\xde\
#\xf0z}ka A\xe0\xaf\x87\x00\x10\x00\x00\x00\
H\x08\xfe\x00\x00\xef\x95\xc3\xb3\xb3\xde\x7f\xb9\xcc\x99y\
^=\xb9-x\x0e\xe8\x1eM{4\xdd?\xab\xd5z\
\x9c?\x8f\xcf\xf3<\xde\xab\xb6,\xc5\xd6\xcb\xd5\xae\xd7\
7{{\xf3O\xdd\x1e\xcc\xad\xc1\xbf\x06\x02@\x00\x00\
\x00\x80\xe0\x0f\x00\xf0'\xe4\xb0l~\xe3\xef\x1c\xe4\x9d\
y4?O\x9f\x83\xb9G\xd3\xe6\xf1\xb1L\xee\x958\
\x96\x9d\xd75O\xb3\xba\x9b\x95jf\xfe\xd6\xe0\xcb\xe5\
jooo\xf6\xf6\xf6\xc1\xde\xde\xae\xb6\xae\x04\x81\xbf\
\x02\x02@\x00\x00\x00\xfc\xd6\x08\xfe\x00\x00\x7f\xc6\x1c\x98\
\xcdo\xfbU\x19\x8b7\xed\xe6\xf1\xf9{6O\x9f\x03\
\xba\xf7L\x1b\xe7y\x00\xd8\xa7Y\x84\x80\xfa~\x0c\xfd\
\xc6\xef{[^\xd6\xf5\x12!\xa0\x0fs\x8f@\xfc|\
\x08\x00\x01\x00\x00\xf0[\x22\xf8\x03\x00\xfcY9 S\
\xf0\x97\x9f\xfd7\x97\x9b\xbdwz\xde\xce\xfcy6\xad\
\x7f\xf6p\xcf\xbf\xf7\xcf>\x98\x99y/\xc5y}}\
\x5c\xdfw\xb3Z\xad\xef]\xb1eQ\x10\xf8\xc1\xde\xde\
\xde\xec\xc3\x87\x0f-\x08\xa47\xe0\xcfg\x99'\x00\x00\
\x00\x00\xaf\xec\xff\xfe\x9f\xffM\xf8\x07\x00\xf8\x97\xd5'\
\xe1_\xb5\x1c\x96\xfd99\x90\xfbz\xd5\xcc\xf6\xf8\xb4\
\x08\xfa\x8a\x99i\xf02\x0a\xf9\xdaR\x87m\x956\xbf\
\x0e\xe1\xe0n\xdb\xb6\xdb\xed\xfe\xd9\xfe\xf1\x8f\xbf\xdb?\
\xfe\xf1w\xfb\xfb\xdf\xffn\x7f\xfc\xf1O\xbb\xdd>\xdb\
\xb6m'\xeb\xc2_\x89\x00\x10\x00\x00\x00\xbf\x05\x82?\
\x00\xc0\xb7\x90{\xc8\xf5\x9er\xb3\xe7\xbd\xdf\xcez\xc7\
\x9d\xaf\xa7\xfb\x9a@\xd0\xc3>\x8b\x90\xcf\xbf\x9dl2\
B\xc2g\x8e\xdb\xca\xc7\xbd\xef\xd5\xb6m\xb3\x7f\xfe\xf3\
\x9f\xf6\xf7\xbf\xff?\xf6\xf7\xbf\xff?\xf6\xcf\x7fz\x08\
x\xbf\xdf\x0f\xb7\x0e\xe3\xafC\x00\x08\x00\x00\x80\x97F\
\xf0\x07\x00\xf8\xd6\xe6\x00\xb0\xd6:e~c\xcf\xba\xec\
qhx\xf4\xa5rs(xV\xde\x83?=\xc7o\
\xde\xaf\xd2\x02\xc235\x9e\x178\xefs\x89\x99u\xf7\
\xde\x8f\xdb\xb6\xd9\xe7\xcf\x9f\xed\xef\x7f\xff{\x0a\x01o\
\xf4\x04\xfc\x89\x10\x00\x02\x00\x00\xe0e\x11\xfc\x01\x00\xbe\
\xa59\xf4\x9b\x83\xb1/t\xfc{\x1a\x86\x9d\xf5\x0a\xfc\
W<\xd9T\xc8\xb7\x03\x9f\x9bw\xa9F\x22\xd8\x8e{\
\xe8\x0d\xb8\xdb\xedv\xb3\x7f\xfe\xe3\x1f\xf6\xcf\x7f\xfc\xdd\
\xfe\xf8\xe3\x1f\x84\x80?\x11\x02@\x00\x00\x00\xbc\x1cz\
\xfd\x01\x00\xbe\x97\x87a\x96\xde\xae[\xad\x87kS\x80\
\x96C\xbe\xb6\x9e\xeaO\x0c\xccO\x0d|\xb8\x8d\x13\xbd\
\xac6\xee\xc3\x1c\xde\xd9\x10\x0a\xfa\xfe\xe9e\x1d9\xc8\
<\x84\x9a\x93\xaa2\xf9\xfb\x14\x02\xfe\xe3\x1f\xff\xb0\x7f\
\xfc\xe3\x1f\xf6\xcf\x7f\xfe\xd3\xee\xb7\xcf\xb6\xef\x84\x80\x7f\
5\x02@\x00\x00\x00\xbc\x0c\x82?\x00\xc0\xf7\x92\x83\xae\
\xa7!YQ\xd2\x16\x91\xdeI\x10gC\x188\x168\
[\xef<-\x8f\x8f=\x07k{\xf9G\x0f\xf4\xe6\xe7\
\xf0\xa9|\xb5Z\xfb\xcbK\xf2z\xf4\xdd\xe7\x9d\xecO\
\xaa\x0f\x95k/D\xa9\xd5\xee\xf7\xbb\xfd\xf1\x8f\x7f\xd8\
?\xff\xf9w\xfb\xe7\x1f~;\xf0\xbe\xcf\xfb\x81\x1f\x89\
\x00\x10\x00\x00\x00\xbf<\x82?\x00\xc0\x8f\xf2(\x04<\
\xc6dzV^\x1f\x9f\x83<\xf3\x18\xaew\xdc\xf3~\
ys\x91)\x90\xfbZ9\xd8\xd37m\xd0\x87\xaf\xb9\
\xfd\xb8\x05\x86>r\x1a\x04n\xfbn\xb7m\xb3?\xfe\
\xf9O\xfb\xe7?\xffa\x7f\xfc\xf1\x07!\xe0_\xac\xfc\
\xe7\x7f\xfd\xf7\x9f\xb9z\x00\x00\x00\x80\xbf\x1c\xa1\x1f\x80\
\x9f\xcdY@3\x84D'\xf3\xcf<\x0adN\xa7\x97\
\xf3\xd0\x08\xdfN\x0e\xfc\xf6}o\xbd\xdd\x862\xf1\xd9\
\xfb\xd7\xa93\xe0\xf3\xf3\x7f\x98_|\xe1\x16\x0c\xa62\
g\x9f\xe34\xf5\xfe\xcbe,\xa6\xf9\xf4\xfe=O;\
\xbf\x0d\xd8{\x08F\xcf\xbe8\xe6\xea+o\xfbXO\
\xf6K\xb7\x16_.\xab\xbd\xbd\xbd\xd9\xc7\x8f\x7f\xb3O\
\x9f>\xd9\xc7\x8f\x9f\xecz\xbd\x9e_\xc7\xf8\xae\x08\x00\
\x01\x00\x00\xf0\xcb!\xf8\x03\xf03P\xd8\x91\xbf\x7f\xe9\
S=\xa0\xf4\xdc\xb5\xf7Ry\x05'\xf9\xf3\xd1\xf7\xfc\
\x89\x7f\x8d\x82\xaf\x1c\xfe\xcd\xe7\xcf\xa3\xb0bE\xe1\xdd\
\x03\xf3ry\xda\xb3\xd0\xeflZ\xde\x8f\xfc\x96\xdf\xfa\
0\x00\x1c\x97\xf3r\x9a\x7f\x5c\xef\xb3\x00\xb0\xb6\x90\xb2\
\x1fm\xdeW+\xc5\xd6e\xb1\xebe\xb5\xeb\xdb\x07\xfb\
\xf4\xe9o\xf6\xe9\xd3\xdf\xec\xe3\xc7\x8f\xb6\xae+\xd7\xe6\
\x0f\xb6\xfe\x8f\xff\xf8\x9f\xffk\x9e\x08\x00\x00\x00\xfc\xac\
\x08\xff\x00\xfc\x95\xce\x02\x98\xf6\xec\xb3\x08\x87\x9e\x8d\xe7\
\xe9=d\x19\xc3\xa5\xb3a\xdb\xb6\xc3\xe7<m\x1e\xf2\
\xba\x85\xd0\xe5\xcf\xcbu\x99\xeb\xb4\x8b\xd0u\x9e\x1cj\
\x0ap\xe7\xe9\xf9\xf3K\xe6r\xa5\x8c\xe3\xc7\xd5\xcc\xf3\
\xe7\x02\xe35r6\xbf\x7fM/\xffH\xd3\xf3Qi\
\xf9\x92jD%\x97e\x89a\xb5e\xe1\xa9t?\x12\
=\x00\x01\x00\x00\xf0K \xf8\x03\xf0W\x99\x03\x9a\x1c\
\xac\xcd\xa1\x90\xbe\xef\xef\xec\xe9\xf7l\x9e=\x98\x7f6\
-\x9b{\x04.\xcb\xd2>\xf3\xf7\xb30\x0aG\xd5\xcc\
\xea\xbe[\xdd\xab\xed\xa97\x5c\x9b_\xab\xdf\xb5\xabz\
\xaf\x9e|\xcd\xe7\xa9F\x00\x98\xa7\xe7k'{6}\
\x9c\xa7[\x91\xb5\xdey\xfe\xf1\xba\xcd\xdfk\xf4\xfa\xf3\
\xde\x83%\xf5\x06<\x06\xd4yP\xc0\x9c\xd7\x9f\xd7\xab\
\xe3\xd4\xb5\xb6\xae\xab]\xafW\xfb\xf8\xf1c\xf4\x02\xfc\
dooo\x84\x80?\x10\x01 \x00\x00\x00~j\x04\
\x7f\x00\xfe\x0ag\xa1\xc6\xd9`\x11\xf6\xcd\xa1\x87\xe6\xcd\
\x81\xcf\xecl\xde<m\x1e\xff\x9ai\x96\x82\xc0\x1c\x02\
*\x94Q\x10H\x18\xf8X\x8d7\xdb\xee\xdb\xe6\xdf\xa7\
\x17Y\xd4Z\xadX\xb1\x1a=\xf1J-\x87[\x80\xe7\
ss6\xaeke\x9e\xa7\xf9\x9a\xde?\xfb\xf3\xfe\xfa\
x\x9e\xdf?\x1fM\xabC\x00h\x87\xdb\x85k:\xde\
yZ^\xaf\xd5j\xf6`\xffu\xdd].\x17\xfb\xf0\
\xf6f\x1f\xe3Y\x80<\x0f\xf0\xc7\x22\x00\x04\x00\x00\xc0\
O\x89\xe0\x0f\xc0_\xe1\x18\x90\x8c\xc3<//\xf3,\
\xec\xab\xe9\xf6\xcf\xb32g\xd3$\xcf;+\xf7l~\
\x1e\xd7\xf6[\x10\xb8z\x08\xb8.\xab-\xebbK\xf1\
`\x10\xa3zr;\xf7\xec\xe9\xf9}\xf2L\xc0\xb3s\
7/?O\xf7O\x0f\xed|R\x9f>\x97=\x9b>\
\x7f\xf7!\x97\xcd\xe1^\x89\x00\xf0\xf8[\x98C\xc0\x12\
{\xa2qQ\xc0\xbc\xae\xab]/\x17{\xfb\xf0\xa1\xbd\
\x14\xe4\xc3\x87\x0fv\xb9\x5c\x86\xf2\xf8>\x08\x00\x01\x00\
\x00\xf0S!\xf8\x03\xf0\xa3\xe5@D\x9f\x8f\x06\x8b\x1e\
\x7f\x0f\xc3\x9e\xc9\xb3\xf9\xcf\xe6\xd9\x83\xf9\xf3\xb4<~\
v\x1c\x8f\xb4^\x81K\xb1\xa5D\x10\x98\x06\x82\xc0n\
\x0e\xff\xe6\xfaU\xf0;_\x13\xaa\xfd\xf2\xe0\x5c\xcc\xd3\
\xe6\xf5>\xfa\xde\xf7A\xc1]\x1e?\xbf\x06\xe6e\x8f\
\xe3f~\x0b\xf0~\x08\x00k\xf5c\xcf\xe55\x9e\xa7\
\xcb\xfc]\xf5\xa2k\xcbo\x05\xf6\x1e\x80\x9f>}\xb4\
\xeb\xf5\xcd\xd6um\xcb\xe0\xfb\xe0\x17\x0d\x00\x00\x80\x9f\
\xc2\xff\xfd?\xff\x9b\xf0\x0f\xc0\x0f\x93\x83\x8c<\xe8\xe5\
\x1a\xf9%\x1bg\xe1\x8f\xd6\xf1\xc8\x5cv\xf6h\x9e\x96\
\xd3\xfcg\xeb9+3\x7f\xe6\xf9\xf3\xb0\xef\xbb\xddo\
w\xbb\xddn\xf6\xf9\xf3g\xfb\xe7?\xffi\x7f\xfc\xf1\
\x87}\xfe\xfc\xd9\xee\xf7\xfb\xc3\xed\xfeN\xe6:\x98\xc7\
\xf3\xed\xab\xf3<i\xd3S@\xf8\xa8\xec#sy_\
\xd5\xf7\xbeu\xd6\x9f\x09x\xb6\xabs\xe8\x99\xeb!S\
9]o\xfa\x8d}\xfe\xfc\xd9n7\xae\xb5\x1f\x89\x00\
\x10\x00\x00\x00\x7f9\x82?\x00?B\x0e\x22r 1\
\x07\x809\xf0\xd3\xf7\xbc\xbcB\x8d\x99\xe6\x9f\xcd\xb3/\
\xcc\x7f4]\xe6\xf9\xcf\xca>\x92\xb7?\x87\x9a:v\
\x85\x81\x1e\xd0\xdcl\x8b\xe7\xde\xfd\xee\xe6\xfa\xb7\x14z\
U\xab-\x8b\x9b\xcb\x8c|\x9ez_\x0esN\x96\xab\
\xb5*3<\xf0\xe2~k\xee{\xe5m\xcc\xdb?W\
\x87}\x9e\x9d\x85\x9f\xf3q\xe41]gu\xdfm\xdf\
\xfdZ\xbb\xddnv\xbf\xdfl\xdb\x08\x01\xbf7\x02@\
\x00\x00\x00\xfce\xe8\xf5\x07\xe0{\xcb\xa1\x97\x02\x88y\
\xc8=\xfeZH\x91\x02\x9f9\xfcx\x14T<\xeb\x0d\
\xf5h\x99g\xe6e\xe6c\xc9\xfb8\x7f\xcf\xcb\xcc\xce\
\x96\xcduq\xbb\xdd\xec\x8f\x14\x02\xaa>~W\xb5\xd6\
\x1e\xf2\x1dOm(\x87y*^J\xcc\x8b*\xccu\
\xaf\xf1\xb3\xef]\xb5Rj_A\xd3\xb60L=_\
\xc7h.\xe3\x97\xecq\x1b\xa5\xb4\x8e\x8b\xef\xd2~\x03\
\xf3\x8ct\xdc\xdb\xbe\xdb\xbem\xb6\xdd\xbd\xf7\xe9\xedv\
\xb7\xdb\x8d\x00\xf0{#\x00\x04\x00\x00\xc0\x0fG\xf0\x07\
\xe0{\xcb!W\x0e\xb8\xceB?Ko\xf2U\x081\
\x872\x8f\xc2\x89y;\x9a\xf6^g\xeb\x9e\xd7uV\
\xe6\x91G\xe5\x1e\xed[\xdd\xab\xd5}\x0c=k\xf57\
\xde\xde[@\xf3\xfb\x86\x80\xb9\xee\xf7Z\xe7|\xcc\xcc\
\xfc\xad\xbf\xc3\xf8Y\xfcu\xb2\xdc\x97xOS\x1b\xe2\
4\x9d\x02\x0f\xdaN\xb6\xf3Ng!\xf5\x99G\xd7\xde\
Y/F\x19\xa6\xd6\x1a\x11e\xbf\xfe\xf6}\xb7\xfb\xb6\
\xd9}\xdb\xecv\xfbl\xf7\xfbgz\x01\xfe\x00\x04\x80\
\x00\x00\x00\xf8a\x08\xfe\x00|o9\xc4ja\xd6I\
\xaf?\x0d\x9a\x9f\x97\xb7\x16\xbe\x9c\x87\x1f\x96\x82\x983\
\xf3\xf6\x1f\xafc\x0a\xe3\xa6\xb2\x8f\xe6k\xfa<nS\
\xb0\x93\xcb\xcd\x9f}\xf0\x97>X\xd5\xad\x99c\xbd\xa8\
G\xe0\xedv;\xec\xcf\xab\x9b\xeb\xebL5O\xbcZ\
\xbf\xb7bV\xcbx\x0e\xe7e\x1f\x05gGy=Z\
\xe6\xcb\xeb\xd2\xb4y\xbb\x8f\xa6\x99\xd9\xd3\xeb9{\x16\
\xfce\xd5\xfaJ\xfd\x0d\xc8>\xe8\xba\xd2\xb5\xb5\xef\xbb\
\xddnw\xbb\xdf7\xbb\xdf}\x1c\xdf\x07\x01 \x00\x00\
\x00~\x08\x82?\x00\xdf\xd3\x18jU\xdbO\x82\xbf\xf9\
\xf9~\xf3\xb2\x8f\xc6\x8f\xfc\x96\xccGe\xce\x02\x92g\
\xeb\x9f\xc7gy\xfe\xa3\xb2\x9a>\x97;\x1f\xd7w\xf5\
\xfa\xdbm\xd7\xfc\xdd\x03A\xd5\xd70\xdc\xef\xbf]@\
\xd3\xea\xfaX\xe5\xc1o\x0fV\xbd\xfa\x14\xb3Z\xfc\xf3\
\xd1\xb5p6}T[(W\xeb\xf16\xdc|^s\
\xb8\x96\xe7\xcde\xedi8x~]\xbd\xc7\x1c\x0a\xb6\
\xb5\x14\xf5\x85\xf4\x08P\xdf\xaa\x8d\xbf\xcd-z\x9bz\
/@\x9e9\xf9\xbd\x10\x00\x02\x00\x00\xe0\xbb\xa2\xd7\x1f\
\x80\xefE\x81\x96\x06\x05{\xdb\xbe\xdb\xbe\x1f\xdf\xe4\xab\
r\xf3:\x1e\x87\x22\xdd\xb8\xad\xb1\xec\xbc\x1f\xf3z4\
\x9e\xe7\x9d\x95=[\xc7\x5c>\x97}d\x9e\xe7\xcb\xee\
f\xe6\xe1^\xff\x1eAi\x1c\xcf\x1e\x81\xe0\xbe\x8f\xfb\
\xb1\xef\xbb\xdf\x0e\x1c\x01\xe0\xbc\xfeW\xa7\xe3M\x1d\xfb\
\x9a\x12\xff\xc8P$\x87vE\xa1\xe0\xf1\xbc\xcaX\xaf\
ya\xbf\xe6\xf4\xdd_\xfe\x91\xc5\xfe\xcd)\xe1\x17\x1c\
\xcf\xe3<>:[\xbf\xa6\xcd!`VJ\x1c\xbfY\
\x1cK\xbf\xae\x14\xfe\xe9\x8d\xc0\xb7\xdb\xe7v[>\xbe\
-\x02@\x00\x00\x00|\x17\x04\x7f\x00\xbe\x17\x05\x08\xfa\
>\xf7&\xda\xb6\xfb\x10\xfc\x9d\x85Vy\x1d\xcf\x9c\x97\
\xabC\x90q\x16|\x1c\x97\x19\xcd\xcb\x8cAP\xdf\xee\
\xf9\xf6G\xe3\xb2\xbd^\x8e\xf3\xcc\xcc\x8a\xd5\xea\x83\xc2\
$\x85\x82\xb5\xf6\xdely\x18{i\xfd\x1e\xcfi\x9b\
\xeb\xfd\xd91\xe7y\xa7\xcf\xff\x1b\xf4\xa0\xacN\xd7\xc1\
xM\xf85f\xed\x05 \x16\xa1`\x99\xa2\x9c\xaf\xdf\
G\x99\xaf\xc1/\x99\xeb$\x1b\xea\xa0\xd4HK\xf7c\
jZ\xfdB\xd4\xba\xf4{\xf5\x10\xd0\x03\xc0\xfb\xdd\x9f\
9\x89o\x8b\x00\x10\x00\x00\x00\xdf\x1c\xc1\x1f\x80\xef\xe1\
Q0\x95\xc3>\x1f\xef\xb7\xb4>Z~\x9e>;+\
\xa7\xe9\xb3y\x9a\xc6\xcf\xd6q\x9cV\xd3\xad\xb8\x9a\xb7\
\xc7\xf4\xe3\xb6\xec\xa4\x1e\xf2\xf4\xb3\xf9>\x9c\x95\xd1g\
\xbf\x15\xf8\xf8\xdd\x87\x5c\xd7\xbf\xd3m\x9a_:\xce\x1a\
\x01\xb0\x87i\x1e\xaa\x16\xb3\x96\xdf\xb5\x9b_\xdbj\xfa\
9{\x14\xbf\xf5\xf3\xa5\x12\x8fJ\xbeO\xee\x9d\xf7\xa5\
\xe3\xf9\x92/\xf7\xf8\x8b\xb7%\xb7Oe~Q!i\
\x11]\x9bcO@\x7f\xde$/\x04\xf9\xb6j\xad\x04\
\x80\x00\x00\x00\xf8v\xe8\xf5\x07\xe0{PP\x90\x879\
\x90\xca\xc1T\x0b`\xb4\xac\xc7.\xd3Z;\xcd\xc9\xeb\
\x9f\x0d\xd3\xab\xf9\xfd\x9c\x9a7\xf5\x9a\xcb4>\xcf\x1b\
\xcb\x8f\xc3q\xda\xb8\xaea<\xd7\x8bY\xdc\xde;n\
S\xeb\xf3\xf2\xe3>\xcdo\x7f\xf0y)\xfcS\xef\xc9\
\xa8s\x0fg~\x8f\x00\xd0\xeb\xd4\xff\x99\x83\xabY\xab\
\xcb8e\x8a\x03s\x8f\xc0R\x9f\xf7\x10\xd4z\xc7p\
Mk\x9a\xb7\xeb/\xa9\xe9e\xde\xd7\xa3/\x07x\xef\
U\xe2\x858g\xb4\xaf\xc3z\xa7\xe3T=\xc4Q\xb4\
\x80\xb0\x9e\xf4\xde\xd5\xb3\x00\xf5\xe6i\xfcy\xfa\xedk\
 \x00\x04\x00\x00\xc0\xbf\x8c\xe0\x0f\xc0\xf70\x07k\xb5\
\xdd2\xf8\xe5g\xfb)\xd8\xf2\xd8\xe1<\xbc\xb0\xd8F\
li\x9ee\x96\x1a\xd1\xe3\xb4\xbe\xc6\xbe\xdcqy-\
\x97\x97\x9f\xa7)7RL\xa2\xef\xbaMW\x8b\xce\xcb\
i\x89!\x1cJ=\xf8\xba\x1a\xd3\xcc\xac\x96\xa1\xb7a\
\x99\xf6\xd9\xd7\xd1\x87\xf6u\xcf\xcf\x07\xf4\xe7\x01n\xbf\
K8\xa3L/\x9d\xf3\xdc\x9bN\xe1\xd8\xa3\x1eq\xf3\
\xb5#)?n\xc6\xe5k\x1b\xb4\x8ey\xf5\xbe\xcd\xa5\
];\x8f<\xda\x873\xc3\xf55\x05{\xc7\xfd{ \
\xefNT\x9cg~ZF\xb7\x08\x9f\x87\x80\xb7\xdb\xcd\
\xaf1z\x01\xfe)\xfa}k\xd0\xdfK\x02@\x00\x00\
\x00\xfcK\x08\xfe\x00|\x0f\x1eFEcv\xea\xed\xe7\
\xe1\x80\x07\x80gr0s\xbc\x05sl \xa7\x9c\xe5\
|\xfe\x99\xd2\xcb\x0c\x13\xcd\xda\xca\xe6e\xf3\xf8<O\
\xd3\xe62\xca[\xbcW\xdf\xc8\x8f\xcdZH\xea\xd34\
\xa4 \xb0\x9a\xefS\xdd\xad\xc6\xad\xc5\xbd\x87\xdf\x18\x14\
\xb4u\xc6\xa7\xaf\xdd\x97\xd3m\xc0\x0ai\xf6\xfd\xb5{\
\x01\xf6:\xad\xd1s\xef\x18\xb1\x9d\x05~_\xa2\xf5\xf6\
|\xecKu8n\xc3\x9f\x07\xd8\x9f\x0b\xf8l\xf9\xa1\
W\xde;\xf6\xf7\x18\xf2uyz{\xc6_{\xd6\x9f\
\xa6\x8f\xbb[\xe6m\xe601\xfd^\xaaU\xdbw\xbf\
\xa6\xf6\xa9\x17\xe0\xc6\x0bA\xde\xed\xf0[\x8e\xf0O\xbf\
Y\x02@\x00\x00\x00\xfc)\xf4\xfa\x03\xf0=\xd4x3\
m\xcd\xcf\x06\xdb7\xbbow\xbbo\xfe\x16\xdaG\xd4\
\xe8\x9dC\x8c\x96\x83eS\xce\x91\x1b\xcd\xf3\xf2\xa2\xf9\
\xe3\xc41,\xf2\xc1\xdf\xb2\xab\xad\xe6\xf9\xc3\xa2)\xb8\
KS\xa7\xf2\xe9v\xdcZ#\xe0K\xdb\xdb\xd3\xfc\x14\
>\x8e\xcb\xa8\x07\x9f\x97\xf1\xe5Uz\xdc\xaf\x1a\xe1_\
\xf5\x0d\xb5\xe5\xb5\xddZ\xabm\xbb?g1/\xf7J\
r\xfd\xe6\xcfy\xfe<\xedl\xfa\xa3k\xc9\xa2\xee\x8f\
S\xf20\x9b\x12\xb6?\xe1\xd11\xbd\x97\x1fN1\xab\
K\xbc\xd6\xb8\xefO\xbf\xa2&*V\xcc\x96\xd2^\x07\
l\x16\xcb\xd4\xba\xd9\xaea\xf7\xdb\xce\xd5\x03p\xfb\xc2\
o\x1e\xae\xffN\xe3\xf7\xde\x82\xfa\xfeI\x00\x08\x00\x00\
\x80\xafB\xf0\x07\xe0{\xa8g\xc1_\xbc\x1dt\xbb\x8f\
\xbd\xcd\xbe\x14^\x9c\x871\xbdq\x1c\xa3\x0f\xcd\xcb>\
\x1e\x8f\xf5E\xe06\x86~\x1a\xc6\xfd\xceC^\xd78\
\xdd\x87Z\xa3'\xde\x90\xf9L\xc7\xa1[)M\xbd\xfc\
Z\xa9\xfe\xcf\xd96\xf4\xac\xc4\x93\x90\xaa\x95\x1b\xa7\xc6\
q\xfa\xb0\xef\xfe\xa2\x95WV\x87s\xdd\xcd\xf55\x8f\
\x9f\x19z\xe1E\x086\xd5\xfa\xf4\xbd\x87}}\xfd*\
3\x8f\xf7\xf3\x9b\x9d\x8d\xbfg_\xed\xc91\xf9*O\
\xe6\xc5a\x99\x9e\xf6\xa7\xce\xb5\xc5\xcc\xf4\x9c\xc0\x98\xde\
\xe7\xf7k\xd1\xda\xad\xc0\xde\x13p\xdb\xeev\xbb\xf9\xef\
\x9f\x00\xf0\xb1\xfc\x9bn\xbfK\xf5\x98\xde}\xd8\xe31\
\x09\x04\x80\x00\x00\x00x7\x82?\x00\xdf\xda\xd0x\xd5\
m\xbe\xf7c\xf0\xa7\xd0 /7\xafc\xd6\xa6\xd7c\
\x17@\x95\x7f\xb4\xac\xa5yez\x09B\xde\xe7\xbcb\
m\xea\xbd=\xb5\xf2>\xf8g\x1eb\xdd\xd3\xbe\x8f\xfb\
\xdaCS\x85s\xb1\x03\x91\xbeT\xb3\xb8}8/\xa7\
pg>\xa6gjU\x98\xb8\xdb\xbe\xed\xb6o\x9b\xd5\
\x17\x0df\xda\xb9}G\x9d\xe8\xb3\xcc\xb7\xcf\x96\xd2.\
\x819L;\x1f\x1b\xb7U\xebq9\x1b\xc2\x5c\x1f\xef\
\xa1\xf31\xdc\x9b\xc7\x9f\xc9e\x9f-w6\xaf\x85{\
\xedh\xfc\xd8\x8feu\x8cE\xefJ\xf6i\xd5\x9f3\
Yk\xb5\xadz\x8f\xdfm\xdb[\x0f@\x7f\x16\xe0k\
^k\x7f\x96\xae\xd1:\xfd\x87\x93<\xd4\xbdZ\xdd\xfb\
5J\x00\x08\x00\x00\x80/\xa2\xd7\x1f\x80omh\xc0\
\x9e\xbc\xd1w\x0e\xa4r\xf9\x1c`\xcd\xe5\xa4zW\xa3\
9m\x19\xe4u\xcd\xf2z\x1f}\xcf|\xb2o0\x17\
y\x5c\xbe7\xcc\xd3\xd44?\x97\xd1\xb1nQ\xc6\x83\
\xb8\x1c\x8a\xb4\xf5x\xe16\xd4\xc36\x8e\xce\x8e\xef\xac\
n}{\xd5\xcc\x9e\xbc|\xe5\x17\xf7\xec\xf8\xb3\xfa\xe4\
\xdai\xda)y\xbc.\xadB\xa7,;.S\xe2\xdc\
\xf7\xeb\x22\x9b\xcb\xcf\xe3\xcf<+{v\x9c\x0a<\xc7\
y\xf1B\x92\xf9\xad\xc0Y)\xad\xd7\xaaE\x0c\xa8\xb1\
\x1e^\xf5g\x01\xaa\x17\xe0\xb6\x11\x00\xdat-\xe9\xbb\
\x9e\x91z\x08\x00\xa7sJ\x00\x08\x00\x00\x80\x87\x08\xfe\
\x00|\x0fj\xb8*\xf8\xf3\x87\xfe\x7f\xf9\xc5\x1eg\xdf\
g\xb5\xaa\xc7\xdc\xfc\x8e\xdbs\xf3\xbaN\x1b\xd8i\x18\
\xd5\x14\xdc\xd4\xa17\xd6P\xead\x9d\xfa>O\x9b\x97\
\xaf\xf1\xf0\xb4\xbe\x0f\x0a\xfeb\x99\xbcl^\xdfa/\
\xde\xaf>\x08\xb7J\xf1p\xb3V\x0fk\x8e\xf5\xf1z\
\xeaI\xcf:;\x0b\xb6B\x0f\xc5\xfa-\xd4\x8f\xca\x9e\
\xf3kj\x98\xd2\xcek\x9b2]#\xcf\xcf\x83\xe6\x7f\
\xdd~\xb8\xbc\xcc\xc3PO\xc7}\x92\xb8\x8f\xfb\xe6\xf3\
<\x9c\x8fc\x8a\xc9\xba\x1dX\xbd\xd6\xb6x\xe9L\x7f\
\x0e\xe0\xf1?\x0a\xfcn\xf2\xdf\x8b\x1c\xf4\xe5\xf0o\xdb\
w\xdb\xeb\xdeNC\xbe\x91\x9f\x00\x10\x00\x00\x00\xa7\x08\
\xfe\x00|k\xb9\xe1\xba\xc5\x83\xfe\x15\xfc=k\xdc?\
\x9bg1?\x97\xa9\xa6\x1ep=4\xc9\x8d\xe7y}\
\x9a6O\x9f\x03\x8f\xe3:\x14vTE\x19\xe9\xc5\x1b\
9 ;\xee\x7f\x7fI\xc7\xd6\x82\xc3\xbe\x1f\xe3\x0bD\
\xfa\xb6|\xa8C\xef\xc0v\x80}\xf9<=\xf1\xbd\x8c\
z\x19\xd6\x1d\xf3O\xbe\xe72\xfe9\x8f\xbf\x96\x16D\
\xe9\xb8S]?\xe2\xc1\xe8\xc9\xf5s\xf8\xe2r(\xa3\
e\xfc\x12\xabV\xab\xbe\xcf\xe7\xc7\xeb\xbe_\x07R\x86\
hg>7\xf9s\xde\xbf<>_\xeb\xb3<}^\
\xcf\xbcl\x8e\xde=\x18\xcct\xbc'\xdb\x89k\x7f\xdf\
7\xab\x9b\xbf\x0c$\xff\x07\x82G\xffq\xe0\xd5\xe5\xeb\
Q\xc3Yo\xbf\xf9\xbc\xb8^\xcf\x04\x80\x00\x00\x00\x18\
\xd0\xeb\x0f\xc0\xb767\x5c\xf5\x9c\xbf/\x05\x7fv\x12\
6d\x9a7\x07tR\xcc;\x1ai\xfa<\xff\xbd\xf2\
r\xe3\xf7\xfeYki\xbd\xf5\x5c\x0eLz\x1d\xe4\xa0\
\xaf\x87|\xe3m\xc3\xe7\x8e!\xc00\xc4\xda\xaa\xa5\x1d\
;P\xf8\x17\xdb\xcds\xa6\xf5\xcd4\xad\xef\xf7\xb1\xcc\
\xaf\xae\xd6\x1e\x8e\x9e:\xcd\xac\xbc\xbe\xf25\xa8\xf5\xf4\
2\xe7\xcb\x8a/\xe3\xdfK\xf1\xeba\xa6z\x1f\xcfM\
\xbf\x8e\xc6k/\xe6>8\x8fy\xfaY\x199\x0b\xe9\
\xcat\xdb\xefY\x99y?LO\x08,q\x80g\xe2\
\x92\xaa\xb5\xda\xbe\xfb[\xab\xb7\xd4\xc3\xed\xd1\xa3\x01^\
\x9d\x8eW\xe7m\x08\xfcR\xf0\xa7r\xc5z]\xc6\x82\
m\x1e\x01 \x00\x00\x00\x1a\x82?\x00\xdfRn\x9c\xce\
\x0d\xf9/\xf5\xe6\x99\x83\x8a\xac5v\x1f\xf4\xbc\xcar\
o\xab\xd9\xd9\xb2y\x9f\xf3\xbc\xb9\x9c\xa6\x9dM\x97>\
\xbf\x9a\x99z\xfc\x8d\xb7\xf0\xf6\xc5U\xce'\xd4\xe8\xbd\
\xd8\xf7E\xcb\x8e\xfb\x98{\xfe\xf9Z\xd2\xed\xbfZ\x89\
\xf6?\xef\xeatl\xf98\xceB\x9d\x1a\xe7P\xfb\xdc\
\x8f\xeb\xb5\xd4\xea\xc1\x8a\x9d\x1c\xdd<n\xa9\xaer\xfd\
e:+Z\xf8\xbcTV\xfc,\xa6\xf36\x9co\xcb\
\xd7B\xff\xde\xa7\xeb<\xf5p(\xf7\x10\x9b\x87\xb3m\
\xf4\xed\x8c\xd7\xc8\xec,\x08\xf4\xcfbV\xfb\x8bA\xcc\
\xe2\xc0c\x15\xfa\xdd\xb6Y\xd5\xafZ\x15\xd9\xa3\x17\xe0\
^7\x0f\x027\x7f+\xb0\xbf!\xf8\xf9\xdf\x8dW\xf2\
\xe8\xfc(\x04T@z\xb6\xcc\xfc\xdd\xcc\xac\xfc\xe7\x7f\
\xfd\xf7\xf1,\x02\x00\x00\xe0\xb7B\xf0\x07\xe0[{\xd4\
h\x9d\x1b\xac*;\x87\x02\x91\x83\x0c\xe6\x06\xed\x99\xbe\
\xae6e,\x90\xcc\xeb\x9b\xc7\x1fM\xb3\xc3\xf4\x1a\xdb\
S\x84\xa1PH\xf3\x8f/\xeb\x98\xd7[\xabY)Z\
O\x9f\x16\xdfRy\xd5SZ\x8f\xd6\xe9%{\xd0\xd2\
\x96\x9e\xb6\x97\xf6!\xcfS\xdd\x95RlY\x96\xa1\xb7\
\x97\xca,\xcbb\xcb\xb2\xda\xf5z\xb5\x7f\xfb\xb7\x7f\xb3\
\x0f\x1f>\x9e\x06\x86\xbf\x9a:_\xab\xba\x85;\xaa\xad\
\x9aWh<\xba\xae/\xe7\x0b\x8f\x13\x936\xa7\x9d#\
?\xc7\xa5]3\xda\xf6\x1eg\xec\x18\xb2z\xb9~\x0d\
\xe4\xe9~\x0e}?\xfb\xf7\xdd\xaa\x95\xf6\x06\xd8te\
\x98\xb5\x80\xcf'k\x7f\x5c\x9ck\x95\xd7\xf6\xe2\xf2U\
\xfd\xe8\xbb\xe4iy\xf05i\xe1\xb6\x07\x83\xbc\x9eb\
fz\x81\xc8\xba\xaev\xb9\x5c\xedz\xbd\xda\xf5r\xb5\
\xb7\xb7\x0f\xf6\xf1\xe3'\xfb\xf0\xe1\xa3].\x97\x97\xb8\
\xe6\x9ei\xf5hv\xe8\xe97\xd6\xf1q\xb9G\xdf\xe9\
\x01\x08\x00\x00\xf0\x9b#\xfc\x03\xf0-\xcd\x0dT\xf5\xfc\
S/\xa4\x99\xa6\xd5Z\xbd\xc7\x90w\x1eJ\xc9\xc9\x18\
<<\x92\xcb\xf8\xa7\x86\xbe\xaay\xdf|^\xfc\x93\x9e\
\xd9\xf7\xa5\xed\xcd\xf3\xfa\xf6\xda\x94\xf4\x1c\xbfG\xeb\x8c\
\x9eR\x11\xe8\xf9\xad\x9f\xf1\x16U\xad3\x86\xb1\x07\xd7\
I\x18\xa0-\xd51\xfc\xd34m\xf7\xac|\x9e\x97\x9d\
\x85\x7f}\x9e\xc5\x1a^/\x84i\xc7\xaaJR\xcf6\
\x8b\xdb\xc9\xd3!G\xcd\xf5\x09\x13?\x1f)\xa0\xd5\xf9\
i\xe7i\xb7Z\xb7\xd4\xb3\xb3\xbf\xccA=\xfb|<\
\xbf\xe1u\xb3}\xbf\xdb}\xbb\xdb\xb6\xddl\xdbo\xfe\
\xa2\x8c]\xdfo>\xef\xae\xef7\xbb\xdfov\xbf\xdd\
\xec\xfe\xf9\xb3\x7f\xbf\xdf\xedv\xbf\xd9\xed\xfe\xd9n\xb7\
>\xdc\xef\x9f\xed\xbe\xf9rz\xf9\xc6\xb6\xddmo\xfb\
x\xfe\xfb\xb1\x12\xc1\xa3Y\xba\xae\xa3\xc2\xda\xf7\x93\x9e\
\xa5\xb5\x0e\x81jm\xff\xeauW\xab\x87\xb1\xfe\x1c@\
\xdf/\xffm\xbd&\xbf<R=O\xe1\xdf\x9e\xfe\x1e\
\xcc\xf59\xffN\xcd\xbc\xde\xdb\x99\xa1\x07 \x00\x00\xc0\
\xef\x89\xe0\x0f\xc0\xb76\x07\x04=\xccH\x01\xc8\x89y\
z\x8a\x0d\xfa\xb4w.\x9b\xe5P\xa2Le\x8f\xcb\xed\
\xa7\xcf^s5\xf5\x92:\x9b\xe6\x01\x8eYI\xbd\xf8\
\xf2Q\x1c\x83\xb6\xbe\xad\xda\xca\xf6\xf5\xa9G\x97\xf9\xba\
\xd3\xf2\xad\xc4q\x87\xfa\xb4\xeao\x92xv\xbc:G\
y^\xee\xfd\xa7\x1e\x80*W#p\xd0\xbc\xeb\xf5j\
\xff\xfe\xef\xff\x1f{{\xfbp\x08\x22~5:~]\
\xab9p\xfd\x92\x1a\xe7jvV\xf7\x0a\xae\xfa\xbc\xfc\
{\xb1\xe8\xb9\xd7\xcf\xcda\x88\xde\x81f}\x1f\xc7\xf5\
{\xb9}\xdf\xcd\xc33\xad\xb7\xafC\xf6\xaa\xe0\xdbC\
\xb8\x1a\x01].3*\x9e\x85V\x05\xc3\xf9\x9ck\xfb\
}\xbc\xd6\xd8\x9f\xe8\x01\xe8\x01w\x5c\xd7*\xdfz(\
\xfa\xb4bf\xa5,V\x16\xbf\xce.\xeb\xc5.\xd7\x8b\
].\x17\xbb\xacW\xbb^\xdf^\xba\x17\xe0|\x1e\xe7\
a\xdf\xfd\xfa\xd0\xdf\xb2|\xbe\xce\xce\x9b\xd7\x7f\xbf>\
\xd7\xff\xf1\x1f\xff\xf3\x7f\xcd\x85\x00\x00\x00\xf0\xda\x08\xff\
\x00|ksC5\x87)\xcf\x83\x85\x94%\xa8\xb3P\
M\xafB}\xd2\xb8\xfdb\x00p\x5c\xcc\xecd}>\
^\x86\xb7\xf1\xa6\xb91\x94\x98\x97\xa7\xf9\xd0\xa7\xe5}\
\xf6\xf2y'\xb4\xdaj\xde\xe3\xaf\x8d\xb5\xed\x9d\x85v\
\xb9w\xd5Hup\x5c\xe6\xb9G\xe5\x15\x00j\xe8\x87\
S\xcd\x8a\xc7\xa8=\x04\x5c\xed\xed\xed\xcd\xd6\xf55\x82\
\x98z\x12\x92\xcdj\xf5\x90\xca\xcc\xacz\xa2\xd5\xe7\xe9\
\xdf:\xc7m^\xbf>\xf2\xf3\xfa\xac\xfa[n\xdb6\
k\x9f\xbf\xef>\xaf\xf7\xfa\xdbm\xdf6\xdb\xb7{|\
\xee\xb6\xa9W`\xbc-7\x97U\x8f\xdby=u\xea\
\x91\xbb\xef\xbb\xd9>\x05L'\xa1\xd3\xbemm{u\
\xd7\xed\xd1\xea\x15\xe8\x01\xb5\xffO\xd7\xabng\x96\x08\
\xf7\xa2\x1e|R\xaf\x1fKo\x0a.\xa9\xa7\xe0R\x8a\
-e\xb1b\xab\x07\x83q\xed\xad\xab\x0f\xa5\xbc\xceM\
\xad\xba^\xe6\xba\xcf\xe3\xd9\xfc\xbb\x7f\xa4\x95\xa8\x95\x1e\
\x80\x00\x00\x00\xbf\x13\x82?\x00\xdfZn\xb8\xe6\x10\xa2\
\xd6\x88\xadN\x1a\xa9yz\xcb\xc9Z\xf8\xe7\xe3\x8fB\
/K\xdb|\xa8\x9a\xd5toa\xcf\x1a\xd2\xb4\x16D\
\xf4)6\x84q\x1e.\xd4\xba\xb7\xb0N\xb3\xbc\x8c\xca\
\xe5`0zI\xb5\xb2\xc7\x86\xbb\x87%\xf3\xbe\xd5X\
\x8f\xd6\x15=\x0aUG\xb1\xad\xc3\xba4?\x07\x81u\
\xec\xfd\xf7\xa8\x97P\x9dB\x05\x85~\xe3\xb3\xff\xd4\x83\
H\xe5\xbc\xf7\xdf\xe5\xe2\xbd\xb2\xfe\xed\xdf\xfe\xfdez\
\x00\xceaK\xd5\xf5\xeb\x05zY\xbf8\xbd\x8e\xad\x9a\
\x0d\xbd\xd8\xd29\x8b@O\xd7@;\xcf\xaa\xf7\x98_\
c\x91\xba\xef\xb6\xdbn{\xadf\xfbnu\xaf\xb6\xb5\
\xb2\xfeb\x0ck\xb7\x0a\xfby\xa9\xd6o\xa1\xdd\xdbv\
\xc6\xc1\xb7\xe3\x1b\x19\xa6\xe7c\xb1\xe9\xd6\xe6|\xbd\xd4\
z\xb8'\xbf,\xfe\x82\x8f\x16\x12Oo\x06\xb6\x08\xf2\
r\x08\xa8\xfd\xac1Y\xc7\xa5Z.\xa5\xc4\x1d\xc3\xc5\
\xd7_\x8a\xad\xcbj\xebz\xb1\xcb\xe5\x1a\xcf\x04\xbc\xd8\
\xf5z}\xa9^\x80C]\xc7\xe7\xd9\xb5h\xed\x0c\xe4\
\x8a\xf4/1{p8\xc7\x95\x1e\x80\x00\x00\x00\xbf\x0d\
\xc2?\x00\xdfZn\xa0\xce\xbd\x8c\xbc\xed\xff\xf5\x8ds\
\xc5N\x8f\xa8a\xdb\xc6\xdb2\xf1\x99\x1b\xcb-\xb7\xe8\
A\x87\x96*m\x9a\x1a\xd8%/\x10<\xd0;\xde\x1a\
\xac\xf1\xfc\x99\xcb\xf4ux@\xe1\xf3<\x10\xf2q_\
\xa7\xbe{`\xe2\xbb>6\xfa%\x8f\xcf\xf3\xbe\x96\xd6\
\xaf\xa0/\x0f\x0a\x00{a\xeb\xc7W\xaa\x95\xb8\x05x\
]W{{\xfb`\x97u\x1dzk\xfej\xe6\xban\
\xe3qRj\xf4^3S5\xf4\x87\xaa\x95\xf6\xaf9\
\xc8\x89\x9eq\xfa}\xb4\x9es\xd5{\xf0\xe9\xfb\xde\x7f\
7[\xebe\xb7\xd9\xb6\xf9\x1b^\xb7\xdd{\xd9\xf93\
\xf8\xe60(_\xd3\xe35k\xb1\x9b\xe3\x14/\xa5\xa1\
\x05\x82\xba\xde\xd2m\xc5m\x7f\xf4\xb6\xee\xdd{\x1a\xb6\
^\x87\xb1\x8f{\x8d7\xd1\xb6}\xcf\x7f\x0b6\xaf\xc3\
\xdd\x03\xaa\xf6\x9bN\xf5\x95\xaf\x1a=\xffS\xc1b\x1b\
\x22\x0c\x5c\x8a_wff\xcb\xe2/\x09\xd1\xed\xe8\xbf\
\xaa|\xcd<\x1d\xf4\xa7\xa2-\xd8\x97\xf7\xf3\x5c\x87\x02\
y\xbdm\x9a\xd1\x03\x10\x00\x00\xe0\xe5\x11\xfc\x01\xf8\xd6\
<0\x88\xcf\xd4\xebo\x8f\xdb}[\xb9!\xa4\x88i\
\xd5o'm\xd3S\xdb57X\xb3G\xd3\xcd|\xf9\
\xb3\xc0\xd0\xa7\xc5\x86\x0e\xb3=\xe8\x10\xff\xaa\x9dR\xe3\
Y\xd3,\xbdt\xe0\xb0\xa2h\x84/S/\x1c_O\
\x9e\xe6\xdf\xb5\xfeej\xa4\xab|\x9ev<\xee\xb3\xf1\
\x9a\xdfL\xab\xe5\x86R\xdd\xd9z\xe7\x00\xb0\xf5\xdc*\
v\xa8'3\xf3\x9eX\xeb\xd5\xaeoo\xf6\xb7\xbf\xfd\
\x9b\xbd]?\x0c\xf3\x7f55B\x96\xb9\xd7\x95\xf5\xb3\
\xe2\xcf\xc8\xb3|\x89h~|\xeeu\x0c\xfc\xe2\xfb\xdc\
\xebn\x8f\xdf\x8b\xaf\xa2\x9f\x8b\xda\xa6O\xc1\x8f\xced\
\xd5\xd5\x9c\x9f\x13\xe9\xb4K=@\xd6\xba\xa7^\xb8\xb5\
\x1e{\x09F\x10i\xf1\x1b\x1a\xf65\xd5\x87\x1fG\x94\
\xd9\xa3\x87\xa2\x8e=n\xd5\xad\xe9\x1a\xd2\x15\xb8\x94\xc5\
o\xe1U\x90g\xc5{\xf8\xb5\x9d\xf7o%\x82?[\
\xa2\x17`\x84~\x0a\xa4\xfd\x19\x80ov\xb9\x5cZO\
@\xef\x05\xf8\xc1.\x97\xeb\x18X\xff\x02\xe6so\xba\
\x86R\x08\xab\xe9m\x99\xb8\x02\x0e\x17@\xfb\xbb\xa1\xbf\
U}\xfe\xfc\x9d\x00\x10\x00\x00\xe0E\x11\xfc\x01\xf8\x1e\
Z@P\xf7\xd6\x83\xc9\xd4\xeb\xef\x89\xa11\x1a\x19A\
\x99\xa6\xcf\xea\xe1\x19ws\xa3x\xfe\x12\xa3*\xaf\xfc\
/=/\xd0\xe7\xf90o\xbb\x95Sp\x12+84\
\xa4\x0f\xed\xf025\xc05\xcc\x8d\xf0x\x19\xc90\xfd\
X\xf6\xd1gV\x15\x12\x14{\x10\x0ct\xf3\xfe\xcb\x1c\
\xfeY\xc9\xcf&<nW\x81\xcc\xf5\x12\x01\xe0\xa7\x7f\
\xb7\xeb\xf5m(\xf3+Q\x1d>\x1cT\x17\xd5\xff\xa5\
\xda(qM\xb5s`\xd5\xf6=\xf7\xd2\x8b[us\
\xa8\x98\xcf\xd9\xc9\xb9=\x9dgcx\xdd\x7f\x0b\x1e\xd4\
\xe6\xe0k\x0e\xc1|\x9bZ>\x02\xc0\xb6\x1f\xda/}\
*\xc4\xf4\xc1\x9f\xf1\xd7{\x03\xb6c\xa8\xb1\x9em\xf3\
\x9e\x7f\xed9\x86\xc3n\x9a\xb5Po\xb1e\xeaYZ\
\xe600\x02\xc1a\xfa\x14\x00\xae\xebj\xebrm\x01\
\xa0z\x9f~\xfa\xf4\xc9\xae\xd77[\xd7\xfe\xf6\xec\x9f\
\x9d\xce\xad\x07\xaf\xd3\xf5\x96\xeb9\x95\xf7\xbfI1>\
\xd5\xb4\x97\xf5k\x22/\xd7\xe7\xf5O\x02@\x00\x00\x80\
\x17D\xf8\x07\xe0[k\x8dS\xd3\xad\x8b\xdb\x10\x1a\xb4\
rsS<z\x0eM\x93\xcc\x14\xafM\x8dV;\x99\
\xd6\x1a\xb0\xc5\xda\xd2\x9e\x83\xf4\x86\xf1\x5c\xf6\xd14o\
PW3\xf3\xe0#\xcdH#q\xbc\xedH\xbe\xb0N\
\xb3\x08\xe1\xfaX\xdf\xcf\xbc\xed>+/\xdd{\x18\xf6\
z\xce\xe33M\x1b\xe7\xc5JS\x10\xf4l\xd9C\xf8\
\xa7E\xdb\xc3\xda\xa6T\xc7S\x9a\xd6\x03\xeb\xed\xfa\xc1\
\xfe\xf6\xb7\x7f\xb7\xcb\xe5\x9a\x0a\xfdZT\xd7s\xc8\xd5\
\xea-N\xa9\xf7\x00\xec!\x9e\x07\x80\x1e\x80\xd7\x16\x82\
y\xaf8\xdd\x06;\xafk\xfe<\x93\xcf\xcdl<O\
\xc7\xf9\xd9\xd9\xb6\xe6}\xf1g\x0a\xfao`\xde_?\
\xb6\x08\x00c\xbcz\xc1\xb6\xacn\x13\xde\xf7\xdd\xeaV\
m\xab\xba\x05\xb8\xbf\x14D}\xfd<\xe4+\xb6,\x11\
\xf2\xc5m\xbbE\xb7\xf6\xe6\x80p\xf1\xb7\x00\xe7\x00p\
YV[\x17\xf5\xfe\xd3s\x01/\xf6\xf1\xe3G\xfb\xf0\
\xe1\xa3\xad\xeb\xe5\xa7\xbf\x158\xd7}\x1b\xa2\x9e\xd43\
\xb4\x95\xf5\xab\xae\xd5w\x0b\xf9\xfb\xca\xfa\xf7\xf6\x1f(\
|~\xdeN\xfe4#\x00\x04\x00\x00x)\x04\x7f\x00\
\xbe55R\xd5h\xcd\xb7\xfb\xb6\x1eF)(98\
\x09\x00\xedI\x10\xf2\xb5\xd3\xb5\x03m_\xf2\x9c\x93e\
|\x9a\x86<-\xa9\xe3\x8b44\xed\xb8\xb6\xd4\xd0.\
\xbe\xca\x16\x19\xa6e\xe7\xf5?\x9a\xa7:~4/\x1b\
\xc7=L(\xd1e-\xcfQX4/?\x87\x7f\xe6\
w^\xfa\xba\xd2~\xb4\xe5\x8b\xb5\xdeX\x97\xf5bo\
oo\xf6\xe9\xd3\xaf\x1b\x00\xea\x18\xcf\x06\xcd?+\xef\
=\xb7\xf2\xcbn\xfc\x85\x1d\xf9\x16`\x0f\xcd\xce\xae\x96\
^\x9fg!\xde|Nr\x99\xf1\xbb_\xa2\xd9\xd9\xf6\
\xf2\xb1\xcc\xc7\xf5\xe8\x98\xdb1\x0c\xa1\xa8\xc2N\x1d\xa7\
\xf7\xfek\x7f\x0b6\x1b\xeac\xaf\xe9-\xc4S]x\
\xe8\xa7\x9e\x80\x8b-\xa6\x90oi\xcf\x97\x5cV\x9f\xae\
0pYV[J\x84\x7f\x17\xbf\x05\xdd{\x01\xbe\xd9\
\x87\x0f\x1f\xa3\x17\xe0zZ\xa7?\x83\xb3\xfa\x1d\x063\
\xabu\x8f[\xbc\xc7\xdb\xfa[\x18\x98\x7f\xd5\xf9\xebp\
^K\xbc\xc9\xbc_\x1fC\xdd\x13\x00\x02\x00\x00\xbc\x06\
\xc2?\x00\xdfZn\xa4\xb6\x1eA\xf1\xa9\xf9\xadl4\
?\xf3\xf42\x87h\xc9<}\x1e\xcf\xbe4\xaf(\x00\
<\x997\xf3i><\x9a\xdf\x8ec\x9c\xd1\xc6O\x97\
\x8b\xb9\xedyq\x9a\x9e\xeb\xe8\xac\xde\xe6u\xa5\xed<\
\xda\xe6\xe1{\xa4\x05\xa5\x16?\x0f\x0f\xde\x02,\xc7\xa0\
\xc9\xfa\xd1N\x81\x8d\x17\xb0\xe1\xe5\x1f\xfd\x16\xcc\x7f\xb7\
\xcbz\x19\xcb\xfe\x22\xea\xc9\xb5}\xa8\xd7T\xce\xccC\
\xae:\x87[\xf3-\xb2\xaaI\xdd\xbaY\xfa3\xef\xda\
\xf8\x14\xf2\x9d}\x7f\xce\x03\xa1\xc3y:\xb9\x9e\xf2q\
\xcc\x9fg\xd3\xf2\xbc<\x8c\x81\xdenu\xdf\xa2\xe7Z\
\xb5-\xbd\xcc\xa4\xdan{\xbc,D=\x04\xcf\xea\xb7\
\x98\xde&\x1c\xa1_\xf4\x0cT\x18xY\xfc%\x1fe\
\x8di\xc5\xaf;\x05\x80\xcb\xb2\xd8\xf5z\xb5\xb7\xb77\
\x7f\x19\xcd\xc5\xa7\xbd\xaf\xfe~\x8c\x87\xf5\xa9i:\x87\
\xaa\x97\xe3\xe9lr\xdd\x9dM\xeb\xdbROB\xaf\x87\
\xbc\x0f\x04\x80\x00\x00\x00\xbf8\x82?\x00\xdfZn4\
\xee\xedY_\xfd9\x7f\xd5g\xf6\xf2\xf1\xa9[%\xb3\
6\xefQ#\xd6#+/y\x98\x9dC\x83\xf3\x86\xfd\
\xe9:\xdb4\x1d\xc707\xe6?[\xaeM\x18G\xcf\
\xca\x04M\x8f#\x19\xa6\xf5\xc0\xe6q\xef\x9ca\xbd\xd3\
\xf4\xe3\xfaFZ\xaf\x07\xa1\xcf\x95\xb8\xad\xb2\x8f\xc7\x89\
3\x7fc\xeb\xbe\xc7\xf7\xf8\xb7\x9e\xc9\xd6z\xff-\xab\
-\xebj\xd7\xeb\x9b\xfd\xedo\xffn\xeb/\x18\x00\xd6\
\x93p+O\x1f\xcb\x8d\xbd\xdf\x14n\xb5\xb2\xe9\xfc\x98\
\xaeR\x05z\xf1\xbdD\x08XJ\xbf\xbd\xd5\xe29~\
^D\xd7\xf6\xf95\xee\xfa\xb5\xe4\xbb\xd8\x83x;\xb9\
6\xe6y\x1a\x9f\xa7?\xfb\xb4\x08=5m\x18\xe2\x05\
\x22\xed\xed\xc6\xea\x0d\xa8\x1e\x82\x0a\x00\xb7\xad\xf5\x16\x1c\
\x97\x8f^\xab)\x10U\xf8\xe7\xcf\xfc[m\xcd\x01`\
\x9bwi=\x00\xd7u\xb5\xeb\xf5\x1a\xbd\x00}Z\x89\
\x97\x8e\xfc\x95\xe6zl=B\xdb\xa7\xf5\x17\xb2\xf8\x1f\
F?\xf3\xe3)4M\xf2\x22y\xa6\xd6\x9f\xa6\xd4}\
\x98>\xce\xf3\x11\x02@\x00\x00\x80_\x18\xe1\x1f\x80o\
-7\xd2{\xa3>5^\xcd[\xa4\xd5\xe6\x06\xebY\
\x80\x97'\x1d\xe7\xd7\x9a\xef\x99M\xd3\x22C\x19\x1b\xbd\
r\xec\xd1V\x0f/\xf9\xb0\xd4\x18N{P\xeb\xbc\xd3\
i\xfa0\xc1\xaa\xef\xc04\xf9\x1d\xcb\x86q\xbbf6\
\x07\x8f\xba\xad\xba\x95\x8a\xe3H\xdf\x1f\xac9\xd6\x93\x8f\
w\x8f\x0aS\xc5\xcd\xcb8\x85,s>R\xcdok\
\xcd\xbd\xd9\x22\xb1\x8ap\xa6\xdf\xfa\xbb\x96\xc5\xd6u\xb1\
K\xf4\x00\x5c\xd7u\x5c\xd9/@\xc7\xd8\xde\xca\x9b\xae\
y\xe9\x81\xd5\xd6\xdft\x1d\xe5\xb5\x8e\xb6\xbe\x16\xf0\x8d\
=\xf8Tw\xa5D\xf87\xf5\xfe;:^\xdb\xd3/\
\xc8/\xa6\xea\xe1Y\x9b>\xed\xfb\xbc\x0e\x8d\xe7r\xf3\
\xe7\xfc=\x8f\x1f\x97\xefAq\xdd\xfb-\xcfU\xbd)\
[(\xa8\xf0\xaf\xf7\x044\xf3\x17\x8e\xec\xfbn[\xbc\
8\xc5'z\x8f\xc05z\xfe\xad\xcbb\xcb\xba\xfa\xed\
\xc0C\x00\xa8\xe7\x01\xfas\x00\xd5\x1b\xf5\xed\xcd\xdf\x12\
\xbc,~+\xf0\xe3:\xfe>\xfc7\x14\xdf\xa7\xfa\xaa\
\xfa-\xb7k\xce\x7f\xe7~\xc7~\xaa\xf3\xb1\xfa\xc73\
?\xcc\xcb\xbd\xb0M\x11\xa1\xf6\x22\x85\xc4\xd5?\xa3,\
\x01 \x00\x00\xc0/\x88\xe0\x0f\xc0\xb7\x96\x1b\xad\xea\xc9\
\xb3\xef= )\xd3\xad\xa4\xfa\xa6\xa6go\xfd\xb6\x22\
\x8d\xb7E\x8f3\xf2\xfa\xce\xc6M\x19\xdc<\xfd\xc4a\
\xd9iZ\xee!s6\x7f\xa0\x06\xfb\x832g\xd3\xec\
dz\x1fW\xdd\x8dA\xcd\xd9vZS>\xcd\xcb\xc7\
\xaf`t\x5cM\xb5\xb2\xf4m\x99\xc5\xdbT5E=\
\xd2Z0\xd2o\x1b\xae5\x02\xa5x\xb1\x8b\xf9^\xb6\
\xf0\xcf\x83\x97\xb8\xfd\xb2\xf4 \xe6\xed\xc3\x07\xfb\xf8\xf1\
\xd7\x0b\x00\xbd\xee\x14\x00z\xcf\xd6y\xba\x0f\x11\xfa\xed\
=\x00\xac^\xd0\xeb0B\xbf\x1c\x92\x9a\x15+Ea\
\xb4\xc2\xbf\x1eF\xe9\xdc\xf5p\xaa\x9f\xa3\xe1\xba\x18\xa6\
\xc5u\xd3'\x9e^7y\xf9\xb3\xef_\xfa\x9c\xa7\x1d\
~\xefi\x9e\x9ewh\xe6\xc1T\x8d|\xca\xe7\xa9w\
_\x7fN`U(h\xe3\xad\xc4C\xaf\xc0\x08\xc5,\
\xc2R\x85}\xcb\xb2\xda\xb2\xf6\xde\x81-\x04\x8c\x9e\x80\
\x97\x8b\x07\x81\xd7\xab\x07\x80Z\xe6{\x87\x809\xf0\xb3\
\x5c?\xed\xbb\x1f\x93\xe6i\xfe\x9e\xea\xb4T\xb3\x9a\x1f\
\x9c\x9a\xbe\xb6I\xa9|\xb7\xb7\xdf\xff<\xbb\xe6\xbf\x1b\
\xd3>\xac\xff\xe3?\xfe\xe7\xffJe\x01\x00\x00\xf0\x93\
#\xfc\x03\xf0\xad\xb5Fxj\x94o\xf1yhaJ\
\x0e\x07\xa2\x9d\xdd_ \xeb_\xe6\x10!\xcf\xd3|M\
{\xd8X\x7f\xb4\xfdd\xdeF\x9e\xe6\x9f=\xa6\xcc\xf3\
D[\x9e\xa7\x9f\x8d\x9f\xed\xe7\xa3\xe9N\x09\xc9\xe3\xed\
\xcf\xda\xfc\xd3r\xc7\xf0\xcf\xa5\xa0\xc9\xd2[V\xe3\xb9\
h\xfa\xb42\x86\x7f\xb5F\xaf\xb6\x14Rx\x975\xf3\
^X\x11\xfe-\xcb\xe2ol\x8d\xf5\xac\x97\xab].\
o\xb6\xfc\xe4o_}\xa4V\x85W\xfd\xb8k\xf4Z\
\xf3\xe7\xfcm-\x04\xacu\x0eDcP@\xb5x\xcf\
3\x05S\xb9\xce\x14D\xf9\xb9\xe9\x9f9\xfc{.\xca\
V}\xf7}\xb1\xe9:\xca\xd7\xdf\xe3kq\x94\x97\x7f\
vM\xceu\xe4_\xd5\xcb\xac?\xd70\xc6\xe2\xc5\x1d\
\x1eB{\x08\xea/\xf6\xf0\xe9\xbdN\xe6Po\xd1\x8b\
@\xd6\xc5\xd6e\xb5\xb2\xac\xf1\x86\xe0X\x8f-\xb19\
\x8d\xf7\xba-1\xdd\xe2\xf8\xfdk\xff\xfcW\x9d\xd5O\
\xae\x93\xf6Y\xbdwf\xad\xfd\xf7\x9b\xeb\xaf\xd4\xbe;\
_\xbea\xff\x11\x1d\xcf\x83\x90\xf3d_\xcd\xe8\x01\x08\
\x00\x00\xf0\xcb \xf8\x03\xf0\xad\x8d\xc1\xc7\xd8+G=\
U\xce\x9e\xebg\x96z\xc0\x14\x0f%j\xba\x9b\xd7\x1b\
\xc1Gg\x8dh9\x9b7L\x8b\xec\xe3k\xd6=N\
\xab1\x8c\xc7]\xa2'W\x9d\xd6;\xafo\x1e\x7f<\
\xcd\xf2\xce\xfa-\xa4\xb5\xa6\xb7z\xf6f\xbf\xb6\xaf\xef\
i\x05\x87\xfdi\xda\xf9\xf0\xa0\xa1\xa5\xaf\x11\xbc\x94R\
\xadX\x7f#j\xcb\x07\xfa\xc9\xe9\xc7\xdf\xce\xf9\xa6\xaa\
\xf1\x00\xa7\x14+\x11\xc2(\xa0Q\xaf,\x057\xd7\xb7\
\x0f\xf6\xf1\xe3\xbf\xfdR=\x00u\xdc\x0f{\xa1\xb5\x00\
0\xdfb\xd9\xcfB\x0f\x9bR\xe0\xa50*\x85|\xd9\
|\x8d\x94\x93P\x5c\xf2\xf4\xb32>M\xe7o\xdc\xbf\
\xb1\xf8\x18\xd8\xe9s,{,#\xf3~\xb4[w\xa7\
\xe9\x1atL\xba\xea\x87\xb2\xfa[R\xab\xed\xe6\xbdp\
k\xad\xed\x05!y\xbf\xc4\x7f\x93\x1e\x06z\xb0g=\
\xf0[,n\x03^m\x8d\x1e\x80\xeb\xba\xc6\xa7\x7fo\
\x81u\x5c\xb7Z\xe7\xd7\x9a\xf7k8~\xff!\xf6:\
\xfc\xc2xZ\xb0\xffd5/U\x5cMW\xd0a\xd9\
\xa4m\xe7t\x1f\xc7s\xad\xef\xbffT\x0f\x00\x00\xf0\
\x9b!\xfc\x03\xf0\xad\xa9\xe1\xbd\xc7\xc3\xfa5\xb4\x1eO\
9d\xca\xcb\xa5\xa9\xbd!\x9b#/\x7f&\x9az\x91\
e\x8f\x1a\xe1s#Vr\xf9\xda\x82\xaf\xb4\xd1\xc4\x8b\
j\x0fzC\xb8\xedq\x0a,\xa2\x80\xafi\x9a6\x94\
\x09g\xe3\xf34-[\x22\xe2k\xbd\xc7\xccL}}\
\xfa\xde\xe5\xc5\xc6 F\x0dv\x95\xcb\xf3\xcc\x8f$\xc6\
\xc7\x95yhR\xac\x94~\xfb\xa3\xe7Q\xea\xf1\xe7\xfb\
\xa4\xed\xedzC\xeb\xb6\x99\xed\xbe]\xadgY\x96v\
\xbb\xef\xb8\xae\xa8\xe88\x05\xe7g\xf3\xe7\xa6\xe3\xaf-\
\xfc\x1b\x07U\xaa\x8e[\xbd\xd3\xfa\xe0=\xfc\xfa\xb0D\
\x0f5U\xd0s\x87\xeb\xe6\xf4z\xaa=\xb8\xd5\x94\xe1\
\x84\xfb\xb6|\x91\xe36u\xfd\x9cm\xebK\xc6kq\
\x0c\xff\xf2\xb4\x1c\xde\xe5\xffh\x90\xcbi?\xcc\xfc\xba\
Y\xac\x07\xc8\xfe\x0c\xbf~\x0b\xefe\xbd\xd8e]\xed\
\x92\xeaZu\xbbDH\xdfR\xf4\xa8\x89:\x85\x98\xfe\
\xac\xc1\xfewL\xe7W\xf3\xdf\xe3\xb0\xff\xd31\xb6\xef\
{\xdcB>/\x13\xff\xb4\x17\x7fL\xeb\x1eNW\x5c\
2\xf9\xcc\xce\x7f!\xce\xfef\xce\xeb\xd54\x9f~\x9c\
\xe7*\x01 \x00\x00\xc0\xcf\x8e\xf0\x0f\xc0\xb7\xa4\x06\xec\
\xa3\xa15$\x8f\x8f\xcc\x0b\xd1\xa8o\xb9Ro\x80+\
\x95j\x0d\xf3i\xf9\xb9\xe1\xda\x1b\xad\xa3\xdc\xa0N\x13\
\xcdZ\x08x,7\xae&\xf6C\xfb3\xbc!\xb3\xaf\
W\x8bx\xa9qw\xe7}\x98\xf7g\xde\xb7\xb6\xae\x1a\
\xdb\xd3\xfc\xda\x923\xd3+>\xe6ui\x9a\xf9\xde\x0e\
A\xcaY\x99n\xec\x91\xa6\x10\xf0\xac\xac\xd6\xd7\xceu\
\xbc\xa1U/\xb5\xf0\xe5\x17+q\xeb\xa5\xf7\xbe\xea=\
\xdd\x0e\xe6]\xf9E\xcc\xf50V\x93\xd7A\x0e\xf8\xe6\
\xc0o\x9e\xdf\x83\xbfc=U\xf50}T\x87'\xbc\
\xe8\xe3^\x82\xc7+\xd5\xd2\xb6u\xad\x8fE\xc6\xebv\
\x9c\xe6\x9f\xbaf,\xb6=^\xa3g\xdf\xf3\xb4<}\
\xfe{2\x0c5\x9e\x0fX=\xe0T]\xae\xf1\xb2\x8f\
\x16\xfc\xb5[\xab\xd5\x83\xaf\x0c\x07\xe4\xdb\x8a\xd0\xd6\x14\
\xde\xc6\x1b\x89c8\x86\x80\xc7}\xce\xe6\xe3\xca\x7f\x0b\
\x1f}\xaf\xd5C@=K2O\x7fv\xc6K\xadV\
Z\xbd\xc7\x0bd4\xef\xe4X\xe7\xef\xba\x9e\xf2<\xf1\
sg\xa7\xd7$\xb7\x00\x03\x00\x00\xfc\xa4\x08\xfe\x00|\
kg\x0d\xdc\xdc\xa0\xcd\xe5\xceB\x8b\xf3\x06\xe7qZ\
\xf6h\xfe\xd9\xf4\xe3\xb4:\x054G\xf32>\xae^\
?m\xea4\xffh\x9e~>\xee=\xe1\xe6\xba\x1a\xbe\
\xd71\x0c,\x0f^\xa6\x90iZ}\x12PH\x9e\x7f\
\x08\xff\x0e\xc1@\xa4\xb4\xb5\xfa\x0b]Z\x0f\xc0\xdd,\
^\xbaPJ\xf1\xb7\xd8\xa6\x17|\xa8\xe7\x95\xb6\xd1{\
\x02\xf6P\xf0z\xfd`\x1f?\xfd:\xb7\x00\xabns\
8\xa4\xe9\xf93S}\xce\x9f\xa3T\xd7)t\xd1\xfa\
\xe6\xf3\x9f\xf5\xeb\xc3\xd2z\xda\xdcCX\xe7\xdf\xc70\
[\xdb\xec!W^~<6\xaf\x83\xbc\x1e\x95\xd3>\
\xf7\xe54_\x7f\x1f\xfa\xf2y_\x8e\xd3\xe7i>\x1e\
\xc3\x5c}\xd5\x7fO\x9a^\xcc\x94\x80\xfao\xcd\x8a\xbf\
$c\xda\xae\xaeQ\xdd\xfa{Y\xafvY/\x1eZ\
/\x8b-\xa5D\x0f\xc2\xf1V\xe0\xfc\x1b\x99\x9d\x1dC\
\x9e7\x8f\xb7\xb2E\x15w|kx\xa6\xf2\xf9z(\
\xe6\xbdi\x0f\xeb\xb7\xf1\xd1\x0b\xf35t\xf6\xfd\xd94\
\xff\xa4\x07 \x00\x00\xc0O\x89\xf0\x0f\xc0\xb7\xa4\x06k\
\x9d\x02\x90m\xf3\xe7\xd3\xcd\x0dP58\xe7\xc1\xa2q\
\x9a\x87C\xa3>\x99\xd7+\xf3\xf4y<\xa6\xc6\x90\xbb\
\x22\x8e\x8d\xf4\xbc\x9c\x8f+\x04Q\xaa\xa0p\xc5\xdb\xe6\
\xe7\xdb97\x07\x05\x0a\x10\xfa\xba\xbb=z\x02)\xfc\
\x1b\xeak\xaa\xc3\xb9\xba\x1e\xedS^f\x0ei\x15d\
\x94\xa5\xf8\x1bRW\x7f6\xdaY\xfd\xf8y\xdem\xbf\
\xdfm\xbfG\xaf\xbfm\xefQU)\x1e\x9a\xa4[Y\
u\xe8\xcf\x03\x93y\xca\xcf/\xd7\xa1\xc6E\xc7\x9aC\
\xd0V\xcfO\xea!\x87~g\x1e\x9d_\x1b\x82\x9d~\
}?\xa7\xf9\xea\x15\xa7\xdez\xf97r\xbe/\xfd\xd8\
k\x9c;\xbf\x96{\xf8\xb7\xa7\xdfZ\xbf\x86\x8e\xcb\x8f\
\xe6i\x8f\xfev\xcco\x04\xae[\xdcF;\xf4\x12\xec\
=\x04\xcd\xfb\xc2\xc6o\xca\xb7\x91\x8f\xac\xadw\x8f\xb7\
\x0dO\xbd\x00\xf3#\x0d4\xb4^\x83\xc3\xbe\xe5\xf9\xc7\
\xde~yz\x1e\xd7\xd0\x7f\x08\xc7\xba\xb1\x5c\x9b\xda\xf9\
\xda/\x19\x0f\x0f\xe7\xf2Q\xf7i\x86\xd7\x87\xe6\xf7i\
\x9a\x9e\xcbJ_&\xcaT\x9e\x01\x08\x00\x00\xf0\xd3!\
\xfc\x03\xf0-\xe5\xc6ln\x14\x9f\x85\x7fC\xc36\xaf\
\xa3\xfd3N5\x1bo\xf3\x1d\x1a\xa5Z\xc7\x94G\xf4\
\x9eG\x1a\x9f\xca\xb7\xf5X\x0b\xdb\xfc\xbbO\x9b\x97\x99\
\xf7w,\xd3\x1b\xbf\xb3\xbe\xcey\xf9\xe3\xb4^~\x98\
4\xf0g\x82\xf5P\xa0\xad'\xde\xb0\xdb\xca\x0dKu\
y\x9bg\xdb\x97\x1cT\xad\xc5{;\xf9\xed\x94fV\
<4\xa9u\xb3\xba{\xd8\xb7\xdd\xef>l\x9bm5\
n\xc3\xd4~\xa8\xc7T\xbc\xb5u\x0c\x01\xc7[\x13G\
z\xcf\xf0\xaf!\x9fS\x058\x96\xea2\x07\x7fs\xe8\
w>\xf4u\xab\xee\xf5\xb2\x09\x9da\x95\xd5\xef\xa4\x94\
\xfe\x5c\xbfG\xe7V\xb5=_k\xe3\xf6\xb4\x123\xd3\
[nO\xc2\xc9\xf1w\xe0\xda\xb2\xed\x0a\x18\xaf\xf5\xf1\
\xba\xd3\xd9?\xae\xbbkWR[\xf7\x1c\x90\xf9\xa0\xa2\
\xfe\x1b\xd9\xe3\xb7\xb2\xd7\xcd\xf6\x9a\x9eA\xba\xfb\xd0\x96\
\xdb\xbd\xa7\xaa\xed\xe6\xcf\xa9L\xb7\xd9\xfa\xe6Un\xde\
\x9e\x02\xbb\xfcl\xd3\xcd\xb6\xcd\xc3\xf0\xfc7p\xdbr\
\x00\x99\xc2\xbfZ-n0\x8e\xdfLZ\xbf\x8e9\xfe\
y\xf8\xa3N\xfc\xf9\x9c\xaa\xcb^\xaf\xf3_U\x9fx\
2M\xe7\xb2zO\xca\xbe.\xf3uM\xd7\xd68?\
\xa6q\x0b0\x00\x00\xc0\xcf\x81\xe0\x0f\xc0\xb7vl\x10\
\xf7F\xee\x5c\xee\x91\x88\x06\xfcKi\x13\x0e\x1e\xad\xa3\
\x9a7hK\xf1[\xe4z\x837\x1a\xc0'\xcb\xcd\xd3\
\xc6\xf1\xfe=O\xeee\xeaT&oO\xf3\xde\xbfm\
\xa9\xd5\xff\xa5\xfd\xcf\xe5r=gy\x5c\x0d\xf2Z\xc7\
[!k\xf5\xba\xcd\xcb\xebS!RM\xcf\x92\x1b\x07\
\xf3\x17\x8e\xc4m\x84m\xd8w\xdb\x15l\xc4\xf3\xc9\xcc\
\xfa:Z\xd8\x15\xb7K\xfa\xed\xbf\xe3\xba\xf3\xf6\x8b'\
\x5c-\xc4(e\xb1\xeb\xe5\xcd>\xfe\xed\xe7\xbf\x058\
\xd7\xcb\xa3\xeb\x7f\x96\xeb\xfc\x5c}\x94\xd1\x0c\xd7W\x1f\
\xaf\xad\xa7]\x9b\x9a\xce\xf1\xb8?\xba\x06\xd2\x94\xe9\xba\
\xf0\xef\xd1[\xaf\xe6\xdbP-z\xf5U3\x1bo\xdd\
\xd5\xe7\xd9\xb4\xbeN3\x8b\xdb\x89}\xba\x1f\xe7\xdck\
.\xf3^z\xbd\xd7\xdf\x5c\xc7\xed\xf7>\xdcr\xec\x9f\
q\xf5\xb6u\x99Y\xdcz^l\xd1\xdb{s\x1d\xf9\
\x05?\xf4\xd2\x5c\x96\xc5.\xeb5\x9e\xd5\xb8\xd8\x1a!\
\xae\xa5kW\xb7\x00+\xe0\x1d\xcfO7\x9f\x0b\xdf\xc3\
T\x5c\xb3\xe6\xf1\xaf\x95\xd63\xd7\xa7M\xe7$k\xd3\
\xe3O\xd9|>\xce\xbe\xe72\xbfRh\x0f\x00\x00\xf0\
\xb2\x08\xff\x00|k\xb9A\xbem\x9b\xdd\xa3\x17\xd8\xa3\
\xc6e\xa6e\xab\xb7\xfe{\x83uZ\xf4=\xebjm\
\xe5\xda\x9b\xfa\xbe\xda1\x8c\x18\xb69\xe9A\x8cn\xe1\
\x1bC\x9c\xfe\xbd\xb6\x9d<\xaeK\xd3\xfb\x90\xcd\xe55\
\xde\x83S\xef\xadT\xdb\xad\x84\xe7\xb7\xe6\xe6\xe5\xb3^\
\xc6\xe286\xdb\xf7{\xbb\x051\x97\x1f\x82\xb7i\xbc\
\x0f\xbe\xae!\xfc\x8b[*{/'\xbd\xe4#\xc2\xbf\
\xd6\xcbO=\xff\xceow\xd5\x8e\x0e\x99U\xec\x9e^\
\xc4\x1a\xb5\x99\x0a\xfc\xdc\xe6\xf3t8\xde\xc9\xa3\xe9\x0a\
\xb0\xce\x97=\x9es\xbf\xd6\x1e_\x17\xa3\xe3\xf5\x9a\x8d\
\xdb\xf4\xcf\xeaI\xd0PN\x8e\xfb\xf7e}\xfftm\
\x9f\x05\xa6\xf9\xef\xc3\x18\xfe\xf5z\xee\x9ff{\xdf\xcf\
jf\xad^\xc6`\xd1\xd71\xad+\x96V\xf8\xa7c\
\xd2>\xd5\xe8IXk\xea9\xa8\xe9\xf1\xdb\xf5\x9e~\
w\xbb\xdfov\xbf\xe7\xcf\xfb\x18VN\xc7\xd9j\xba\
\x96\xfc\x02\xe2\xfcg\xe6\xd4\xbc\x1eM\xeb\xfb\xe7\xff\x11\
`.\xa7\xf1\xf9\xbci\xb96\xden\x93n\x7fP\xc6\
\xf95jm>\x1ez\x00\x02\x00\x00\xfcu\x08\xfe\x00\
|kj\xf4\xf5\xe0\xea\x180\xcd\x8e\x8d\xc7\xa3\xc3\xf4\
\xe2\x8d\xe0r\xe8\xc1\xd4\xd5\xf4\x12\x8c\x14\xffE\x97\xa5\
\xb1\xdc9\x0f\x0a\xda\xd8\xf0\x02\x04KMt/W\xa2\
\x95\xfeh}\xe3qZ[W\x9fv>^\xa7\x06\xf8\
<\x7f\x1e\xd7gT\xd1I\x99\x1eR\xf8\x11\x8c=\xce\
r\x00\x90\xa7\xf9\xe0\xe5\xad\xf8\xed\x91\xbb\xc2\x98]=\
\xff<\xa8\xdcw\x0f]\x96H\x0a\x97\x92n\xf7\x1dz\
Cy\x8f\xaa\xbc\x8d\xb6\xddb\xc3\xad\x8bKYl\xb1\
buY\xecr}\xb3O\x9f\xfef\xebz\xd1\xae\xfe\
tt\xdet\xfd\xef\xf1\xe2\x8f?\xcf\xcf\x9d\x9fY?\
\xbb\xe3%\xa0\xf3\xff\xfcwa'\xd7NL\xf5\x7fW\
}?\x86;}\x5c!Z=\xbc\xf4\xc6?\xc7`k\
\xfc\x9e\xcbY\xack\x8f|\xce\x83\xba\xbcL^G\xad\
5n3\xf7]\x1c\xa6\xd7X\x8f\xd6\xd1\xd6\x1d\xeb\xd9\
\xd3\xfa\xd2o@\xd7\x99\xe9\x1a\xd4X1\xcb=\xf9\xf2\
\xd0\xc2\xebRlmo\x12\xf6^\x80z^\xa7\xcc\xdf\
}~\x0f\xbd\xf3\xf5\xff\x94f\x8f\xa7\xe3T\xae\xbb\xaf\
1/7\x8f\xe7i\xad\x86\xbd\x22}\xac\xd68\xf7*\
\xeb\xd7\xa9\xd9N\x0f@\x00\x00\x80\xbf\x0a\xe1\x1f\x80o\
M\x8d\xf0\xde\xeb%\x9e\xa9u\xd2b\xcd\x8d\xf6<~\
F=V\xce\x9c-3\xaf\xd7\xbfh\x88PC\xff\xe4\
\x90A\x83\x82\x84aP9\x7f&\xa0\x1a\xb5=\xe88\
;\x1eo\x0f\x1f\xa7\xf7\xf2m\xdb\xf98T7i\xfa\
Y8p6-\xeb\xc72\x0f>3?eo^W\
\x0b9J\xb1u]\xfce\x1f\x8bEG\xa8\x08\xff\xf4\
\x02\x83{\xf4p\xdan\xdeS1\x82\xae\x12\xb7R\xae\
\xcbj\xcb\xaa\xc0$\xf7\xf63[\x8b\xef\x85\x07\x85}\
\xdbg\xe7\xbbZ\xb5\xbd\xf8\xb7w\xa5 \x7f9\xbf\x8e\
l>\xbf\xff\x92\xb8~u\x1e\xdbu\x98J|!\xfc\
{,'LZo\x7fv\xa0\xb5\xe3\x18\xaf\xddH\xca\
\xe2\xb7qr\xe2\x06\xc7m\xf4u\xf5\xf0/\xcb\xd7n\
;\xefS\xf8\xd7\xcbF\x91\xb8N\x86y>%\xfe\xf1\
\x09\xbe\xd7\xf9\x00}\xbd-\xd8\x9e\x06\xcb\xbf\x95j~\
\xcc\xa6\x17\xf1D/\xdd\x87=\x84G\xfa\x1d\xe8\xfb\xd7\
\x98k\xd1\x0e\xf5\xf4\xd8\xa3m\xa9~\xcf\xd63\xd7C\
\x1b\x86\xb7{\x1f\x97\xe9\xeb\xe3\x16`\x00\x00\x80\xbf\x04\
\xe1\x1f\x80oM\x8d?\x85\x7f\xea\xf9wfn$\xe6\
\xf1\xb3\xf9\x16w\xeee1\xb9\x95\xd12s\xdb\xb7\xb6\
^JmJ\xac\xf3d\xa5\x11@L\xcd\xea6\xf4\xed\
\x9c\x8f\xb7\xb5\xb4\xed\x8d\xe5\xe6\xe3TP3L\xd7w\
\xedc\xaco^\xf6l\x9a\x94b\xf1B\x8e\xbe\xfd\xf7\
\xe8\xc1\x5cz)G\xbc\xe1\xb7\x14\xf3\xe0$\xbd\xb5t\
\x8f\x1e\x7f[\xbc\xf0C\xb7Oj]\xeb\xba\xa6[}\
\xd7\xe19\x7f\xb1\xc5H\x14\x15E\xf6H2\x87\x93\xb1\
\xc2\xf8\x92\xeb\xa4\xcf\xfe\xd9\xf4s>_\x7f\xefs\xbe\
\x8c\xd7\xc9qV\x19\xae\xbfl\x0e{\x9e]7~\xad\
\xe8{\xaf\xff\x87\xc5\x9b\xbeO\x0f\xb2\xa5I>\xb7\xda\
\xc6\xf9\xf5=O\x8f\x99\xf3\x94\xa1l>f}\xcf\xeb\
\xa9\xf1\xaf\xf6\x0b\xd1r}o\xd2\xbf\x8f\xfavb\x5c\
\xff\xc4>\x8co\x13\x1e\x97\x99\x97\x9d\xcf\xcfs\xfd\x85\
\x1f\xc3\x1e\xbe\xef= f\xb1\xfd\xdc#\xb5\x0f\xe3\x1b\
\x8b\xdf3\xe8\x96\xffv\xac\xb5\xff}Poi\xff\xf4\
\xedq\x0b0\x00\x00\xc0\x0fD\xf0\x07\xe0{\xe8\x0d\xdf\
\x1e\xfei\xba\xf9\xbb7<\xa2x\xd0p\x9f\x9dNK\
\x91A\xf4\xdfy\xd2\xea\x9d\xc3\xa1=\x85\x14\xf3B\xb9\
\xb7T\xed\xcb\x96\xe2\xe3S\x08q\xbe\x0ew\xba\xdf'\
\xd3\xac\xb6#\x88\xd1\xa9L\x8c{\xfdM/\x06\x98\xcb\
\x9eM\x8b\xdb \xab\xb6S{\xe8v(\x1br\xf0W\
\x16\xeb\xb7A\xeah\xab\xf7\xf8\xab\xb5\xda\xbey\x03\x7f\
\x8f\x00\xc0R\x8f\xa7\xa2@\xef\xc9\x9bm\xf3\xf6,n\
\xbf\x5c|b\xdb\xa6\x82\xc1\x5c6\xc6\xac,\x8b\xad\x97\
\xab}\xfa\xf4\xefv\xb9\xfc\x9c\xb7\x00\xe7\xfa\xf9\xd2\xf9\
\xfbZ\xc7uT\xd3u\xebU\xe6}\xadj\xba\xad\xdb\
\x97\xd1u\x95\xc2\xabaU{\x8c\xa7_\xda0\xbf\x8f\
k\x1f\xe6\xcf\xfe\xbd\x1fw\x9d\xc2<\xdd\x16:\xce?\
\xf6\x22\x9b\xd7\xd9\x86\xd8\xcf\xf9\xad\xbc>O\xc7\x99\xca\
\xb7\x9d\xcee\xdc\x1c\xc0\x15\xbf \xfbx\xcc\xcf\xd7\xf1\
\xbaF\x98m\xf1\xf2\x9a\xe8)\xbb,\xab\x95\xb2\xb6r\
y\x19\xad\xcb\x07\x0f\xc4\xfbx\x0e\xc5\xdf\xa7\x9a?\x0f\
\xb3u\xb8\x1cO\xd4`\xae\x07\x85s\xfe\xdd\xdaw\x1f\
\xd7\xb9\xf1kd^\xad\xd6\xe1\xf3\xbc\xdcT\x22\xad\xcf\
\xe7k\xdb\xf4\x00\x04\x00\x00\xf8A\x08\xff\x00|\x0f5\
\x82\xa1m\xf7[~\x15x\xf4\xc6f/;7r[\
\xc3|\x1e\x7f\xd0\x16V\xe9\x16\x13\x9d\x96S\x03\xd4{\
\x9eX4R}\xdd\xd5j\xdc\xb2\xd7\x86C\x0b67\
^\xcb\xb4\x91\xda\x9e\xf3\x97\xe5\xe3}6\xadM\x9f'\
\x86G\xe5\xcf\x9c\x1d\xba\xb6\xe9\x87\x1a\xfb\x9e\xc2\xbf3\
\x0a*\x96e\x89\xe7\x98Eha\x16u\xb7[U\xef\
\xa0m\xb7\xed\xee/\xf7\xd86\xef5Tw\x7f\xf9A\
I\xebZ\xb5.\x05#\x0a\xf3t\xda\xb4?\xa5\xfd\xab\
K\xc1\x9f\x8f\xeb\x8b\xd7Ci\xc7\xd9\xa7\xfdl\xfay\
\xe8\xfb7\x8e\xb7\xab\xaf\xcd\xff\x1a\xa7\xe7s\xb8K>\
\xff\xfe\xe6\xebP\xd7\xb0\xea\xd0\xa7\x1d\xf7\xc5\xa7\xe5M\
=\xba\x16\xed\xd1>\x0d\xe7V\xd7a\x99\x8e\xffl\xdb\
\xa3\xaf\xd9\xae\x8f\xf5\xf2\x9a\xdf\xafQ\xff\xfb\xe1\xd7\xf8\
\xc9\xad\xd2'\xbf\xe3\xfe9\xee\xaf\x1f\x8ez\xf1\xfa\xa2\
\xf9\xf6\xdf\xb3\xeb\xa0\xf3\xba\x9d\xf7\xff\xb1\xea\xa1j\x0c\
\xe6\x11\xbf6\xea%\xd2\xf6\xd4K/\xf7\xc6n=\xf7\
R/\xde\x1cT\xfb\x10/\xef\xa9\xf3\xf7^\xbeV\xbf\
\xe5\xdf\xe7\xcd\x83\xf7\x80\xf4m\xd7\xe1\xff\x13\x08\x00\x01\
\x00\x00~\x00\xc2?\x00\xdfZ\x8d\x06\xe7\xdez\xfe\xed\
\xad\x87\xd8\xac\x876\xd1PM\x0dk\x19\x1a\xcd\xc3\x9c\
llP\xf7\xe6xj\xf8V\xeb\xc1\xdd\xb4\xaea\xa9\
\xd6p\x8e\xa0\xb0=\xcf/g\x14\x0aI\x96\x98\xe8\xe1\
\xa1\xcd\xfb\x9b\x8e\xa5\xd6~;\xe4\xb0\xaf\x87r\xe7\xe1\
\x80\x1fC\xcc\x9b\xcaU\x85\x18\xedX\xce\xeb1\x8e\xd0\
j\xbc\x0c\x22\xcf\x93\x16\xfc\xad\x8b\xad\x97b\xeb\xa5X\
Y|\xc9b\xd1\xbb\xc8\xfc\xbd\x09{\xad\xb6\xa5\xe7:\
\xde\xe2\xad\xa6u\xdf\xdb~\x94\x08\xfeZ\x00\x18\xe1_\
\x89\x00\xd0\xf7{\xec\x0de\xf1\x5c0\xf5\xfek\xfb\x1d\
\xe3\x16\xc7\xea\xb73G\xddh\x8b\xef\xcdM\xfe\x12:\
_\x1e\x98\x1c\x0dgp\x1a\x8et\xde\x8e\xd7L\xf5\xe7\
1\xb6\x8b\xd6+\xc5\xe7\x9f\xadKe\xf2\xb3\xfa\xfa\xb6\
\xe7k\xc9,V\x1d\xf2\xb5\xe4_s\xf9yY\xff\xcd\
\x1cC\xf4Q>\xb6g\xd3\x87\xf9u\xbc\xe7\xf5,D\
\x9b\xaf\xf5\xd2\xde*]<x\x8b\xd9\xc5//\xb3\x1a\
\x9fiU\xc7}\x8akX\xcf\x0e\x8c\x10\xd1\xb7\x1f\xe7\
\xdbv\xab\xa6g\x01\x9e\xd7\xe9\x97\xce\xf7\xb9\xf8A\xea\
\x1c\xa6s\x9c\xb7\x93\xaf\x91yhkj\xeb\xc9\xf2\xf5\
\xe0\x9fZ\xc4\x97W\xf8\x97\xc3\xc2j\xfbn\xb6\xef=\
\xe8\xdb6\x7f\xdb\xbb\xde|\x9c\x83Gn\x01\x06\x00\x00\
\xf8\x8e\x08\xfe\x00|\x0fjL\xaaa\xb7\xed\xf1\xfc7\
\xab\xd1\x98>\xde\xba:,\xeb\xede\x1f\xf7~,\xfe\
v\xd7\x08\xaf,\x9a\xa3g\xcbgZ\xd6R\xef\xa7h\
\x06\xc7\xb4\xb8\x15\xd9|\x9f|\x9e6\xde\x978\xdb\xce\
\xf1e\x06j\x04\x1f\xcbJoX\xd7\xc3z\xe7\xe5\xb4\
O\xb3g\xcb4\xa9\x9e|\xf4|\x99\x9an\x015m\
3\xf6\xb0\xdf\xbaxl\xfbW\xabfq{\xa5\x87\x7f\
\xea\x01\xb8Y\xdd\x14\xc1\xa57\xfc.\x8b\xbf\xcc\xa3\x14\
\xb3|\xcb\xaf\x99Y\xfe\xcc\xe1_\x0bP|\x9eh\xd9\
6~2\xdf\xcab\xd7\xeb\x9b}\xfa\xf4ov\xb9\x5c\
\xdb\xbc\x9fA\x8d\xb0\xa4\xf7\x98\xf2\xe9\xe5\xf0{\xa8\xa9\
\xe2\xcf\xa9|_6\x9fA\x8bq\x05C\x8b~\x0dO\
\xf5@R\xd7i\xff\xde\xf7/\xcf\xd3e\x1ag]\xd7\
H{\xb9\x89\xca\x8e!\x94\xe9\xf7\x1c\xcb\xd6\xba\xb5y\
c9\xffT/\xb1\xb3y\x8f\xa6\xcd\xf3\xfc{\x8d\x1e\
rQ^\xfb\xdb\xf6\xdf\xcb\xb5#\xac\xf17\xab\x14/\
3]\xa3\xfa^\x22\xc8^\xcab\xeb\x1a\x01\xf7\xba\x9a\
\xb5\xde\x84f\xb6\xf4\xdb\xdf\x8b\xf9\x9b~\xf3m\xf0\xe7\
\x9f\xeb\xb0\x9d:\xfcf}\xaf=\xac\xd4_\xbb\x12C\
\xfe[\xe4\xd3\xfax\x97\xeb\xe8\xcc8?\xeao:\x8f\
c\xb9\x92\x82mm\xb7\x07\xddy}y\xbb\xa5\xc4m\
\xfe\x00\x00\x00\xf8\xf6\x08\xff\x00|\x0fj\xe0\xe5\x9e\x1d\
u\xf7\x86\xa3\x99\xda\x8b\xbd\xf1\x9c\xcd\x0dQ_\xd7<\
/\xd6\x95\xdb\xb6\xefT\xabz\xf6\xf9\xf8^K\xebM\
g\xdeT\xf7\x06\xae\x1a\xd3'\x8d\xe3\xde\x80\xcd\xcf\xc9\
\xea\xfb9Sy_\xc6\x97\x9b\x83B}\xafy\xfd\x0f\
\xb7\xdb\xc7%\xde3jV4\xb4Yq\xbcy\x1f\xfa\
\xb2\x0a\x12\x14`x\xe8Pl\xbdx\xcf\xbf%:6\
\xe6\xfd/\x11\x00lu\xb7\xfb\xbe\xd9\xfd~\xb3\xed\xe6\
\xc3\xbe\xf57:\x97\x08\xfb<\xe0\x88\xe0oz\xde\x9f\
w\xb52\xab\xf1\x99i\xdfTk\x83Z\xad\xc4y\x8c\
\x88a.1W\xdfOe>\x97\xcf\xa4\x9c\xe9\x0bT\
Sq-\xa4\xdb@\xab\xe5\xdf\xc9i\x8d6}{y\
}\xd5\x7f\x1d\xc5k{\xbc\xf6\xfb\xb2g\xc7\xf4\xfe\xfd\
\xcf\xfaB\xb9\xaez\xf0\xd5\xe7\xcd\xe6i\x87eN\x8e\
\xdd/\xc5\xf4[\xb0\xb1\x07\xa1\xd7\x80\xd7\x81\xe9\xdf\xd3\
j\xe6\xedz`h^0\xaeU\x1d\x8b?\x9b0\x8d\
\xcf\xcb\x9e\xf0\xddS\x9d\xd7\xf6w\xc4\x9f\xe7\xe9\xcf\xf4\
\x1c\xe7\xf5e\xb5\xad3\xfe\x9b\xefAd\x1e\x8e\xf3\xfc\
\x19\x86\xfe\xe9\xe3\xfe\xe2\x1e\xff\x8d\xe7rz\x86a\xde\
F\xde\xe6\xac\xf2\x12\x10\x00\x00\x80o\x8f\xe0\x0f\xc0\xf7\
\xa2\xc6\xec^\xabU\xf5\xfe\xdb\xa2gO\x0cK\x8c\x8c\
\x0d\xf11@k\x0d\xe7h\xbc\xaa\xb9X5!\x8d\x97\
\xd2\x8a\xf6\xe9Sc\xb7F\xcf\xc3a\x8b\xadL\xbe\x05\
S+\x8by\x0f\x97\xf1\x99\xf9\xf6E\x9f\xd7\x97=\xec\
\xc3I\x03|\x9e\xa6\xf1<\xbd\x05a\xf9\xb8\xe3{\xab\
\x97\xaa\xfb\x13c\xdc\xcc\xe6;K\xe7m\xe5F\xf8\x10\
~\xe8\x11{mv5\xab\xde\xfb\xa9T\xb3\x1a\xcfs\
\xbc\xc7m|\xb5\x05\xbc}]\xa5x\xef\xc1\xa2^Q\
\xd1\x8d\xd0o\xf95ka\x92\x8e-\x9e\xbb\xa6[}\
\xb5\x1e\xff\xe2\xd3J\xec\x8a\x8f\xaag`\xf5\xb0\xa6\x85\
-\xbe\x1e[\x16\xbb\x5c>\xd8\xdf\xfe\xf6\xb3\xf5\x00\xd4\
\xf3\xcf\xf4\xdc4\xf5\xe6\xea\xe7\xf8\xec|\x8fWa?\
o5\xbd\xac\xc3\xaf\xc7\xf1\xa4\xe7U\x94\xb2D\x99\xf3\
u\x8d\xdb\xd0\xb25\x96\xd1y\xd3<\x9f\xee\xdf\xf3\xfe\
\xcc\xd7h5K=\xcf\xc6O\x85_\x96\xf6k\x1c\xcf\
\x83E\x8f\xe2\xf3u\xf9g.{6\xee\x9f\xfd\x058\
\xad\x82\x22\xe4\x16\xfd\x07\x8b\xd8\x15\xffV\xbd\xb2\xdb\xb5\
gq]\x0e\xbf\x9d\xd2\x9eo\xb9.\x8b\x15\xf5\xf8\xf3\
\xd5\xb5\x1e\x80~\xfd/\xb6D\x0f@\xf5\x16\x1c{\xfe\
\x8d=\x00\xcb\xb0\x8f\xdeC\xd1\xbf\xc5_-\x1d_L\
\x1f\xcfm\xfe\xfeur\xbdh\x5c\xe7h\x9c\xef\xa1\xa3\
\xe6y9M\x8b\xfa\x8c\xbf\x1f\x8f\xce\x0d=\x00\x01\x00\
\x00\xbe!\xc2?\x00\xdfKn\xd4\xed\xed\x19O\x1e\xfe\
\x99y\x1b\xb4\xa8!}\x08\x1b\xc6q5\xbe{s7\
\xcaL\xe5\x8af\xa6\xed\xcf|\xb9\xc3\x16\xa7\xcf\x18\xd3\
1\xc4\xacV\xea4XhKE\xf0\xd2{E\xcd\xfb\
i\x11\x10d\xc7\xf5\x1d\x97\xcd\xcb\xcc\xcb[\xda\xd7j\
\x16\xcf\x16\x8cg\xaaUk\x0f\xe9;\xab\x17\x85\x15\xc7\
\xb0A\xbd\x9f\xe2\xe5 \xf1L3\xe5\x07[\xdd\xedv\
\xbf\xdb\xfd\xe6\xc3\xb6m\x1e\xf6\x16\x85!\xd1\x03h\x1d\
{\x04i\xba\x02\x919H\xd16\x0ewU\x9b\x1f\x5c\
\x0boc;Qsq\xfe#X\x98\x16\x9a\xab\xebg\
\xe0\x97\xbe\x9f\xb1}\xaf:\xa0\x98\xe7\xe1\xdf\xd9\xf9r\
\xbdl\x9b2\xf4\xce\xcce\xca\xf0\x5cJ\x1bn\xb7\xcd\
e\x22\x8fjtM\xea\xbb\xd6\xd3\xaf\xd1\xbc\x8e:\x04\
\x90'\xd7\xe8I\xf8\xd7y=\xf4\xdf\x8d\xe6\x1f\x8f\xff\
\xd1\xef\xe0\xd1\xba\x1f\x8d\xfbg\x5c\xd7\x11\xde\xd7i~\
\xad\x9e2W\xd3n\xf9\xdf\x9d\xbc\xc6j\x87\x8a\xeb\xdb\
,\xa6\xe8\xd0t\xed\xfa\xd7\x5c\x87\xbd\x17p\x9d\xd6\xad\
\xdfE?N\xdd:\xab\x12\xb1\xaf\xed\xdb\x99|\x8eu\
\x9e\xfbo\xfek\x86\xfe\x1b\xce\xd3\xc6\xf9\xfe\xdd{\xfd\
\xe5\xdf\xbbz\x02\xf6\xb7\x1f\xaf\xb6,\x97V\xee\xb0\xde\
\xf90\x00\x00\x00\xf0\xe7\x10\xfe\x01\xf8^\xd4\x90U\x8f\
\xbf\xdcSg,\xe8\x0d\xe7\xa11\x1d\x8dr\x15\xf0\xdb\
\xda<\xd1\xf1\x00\xaa\x07\x7f\xe5\x100\xa4F{\x1a\x7f\
$7\xbe\x87\xc0\xae-\xd7\x1b\xeeuZ\xf7\xd9\xf7~\
+\xef4\xbd\xad\xf5\x5c^\xcf\xec8\xc5\x9d-\xa3}\
4\xb3H\x1a\xfc\xb8Z\xd8\x10k\x9b\x1b\xf4\xa5\x8c\x0d\
\xefV\xaf:\x8f\xfa\xb48\xa7\xf7\xcd\xee\xb7\x9b\xdd>\
\xdf\xecv\xbb\xd9\xfd~o\xdbm\xeb\x8d`\xa07\xfc\
\xf5\x92\x8f\xc8Jb\x13>\xdeGJ\x89\xc0#\x85\x15\
\xb3^\xa3\xa9\xae\xdbKA\xe2z\xd29\x8bi\xc3F\
\x7f\x1a~N\xbc\xea\x8a\x8fO\xd7\xaf\xcaY\xbc\x8d\xd7\
\xab\xeax\x1c\xc7ed<\xee\xb3\xdfL\x97\xb7\xed\xcb\
\x8d\xab\xd5~\x1c\xf2.\xb38\x97\xcfi\xff\x8f\xfb\x9a\
\xb7svm\x9fy~,\x8f\xf5\xe5j\xbb]\xb6\x96\
\xfe\xb6\xdc\x836\xc9\xbfx,\x9ez\xfe\xc5\xbe\xe6s\
\xa7m\xe8\x10r\x08\x98\x8f/\x1fc>S_:v\
k\xdb8\xd6A[\xb2\x94\xf8m\x1f\x7f\xdf_\x1a\xfa\
*\xc6\xf1\x99\xe6\xcf\xe1]\x1e\xfa\xdf\x18\x05\x81\x1a\xce\
\xcb\xb6a\xde\x18\x00\x00\x00\xbe\x1e\xe1\x1f\x80\xefA\x0d\
\xda\x1c\xfci\x98\x92\x84\xd6J}\xd4\x18n\x8d\xedh\
|\xf6;Z{c\xf4=\x8dd\xc9\xeb?nk\x0c\
;\xe6\xd5\xce\xe5\x9f}\xcf=y\xce\x9c\xcdk\xc78\
5\xb4UN\xcd|-\x9b\x8f#\xbe\x1c\x96\xf1\xa0\xc1\
\x0e/'\xc9\xdb\xea\xdf\xcd\x8aw\x83J\xdbP \x12\
!b\xbc\xa8\xe2~\xbf\xdb\xfd\xf6\xd9\xee\x9fov\xd7\
s\xfe|C\xb6D(\xa2[\x19\xd5\xf3o-fk\
)\xb6,fEC\x89@\xcbt\x80\xd3~N\xc3\xa0\
\xfa1\xc7f{\x9d\xa8\x1aj\x8a\x08\xab\x97_\xca2\
o\xe2/\xa6\xfd\xf7\xcf8\xa8\x18\xa2D;\xaf~\xae\
\xf2\x1b\xa3\xa3D\xfbv\xbcv\x86Q\xb3(s6\xdd\
Z\xa8\xd7\xae\xb4\xc3\xbe\x8c\xd3\xa2g\xe9\xa0\xf8\x8bE\
\xd2\x22\xe3u\xaee\x8fA\xbb\x97{\xff\xef\xe2K\xfc\
8\x8f\xeb;\xec\x8f\xdf\xc3\x9e\xae\x1d\xdf\xce\xb0l5\
\xaf\xcc=\xf5\xae\xd5\xb7q\xf5\xa7\xfbY\xa2\xc3\xac\xe2\
\xc2\x1a/\xe3\xd0\xa2\xf9\xf8\xf74}X\xd7\xc9z-\
v\xab\x9f\xb3iH\xa1\x9b~\xebyx\xa6F\xef\xd3\
g\xe5\xce\xe6\xe5\xf35~\xef\xd3\xfa`\xb6,\xfer\
!\xfd\x87\x825n{n\xff\xc1`Z?\x00\x00\x00\
\xbe\xc2\xff\xfd?\xff\x9b\xf0\x0f\xc0w\xa1\x86l~;\
g\x0b\xff\xa2\xe1lq+\xdd\xd4n>\x91\xc3\x1d3\
\xf3WM\x1c\x1a\xf5\xbdA\x1e\xe3\xe7\xe9\xc6\xc3\xe9f\
\x16\xf7\x99*\x18Q\xb0\xa1\xa1o\xa0\xe5\x01\xf1%\xef\
K\xfb^\xb4\xc0$\xe6\x0f\xfb>/;9;\xce3\
5B\x83<\xdf\x97M\xc7\x90\x1a\xe5\xed\xf6\xdb\xe1v\
>\xf5\x0e\xec=\xa1\xd43j\xab\xbbm\xdb\xdd\xee\xf7\
\x9b\xdd>\x7f\xb6\xdb\xed\xb3\xdd\xefw\xdb\xea\xd6\xde\x9e\
Z\xd2\xfa\xbd!_l]\x8b]\xd4\xb8\xefw\xfa\xda\
\x12op\x1eoH\xf5\x7f\xa9L)~@y\xbe\xfa\
\x89\xa6#j3\xd5\x1bk\xa8\xa3~\xf1x\xcf\xc3\xa9\
>\xfej\xbe{\xba.\xc6\x1e\xb2\xad\x0e\x92\x93K$\
\xe8:\xf2\xef\xe3r\xaa\x95>\xe4^\x84\xfe\xa9[J\
\xe7\xebP\xdfc\xb94\xa7O?\xee\xe7Y0d\xa9\
\xdc\xf18\x0e\x13\x0e\xe7i\xfe}\xf4z\x1b\xa7k\xdb\
\xf3\xf4yZ\xbf\xe5\xb6\x1f]T\xdf\xb8\x7f\xfa\xae\x00\
+\xbe\xf7\xda|\xbc\xad>\xbd\xf7\x17T\xc8n\xe6\xb7\
\x1c\x8f\xd7\x80\xf7F4S\x99(\xa7u\x9c\x5c\xc3%\
Ba\xcd\xf7\xcf\x08\xfd\xda/\xec\xb9\xb3\xfd\xcf\xce\xea\
Y\xd3\xcd\xfa\x89\x9d\xcb\xf9\xf7\xbc\xfd\xf1\xda\x8c\xdd=\
\xf9\x9b\xb4F\x10\xb8\x12\x00\x02\x00\x00\xfcY\x04\x7f\x00\
\xbe\x97\xdc\x88}x\xdb\xef\xa1-:7\x16\xd3\x9cc\
{s\xd0\xcbGp\xf5\xa8\x91\xaa\xf9\xc3\xf8\xcc\x03\x98\
\xdc\xac\x1f\x8e\xa7j\x99\xdcC\xf0\xc1\xbe\xd7zl\xd4\
\xc7\xf2\xf3\xfei^\xfe\x9e\x87Ge\xd3\xc4VQ\x87\
\xe5\x142D\x8b;\xbf``|\x16\x9fB o\x8d\
\xd7Xg\xad\xbb\xed\xdbn\xdb\xfdn\xf7\xdb\xcd\xee\xb7\
\xcfv\xfb\xfc\xd9\xee\xb7\xdb\xe1\xdc\xe6 \xd1\x1b\xef\x8b\
\x0f\x8b\xdf\x06\xbc*x\x8c\xb2\xed{{\x09H\x04#\
\xaa[\xab\x11dx\x99j~{\xef\xde\xa2\x10=\xcd\
.\x85R\xed\xf9\x86ZMzP\xa0o\xb8\xbd\x84\xe4\
\xe7R\xa7\xc1b\x87\xf3\xb8\xca\xed\x11\x9a\xe4c\x88\x14\
Ee\xaa\xca\x8e\xcb\xce\xd7\xb7E\x10\xe8\xa7P\xeb\xd0\
z<\x10\x1c\xe5\xf5Y\xac\xcf\xa6\xe5\x8e\xd7tv\xec\
1hi\xbd\xe36{X8\xae\xe3K\xe6\xf2\xcf\xce\
w\x8b\xcdk\xef\x9bg\xc5\xa3\xc0tDQ&\x1e\x83\
\x19S\xdbz\x1f\xaf\xdeL\xb5\x13\x0bU\x8b\xfa\xae\x1a\
K=!\xa3\xde\xfc\xfcj\x1f\xaa\x95\xa5WF\xad\xc5\
\xaaO\xe8\x1b\x88\xd9=\xfc\xfb\xc2\x0e\x9d8[\xa6<\
\xe8A)\xc3\xdf\xd4\xf4w \xf3q]\x0bfv\xb8\
\x9d\x5c3z0\xa8\xbfG\xa5D\xcf\xc0\xa98\x00\x00\
\x00\xde\x81\xf0\x0f\xc0\xf7\x90\x83\xa7\x9az\xfc\xe9\xfb\xd0\
\x80l\x8d_\x1f\xd1\xd7\x5c\xe6\xac\xd1y6M\xd3\xfd\
\xcb<\xc7\xd5\xdaC\xa1>\xd1\xc6\x87\xedWo\x88\xf7\
\x1eA>\xe86E\xdf\x86\x0f\x0aQ\xe6\xfd\xd5\xa7\x0f\
iSS\xdd\xcc\xd3r\xb9<\xef=|\xbf\xd3w\x85\
_1Q\x91\x86\xa9Q\x1d=\x83r\xe8\xa70n\xc8\
\x8ft\x0e\xefw\xdb\xee~\x8b\xefv\xbf\xd9}\xbb\xd9\
\xbeG\xf0\x17o\xf8\xed\xbd\x9a\x8a\x95\xa5\xd8\x12\xbd\xfe\
\xd6x\xd6\x9f\xdfr\xab\x80O\xe1\x84z1\xf9\x1a4\
\xd4\xaap\xae\xcf\xaf\xa6\xce\x99Q>\xd5M)\xb9+\
i\x84)%\xf7d\xf3\xf2Z\xa2\xc4\xb3\xc6~\x1e\xfd\
z\xc9\xe7\xcd\xda\xe1\xf6[l5n\xedZ\x19\xaf\x91\
v\x8c\xa5\xa4\x90*\x1f\xaf\x9f\xfb\x1c\x1c\x8d\xeb9\xab\
\x97\xbeo>\x7f\x89X,\x0fQr>/O\xcc!\
`>n}\xcf\xbf\x83\xbc\xbeG\xbf\x8f\xb3ir6\
\xcf\x7f;\xd5\x8f\xa1\x16?\xd64\xcf\xd2\x8b:\xcck\
/\xe6\xf5i\x96\xf6m\xde\xc7Q\xfa}\x99YQ\xbd\
\xc7\x8bA\xaa\xc5\xad\xc5Q\xd9Uo}\x1eB\xf3\xb8\
\x06\xb4S\xda\xed/\xd4\xb5\x1c\xf7\xe9\xeb\x9c\x9f\xd3\xe9\
<\x0ec#m\xff\xf89\x0e\x9d\xae/\x02@\x00\x00\
\x80\xafF\xf8\x07\xe0{\xc8\x0d\xba\xf9\x99\x7fu\x8f\x86\
\xec\x89vw\x9b\xb7\xb5\xc7y\xd32s\xe3\xf5\x10\x02\
\xd4\xf6\xaf6\xefP\xa6\x85-\xd1\xd0\xcf\x8b\xd7\xbe\x13\
y\xb9y\x1d\xfe}^o\x9e\xd7\xbf\x9f\x95\xb1<o\
\xda\xcfy\x99az\xdc\x8a\x9b\x13\x09\x95\xf5\xf9\xceo\
-\xcc\xe5z\xe8\xd6{\xe7E \xb7\xf4P\xa2\xd6j\
\xb6\xc7\xf3\xfd\xaa\x9f\xbf\xfb\xfd\xde\x86m\xdbl\xdbw\
\xd3{X|[1,\xd6n\xf5\xd5\xed\xbek\xba\xc5\
W\xdb\x1f\x07\xef\xcd\xa7\x95\xd4\x08\x96\x86\xf3\xfe\xe8\xba\
)%N^\xf5\xdep\x96F\xe3\xbb\xdf(\xae\xf3\xda\
\xebb1\xbd\x80\xe4|\xdd?Z?\xdd:\xf7\xf9\xfc\
\xfa\xe0\xbbz\x9c\x7f0\x1f\xd2\xa1\xa7]\x0fT\xfa\xe0\
\x81\xa0\x9f\x06\x95\xcf\xdb\x89y\xa9\xbe\xfd\xd3\x97\x9f\x03\
\xc5\xee|?u\x0c%'k}n\xbb^\xad\x9d\xe7\
\x983\xfd\x96J\xf4L{f\x9e?\x8f75n\xfb\
-\xaa\xf4\x98\xac\xa3\xd0\xef\xcc\xfc\xad\xd6^\x1f}\xdf\
tM\xeb\xbb\x0c\xbfe]\x8f1\xbd\xfa\x0f\xc0Z\x87\
\xcc\x08\xd3\xbdlW\xf4\x1bi\xdb+Vl\x19\xc6l\
^\x7f[z\xf45\xd7|\xfe\xdb\x93\xa7\x1d\xb5\x0b\xd4\
\xec\xd1\x950,\x97\xf7\xb2N\xcf\x81\x8cci\xdb\xee\
\xff!\x86\x00\x10\x00\x00\xe0\x9dx\xde\x1f\x80\xefE\x8d\
5\x05~y\xf0\x86n\x0f\xa7Z\xf9\xd6`M\xf3\x9e\
4\xd6\xe7\xef\x0f\x1b\xa2\x0f\xe7\xc5:b\x96\x7fW/\
\xbe\xe8\xe9\xa7g\xaf\xd5\xde\xbfI\xeb\xf2\xc9\xc7u\x0f\
\xd3b9}\xcfe\x1e\xd1\x9c\xbc\x1e}\x1f\x97\x8b}\
\xd7\xd0\xd6\x1b[l\xcf\xed\xf3M{@\xd1\x83\x89\x92\
\xdf\xcc\x19K\xf9w_\xa1\xf7|\xdc\xec\xbeov\x8f\
g\xfcy\x8f\xbf\xbbm{\xbc\xd8\xa3\xf1m\x96\xc5\xbc\
\xa7\xdf\xc5o\xf3]t\xbb\xafn1.K\xbc\x08\xe4\
$\x12PX\x92\xbe\xcf\xda\xa1j\x87\xd3\xf4Rr\x04\
bV\xe2\x96\xd8\xe2Ua\xd5\xa7\xb4\xf2\x8aI\xfcm\
\xc4\xfe\x5c\xb4\x9fI?\xdf'\xe7]\x9f\x87@\xd7R\
(7\x15\x97\xa8\xdb\xbeN\x95\x1f\xd7\x15\x97\xfd\xc4+\
\xde\xa7\xfbw={\xd1WQ\xdb2g\xa7\xd0\xe7\xf9\
\xb6|\xbe\xbe\xcf\xfb\xd4i\x99\xfc[\x18\xe7\xf7\xf1y\
\x9e<\x9a.\x87\xdfW\xf5\x0b'\x9e,\xea\xf5<]\
oZ\xe3\xbcf\xd5J;<M\x9fC\xc0\xf4\x0c\xcb\
6=6=\xae5ND\xad\xb1^\xef\xc6YZ(\
\x9a\x02\xf4\xb6\xbeq\xaf\xe6\xed\xfcY\xf9oG>\x1e\
\x9f\x99n\x83\xae\xd6.\x9eg\xdb\x9d\xcf\xcb|\xae}\
\x1b\xbdL>O\xb5V\x02@\x00\x00\x80\xf7 \xf8\x03\
\xf0=\xcc\x0d\xb4\xdc\xf3\xaf\xc7Q\xd1$L\x8d?5\
\x12\xd5\xb0.\xd1\xe0m\xa6\xf0\xeb\xd1\xf7Y\x9f\xa55\
\xe7\x9e%*S\xa7\xdbzu\x9bo\xee?\xd3\xd7\xa0\
c;_\xcf\xb8_\xad\xd4\xd3}<Y\xeeI\xf9N\
\xcd\xfa\xb9y\xdf\x97\xd5T\x0f\x07zO\xbfeYl\
m\xb7\xfbF\x8f\xadhlW\xd3y\xeb=\xfd\xee\xf7\
[\xf4\xf8\xbb\xdb\xbeoV\xe3\xb6\xc4\x1a7~.\xc5\
{\xf8]\xd6\xc5.i\x1b\x0a\xd6Ji]\xa4\xccZ\
P5\xf6\x90\xaa\xfe%\xf6X\xa1\xcb>\xd4r1e\
^\xf31\xe7:V\xd0\xe7\xe1T\xd1K,T&\xca\
U\xf3}*\xa5\xd8\xb2\xaeV\x96\x9f%N\xd0>\xf6\
\xdf\xd1\xd1\x10\x93\xfb\x14?\xc0\xb6\xac\xae\x03\xafY\xbf\
\x9e{}\xe42\xf30\xd3\xb4~\xad\x15\x05\x84\xc3\x12\
~\xfd\x0c\xf7\xc7>Y\xdf\xd9oh\xe4\xf3z\xd0t\
^\x17\x87 *\xe4\xb2\xb9\x8c\xbe\x9f\xad\xab\xab^g\
y\xd5-\xccO\xc1z\x9a\xad9\xa6+3\xcd\x9c\xcf\
\xa3\xff\x1eZ\xc9T\xb3\xadD,\xa3K6/\xabc\
\xe8\xe7B\xaa\xeff/\xab \xf2\xbd\xc6\x9d8xZ\
gON\xe7|\xfc\xf3z\xfa\xf8\xd9t\xfd}\x1e\xcf\
c%\x00\x04\x00\x00\xf82\xc2?\x00\xdf\x83\x1ay\xea\
\xe97\xdc\xf2\x1b\x8dY\x8b\x06\xec\xdcPT\xaf\x97\xa9\
\xa3MoS\xbe\xa3\x91?\xca\x0d\xce\x92\x9e\xcf\xa7\x06\
\xf5\xf8,\xbf\xb6CS#\xb5\xa6\x10on\xc4\x0ee\
N\xf6C\xd3\xf2:f\xb9\xcc\xa3\xe9y\xde\xb3\xed\x1d\
\xa4\xb7\x7f*\xe4S\x18\xd7\x8275\xaa\x8bY5\xbf\
\xcdw\xdb6\xdb\xb7\xad\x05\x7f\xfb\xfdn\xfb\xb6\xd9\xbe\
\xc5\xf3\xfdb\xd3\xa5\x98\xad\xc5l]\x8a].\x8b]\
.\xab]\x96\xd5\xd6\xc5{\xfc\xad\xc5_\xe2\xd1n\xad\
-f\xb6\x14\x1f\xe2yt\xa6^C)\x1f\xb4\xd2^\
qp\xbc\xfdWt\x22\x83\x97\xd4\xb2Q\xa4\xa4b\xaa\
\xcf\x5c\xd7\x9e\xa4x\xf8W\xd6\xa1^\xfeJ\xb5\x9aG\
L\xbe\xe3\xd3\xbc\x98\x96z\xd0\xfa\x1ekL\xcf\xe2\xcb\
Z\x8d\xa4k'\x0f\xa9d\x1a\xf5\xfaH\xdbLeO\
\xaf\xbf8\x9f\xe5APg\x87\x9fq\x1f\x99\xcb\x8f\xc7\
\x9e\xaf\xe3\xb9\xcc\xf17\xf2^g\xe7z\x9c\xe6!\xa7\
\xa6T?1\x87\xef\x99\xfaC\xb6\x88\xf0\xb8\x89\xc9P\
\xe1\xbe@\xcd/\xd8\xd0\x10u\xd0^\x97\xfd\x9eu\x7f\
\xbd\xbc\xc53s\x9d\x1d\xc6-r\xfb\x93\xba\x95|\xae\
\xbc\x5c\xdej\x9f\xf7\xec\x9cj\x1e\x01 \x00\x00\xc0\x13\
\x84\x7f\x00\xbe55V5\xcc\xe1\x9f\x14/\x1c#\xb9\
%?|D\x00\x12S\xf2m\xb8m~\xcc=i \
\xd6\xe8-\xd3\x1b\xcf\x16\x9f\xf9\xb6EK\xcf\x91R\x19\
\xdd\xf28\x06K^\xf6\x180\x9cM\xcb\xd3\xbf4\xef\
\xac\xcc<m\x9e\xff\xb5\x14h-\xf1\x02\x8e\xf1\x05\x1f\
\xba\xff\xd0\xebc\xaf\xbb\xed\xbb\x87\x7f\xdb\xb6\xd9v\xf7\
\x10p\xdb\xfc9\x7f\x1e\xfe\xf9\x83\xfeJ)\xb6.\x1a\
\x16\xbb\xac\xab-\xebbE\xc3\xb2z\xe8\x17O%\xeb\
o\xf2\x8d\xf0\xc2\xcc\xf6\x16\xfcE\x18\xa8\xe0 \xce\xd1\
\xf8O\x8e\x03\xd53P!\x98\xd7Q\xeb\xe7\x14\xe7\xbd\
\xbfAu\xac\xcfZ\xfdym-\xfc+\x8b-em\
u\xf3\xb3\xd0\xb5\xb8\xeb\x05\x10\xb3vhJMU\xe6\
\xec\x18J\x5c\xdf\xc5\x9f\xbe\xf8\xe485\xab\x0e\xbf\x03\
ml\xac\xcfG|\x7f\xbf\x5c6\xef\x86\xf6i\x0e\xe0\
\xac\xado\xfc\xfd\xce\xf2r\xf9\xfb\xd9o\xedl\xdaQ\
\xdc\xcb\x1a\x83Jz?\xe6t\xbde\xb5\xfd+F\x9f\
o\xc3\xcfJi\x1d&\xfdc\xbe\xddX7\xae\xc7\xed\
\xbf-\xa4\xd6\x10t\xebm_\xecl\x0f\xbf\xa8\xff\x06\
\x8ft,\xb9\xfe\xe6\xe3\xab\xd57\x9c\xcb>\xd3\xe7\x9f\
\x1c\xd3\x03y\xdb\x04\x80\x00\x00\x00'x\xde\x1f\x80o\
\xad\xa67\xf9*\xf4\xd3\xa0\xe9Cy\xcb\x0d\xd54\xaf\
DCX\xa3\xb9]\xdb\x1a\xbb\xb5\x07t\x0f\xf8\xbc\xde\
\xa0T\xf9\xdaz\xa4h\xc556\xe2\x11\x95\xa5\xd0\xb0\
\xa6\xc6~M\xcf\xfd\xcb\xe6}\xd0\xb2\xb3<\xfdl\xbe\
\xa5u\xcf\xa1\xc5l\xde\xc6\xb3\xf2E=\xef\xf2\xad\xb8\
e\xb1R\xcc\x96\xc5\x9f\xd3\xa7s\xa0\xe7\xfc\xd5\xea!\
\xdf\xb6\xed\xb6\x0d\xb7\xfcn\x1e\xfcY\xb5%\x02\xbf\x1c\
\xfc\xad\xab\x87gkY#L\x1b\xb7\xdd\xf63\x02\xc1\
b\xe9|\xe7\xd0\xc6\x14\x0e\xfaS\xfc\xfa\xe0\xe7\xde\x83\
\x90<\xb4\xb37\x9d\xa3\x98\x1f\xf9U\x8b\x01\x87\xfa\xf3\
m\xf9>,\xb6\xc41<\x0b\xc6~\x94~\x1d\x8eC\
\xdb\xb3\x14\xf4\x14\xf3\x83\xf3\xc3z\xf6\xd2\x8d\xb1\x86\xfc\
\xbb\xbf\x8a\xa5O\xd7\xb4\xe2/P)^\xe7\xbd\x9f\xa1\
\xca\x8c\xd7[\xaf\xb2\xbe\x1e\xbd\x00\xe4x\x19\xfb\xef\xab\
\xefO\xdf/_\xe7\xf9\xf5\xed\xdf\x0f+{\xe8\xd9o\
e6\xffv\xfax\xaf\xb7<\xa5\xe9\xbb>LR\xa1\
\x5c\xb6\xd6\xf8\xa3\x12\x7f\x87\xb4?=\xfc\xeb\xa5\xdbh\
\x9b\x94\xfe \xa5\xed\xf9z\xf2\xdf5\xff\xa5h\xfd\xcf\
\x8e\xf9\xcc\xe1\xbd0'\xf5\xf2\xdeu\xceu\x9f\xc7\xcf\
\xbf\xf7c\x98\xaf\x0b\xd1\xb6\xb5\x8c\xc6\x09\x00\x01\x00\x00\
&\x04\x7f\x00\xbe\xa5\x1cL\xbc'\xf8\xebj4\xecR\
\xa3v\x9e\x9dG\xa7\xcex\xbd\xc1\xdb\xc7\xdd\xd0bn\
r\xd9\xbe\x9ej\xb5\xee\xfe\x8c\xc1\xb6\xa4\x96\xef\x81\xc7\
\xd0PM\xc7<\x98\xa6=\xfa\xfe\x8cJ\xa9|\xfe\xcc\
\xeb8k|\xcf\x8da}\x9f\xc3?=\xdf\xcfs\x94\
\x1a\xcf\xef\xdb{\xaf?\xf5\xfc\xdb\xa3\xc7\xdf\xfdn\xf7\
m\xf3g\xfdi\x9d\x8b\x0f\xeb\x1a=\xff\xd6\xb4\xfee\
\xb1\x12\xf3\xfb\xb3\x04\xdb\x09\xf3@\x227\xe9\x8bz\xad\
i\xbc\xcf\xd4[`k\xb5\x88\xf2\xd4c/\xc2\xbc2\
t\x00\x8c\x82\xfd\xad\xa0~m\xf9\xb9l\xd7Y\xed1\
\x96>\x8by\x1dy\x80\xb9\xfeT/\x00\xf1\xf3zr\
\xbd\x99\x1f\xc0x%\x8ce\xc6ez=\x8c\xab\xca\x01\
\x91>{\xcdH\x8d\xba\xf4\xa2:Ic\xb8\x94\xd7\xeb\
\xdf{\xb9qO\xb5/\xd9\xbc\xaf\xd2\xcfE\xdf\xd6\xd9\
\xf2_g\xae\xcf\xd2\xae\xc3q\xddu\xaa\xe4v{\xf9\
l:\xbcj'AZ6\xac\xd3\xe5^\xb0c=[\
\xecI\xef\xb1\xea\xbf\xb1\xfc\xdc\xce\xbe\xc2\xb6\xc4t\x8c\
:\xb2<<<=\xef4o;\x9b\xa7\xf7\xfd\xc9u\
\xdc\xaf\xed\xfcw\xae\x7f\xaa\xfcc*\xfb\xf3\xfcj\x01\
\x00\x00~\x02\x84\x7f\x00\xbe\x155\xd6j\xadC\xe8\xa7\
!7\xe6T>+5z\xbc\xc4\xe4\xb9\xb1(\xc7F\
\xe3\x1c`\xc4\xdc\xd6P\xf4\x99cX\x90\x02\xa1\xd4\x98\
\xd4z\xd4\xa4\xafqS\x9f\xb6YN\xf6;\x1b\xe6i\
{5B\xa7\x93\xe5\xe6\x06n\xad\xa9WU,\x93\xe7\
\x8b\x1a\xd9\xb9\xce\xb3\x9a\xcah\xf0\x9e~\xe3\xb4\x92\xc2\
7\x1dg\xdd\xfdv^\x9d\xb7\xf6\xa2\x8f\xdb\xcd\xb6\xfb\
\xcd\xb6}3\xab\xbb\x15+\xfe\xf6^\xf5\xf2\xcb\xa1\x9f\
B\x80\xf6\xe9A\x86\x87\x19\x8b\x7fW\xed\x173\x8b\xe0\
\xe8\xec\x9c\x97)5\xa9\xe6\xeb\xc9UZ\xad\x1dD+\
\x15G\xd4\xbe\x9b\x8e\xaf\xcfn\xb7\x8fk\xba\xd7\x85\xd7\
\xc9\x12\xcf\xff\xfbYz\xffi\xff\xdbq\xc4w\x9f\x93\
\xae\x8f\x93\xeb\xcc=?\x86\xf9\x9a\xf2i\x96\x96\xeb\xdb\
\xcb\xbc\xe8X\xc7]I1\x8c\xf6\xbb\xff4\x9c\x9e\xbf\
\x99'j\x1d\xf36\xbdL?\xd4q\xbe\xb6\xfd\xe8s\
6\x9f\xd7\xf3r=Q.%n3o\xe5\xfcx\xea\
Y\x0f\xb8t\x08\xc3\x9c(\xdf\xeb\xb8\x1c\xfe\xe3E\x0b\
\xc1\xf3\xa0\xc5\xab\x87\xda9x,\xe9Y\x9aZ\x9f\xff\
\xa6\xe6\xba\xeez\xec\x1d\x86\xed\x8c\x1b=[\xc5Y]\
\xe9\xb8N\xeb\xe3d\x99\xb9\x8c\x02\xfe>>\xce\x1f\xcf\
\xb7\xef\xa3\xea\x7f^\xb7\x11\x00\x02\x00\x00t\x84\x7f\x00\
\xbe\x85:\xbd\xd8\xe3Y\x8f\xbf\xd6@\xb49\x05\xa8V\
\x8b\x0f\xb9l^F\xe5D\xb7\x12zCw\x0c.\xb2\
\x1c\xe0\x99\xa5\xb6\xfb\x14Z\xf42\x11Ny\xcb\xd2J\
\xbe\xc5rj\x0ck\x99Cx\x95\x1a\xc2}+\xf3\xb1\
\xe4\xe21\xad\xd4x\x92\xd8\xeeu\x91:\xc3i\xfdy\
\xf9\xb9\x81\xaci%\x02\xac\x12\xc1\xdf:\xf4\xf8\x8be\
\xe2\xf8t\xfc\xc3\xf9\xbbo\xb6\xdf7\xdbnw\x1f\xe2\
\x0d\xbfu\xdf\xcc\xcc{}\xad\x8b\xd9e-\xb6\xacf\
K\x0a\xffZ\x00\x98^\xe8a\xb9\x07\x9d\x9ea\x16C\
i\xcf\x9d\x8b\x07\xff\xe9\xd9\x80VlQ\xd18\xe4\xdd\
\xcc\xac\xc4\x1bkK\xdc\xea[\xcd\xcfQ\x1c\x8b\xf9\x11\
\xd9\xde\x82\xa5>\xec1\xd4\xea=\x1d[\x18\xd3\xf6M\
\xbd\x19\x17[\xd6K\xf4\xfe\xcb\xa1\xca_\xc7O{\xbe\
V\xfd\x9c\xf9\xbc~M\xe8\xdbx\x9d\x1c\xc3\x95\xcc\x8f\
\xad\xd7\x9f\xf4U\x946\xbf]\x8f1t\x8f\xd7\xafk\
\xa6oG\xd7n_[\xaf\xdf8\x87\xd5\xa7\x8f\x83\x9f\
\xf7\xa3\xf3\x93s\xf6\xfb\x90g\xf3\xac\xd5_N\xef\xd2\
u\x9bE\xafSS\xaf\xd3Yz\xac\xc1\xbchSt\
\xcby\xfa;\x12\x9f\x8bn\xdf5\x7fk\x8d?\xbf2\
\x9e\xb7Y\xfdv\xf6\xa5\x14\xefi;\xff\x1dz\xbc\xc5\
\x16t\xb7\xa1\xf5\x9aU\xe5\xcf\xc9e\xa7\xed\xe8Z\xd4\
6\xf3\xe7pM>\xf8\xbb\xd7)\xc8\x1b+X\xe7`\
\x5c6=\x8f\xf5p\xbd\x8e\xdb$\x00\x04\x00\x00\xbf=\
\x9e\xf7\x07\xe0_\xa5\x06\x9d\x82?\x85G\xf7\xfb\xdd\xee\
\xdb\xdd\xb6\xe1\xed\xbe9\x0c\x8b\x7f\xa2\x91\xd9\xe7\xc5z\
\xad\xbf\xf5Uz\xf8\xd2Z\xa7\xed\x19d\x8f\x0c\x8d\xc3\
hT\xaaq\xe8\x8d\xd3\xde\xf4\xcd=\x8f\xd4g\xac5\
\x805\xbd\xed\xbf\xda\xc7\xa9Q\x9a\x8ec(\xfb\xb4\xc1\
\xdb\x0d\xe5\xaa\xefo\x89J\xa8q\xeb`.\x97\x1b\xd7\
5\x1a\xdf\xf3\xb0\xc6\xad\xb7C\xaf?\xf3V~-\x1e\
\x22\xd4\xba\xf9[}\xf7\xcd\xb6\xdd\x9f\xe7w\xdf7\xbb\
ow\xbb\xddnv\xbb}\xb6\xdb\xed\xb3\xbf\xe9w\xeb\
\xc1\x9f\xdf\xea\xeb\xcf\xf7[\x97\xc5.\xf1F\xdfU\xcf\
\x10\x8c\xdeL\x0a4\xac\x98-\xb5\xd8\x92\xa2\x0c\x1d\x87\
\xcf\x8fc\x89}\xd3\xd9(*c\xfdT\xe8{\x7f\xd6\
\x9f\x07!\xedT\x9b\xd9n\xbb\xed:S\xf39\x88\xf3\
\xaa\xeb\xa3\x9f\xd3\xbeOf\x1e\xa6x\x90\x19\xb7H\xfb\
\xdcaU?\xde\xf4[\x9a\x8fm\xe2\xc7b\xc3r\xe7\
\xbc\xd6\xe2\xe2;\x19$~/\xa6z\xb4\x16R\xf5\xf9\
\xe6\xc1\xeci\x12f^\xb7\xb1L\xdf\x9f\xbc\x8ey\xb9\
8\x1f\xa9\x88_\xf3\x9a\x97?\xbfR=\xb9>\x06~\
\xfc\xb9\xde\x86z,{\xbfvU7C}L\xd2\xe1\
\xce\xbf\xd7y)M\x8b\xcb\xb1\xd7\xbbT\xef\x05h\xfa\
\xef(\xf9m\xdaf)T\xf7\xb1\xf7\xd4\xd1|\xb6\x8f\
\x13\xe2\xf8{\xcd\xc4>\x8e\xeb\x9e\xc7\x1fM\xb3X_\
\xfe<\xd3gi\x1d\x1ez\xeb\xb7\x1a\xa5\xd2\xb4\xbe>\
\x02@\x00\x00\xf0[#\xf8\x03\xf0\xaf\xa8\xa9\x17\xd5\xb6\
yX\xd4n\x11\xbd\xdf=\x0cL\x0d\xebC`\xd1Z\
\x8f'\xa1D\xbf\xd3\xee\xa4\xe1i\xd1\xd8\xcb/\x10\x18\
\x0b\x8d\x8d\xcch\xa2\xb6\xb0 72k\xba\xedP\x1b\
\x8b^5\x16\x0dk\xad;5x\xdb:\xf2>O\x0d\
\xdb\xd6\xa0M\xe3\xcf\x1a\xb7G\xc7\xc6\xfa{\xd6\xa1 \
a\xbe\x05\xd7\xd7\x94\xd6W\xab\xd9\xde\xdfp\x5c\xf7\xbd\
?\xe3o\xdb\xfc\xf9~\xb7\x9b\xbf\xe4c\xbb\xdb^\xfd\
\x16\xe8R\xaa]J\xb1uY\xed\xb2x\xf0\x97\xb7\xe5\
/\x11\xf1g\xe5\xf9\xe0\xdd\xbdt4\xea\xcd\xa8]\xc9\
\xe7\xaa\xb6\xf9=0\xf4]\xcda\x8b\xa2c\xad\xe6\x18\
\xde\x0c\xa77\x9d4\x7f\x89I\xea\x89\x1a\xbd\x87\xf6\xda\
\xd7\x19I\x86\xef\xc3\xb2\xda\xb2x\xef\xbf^\x97\xda\xca\
_\xc3\xeb\xa2\xd7\x89n\xd3>\x96\x89\xeb\xefp\xbd\xcc\
\xe3\x99N\x8c\x87\xe1^\x0d9d\x9f\x87^W\xf3Z\
}\xbb\xe3\xefn\xdc\xb6\x1f\xc7H\xdb\xf6\xf9f\x16\xb7\
\xe7\xcfe\xd2\xef+\xb6\xe3\xebK\xbfW\x95\x9e\x82\xa0\
\x87\x9e\x9e\xd8\xe2\x7foR\xbd[\xac\xdb\xff#FZ\
w\xfe\xc3\xa5\xdeiyv\xff\xda\xa7\xa5\xc0\xceR\xef\
\xbf\xfe\xbb\xf52zA\x8fB\xbf\xde\xd3U\xc3\xd8\xfb\
O\xbf=\xad\xf7\xcc\x17\xeb\xe5\x01\xdf_\xdfn\xb1\xb8\
\x06\xd29\xc9\xf54O\xcb\xbfy\xcd;3\x9e\xe36\
\xb5]\x13\xbaN|\xbd\xfa\x1e\xa5\xa6\xdf\x00\x01 \x00\
\x00\xf8m\x11\xfe\x01\xf83\xd4\xa8\xea=\xfd\xe2E\x10\
\xf7\xbbm\xf7\xf1V\xdf?3\xe4e\xc5\xdb\xbb\xbd\xcc\
\xfbx\xc3T\xe5\xfd\xb3\x8f\x97v\xcbZ\x94n\xf3\xd3\
\xf6\xfbL\x9f\xd6\xd6}\xee\xac\xcc\xb8\xfd>\xed\xd9\xf8\
\xa3i\x96\x82\x82\xdc\x80\xce\xb7\xf7\xfa\xcb5\xf4\x92\x8d\
9\x00\xb0\xa1^\xf6=\xce\xe3\x96zl\xea\xad\xbe\xb7\
\x9bm\xf7\xbb\xbf\xdc#\x9e1\xb6\x14ko\xf5\xd5\xad\
\xc4\xfa^\x96bu\xf1n\x7f\x0a ,B\x01\x8b\xdb\
\x7f\xdb\xad\xbc\x91\xeb\x95G\x99\x8b&\xa6\xc3o\xc72\
\xd4\x89\x1f\xcb\xa1\xd2\x83\x9fR\x7f\x96\xa4\xe71\xfd|\
\xb6s\x9a\x07?J\xbf\xd12n)/%\xf7\xfeS\
\xbd\x9f\xed\xf4\x8f4^\xa7\xf9\xba;\xbbf\xceE\xdd\
\x9dV\x9e\x1f_>7Z\xed\xe9\xf9\x8a\xed\xce\xb3\x0e\
\xa7+\x85T\x0a\xf9\x1e\xad\xef\xe8l?\xb3~,\xf3\
\xad\xa3\xef\xf2dGZ\x9d\xd6\xf3rs\x98e\x96w\
'\xc21\xf3\xdbs5\xeb\x91\x92\x02\xbf4UWe\
\x9a\x14\x1bP\x10\x96~k\xa5x\x08\xe8K\xf6\x9b{\
\xf3\xdf\x8d|\x1d\x9f\xee\xff\x93\xbd<^c\xc7\xe5\xf3\
vT\xfe|;\x8fi\xb9\xe3\xf6j\xfa\x8f4}\x9a\
\x87\xfb'\xbf\xeb\x18\x08\x00\x01\x00\xc0o\x89\xf0\x0f\xc0\
\xd7R#j\xb8\xbd\xf7~\xb7\xfb-\xf5\xf6\x9b\xc2\xbb\
Z\xfd\xd9j{,7\xae\xc7\x07\xad\xb3/\xefo\x9b\
\xf5\xf1\xa9\xb7V\x92\xb7\xe3\xca\xd0\xcb\xa8\xcfo-\xf1\
$O\x9b\xe7%\x0a5R\xc3u\xde\x97'K7\xf3\
2\xcf\xe4\xe3\xca\x0d\xe6\x1c\x0c\xe8\xfb\xf0\x06\xdfR\xfa\
-\xb7\xb1W\xc5W\xd8\x8e\xb7\x96\xddv\xf3\xdb|\xf7\
\xd4\xd3\xef~O\xb7\xf8F\xf0W\xa3\xee\xcd\xaa-\x8b\
ok-\xf1V\xdf\xa9g\xe1\x92_:\xb0\xf8y\xd0\
\xbc\x88\x01\xa6}\x8f\xfdO\xd1A\x8f)\xfa\xe9i\xe3\
IU\xd9\x08\xf5\xaa\xa5[\xc4s\xaf\xb8\xaa\x00\xd7\xeb\
\xc2{i\xc5$\x1f3\x85\x80^\xc4\xb76\x87$z\
[\xb1O\x8f\xdeW\x7f\xa1||\xb5z\xef\xbf=\xfd\
F\xe6\xdd\xcbW^\xbe\xb6\x8es\xf3\xb4|\x0b\xb0\x0d\
k=\xbb\x94\xeb\xc9s\xdf\xdc\xb3\xe5\xf4{\x9d\xf7)\
\xe6\x16k7m\xe6U\xce\xc7\xa0\xef~n\xf3\x15s\
\xece\xf6\x88\xef\xc6X\xaf\xd2\xbf\xd7\xf6\xbc\xc9L\xb3\
\xdb\xf1[\x89\xb8N\xd7\xb9b\xbb\xb3\x1e\x92\xfe\xaf\xa9\
C\xecx\xc01\xdd\xaf\xc5|+\xaf\xf91\xb6\xb5\xfa\
\xf5\x9d\x83j/\x1b[O\xdf\xad\x1d\xd7\xbcGY\x94\
==7}=\xfae\xb7+ez\x16\xe0|n\xb5\
l?os}\x1e\xb7'\xf9\x5c\xf7\xeb\xe6x\xceT\
f^\x15\x01 \x00\x00\xf8\xad\xf0\xbc?\x00_K\x8d\
\xab}\xdf\x87\xdb{\xe7\x17{\xe4\x06\x9d\xca\xfbw\xbf\
=1O\xdb\xf7\xdep\xf3i\x9b?\x83.\x82)\x0f\
\xa7\xbc\xf7Y\x0b\x07m\xec\xf14R\xe3V\x0d\xd3\xfc\
96\xa6\x9d\x1a\xbf\xc7\x06\xbd\xd4\x1a\xb7\xfb\x9elo\
>\xdeL[\x9b\xa7\xcf\xe3g\xe1D.3\xcc\x8d \
M!\x80\x99E\xaf\xbb~{\xad\x87\x06\xfd\xc5\x19\xb5\
z\xe0\xe7)Yn({}\xde\xef~k\xaf\x07\x7f\
7\xbb\xddo~>\xb7\xcd_\x88a\xbb\x95R#\xf8\
K/\x0e)\xfd9\x82C\x08\xd8b\x8f>,\x11\xa8\
-1\xbf5\xfec7\xfd\x19i\xbd\x87b_.\x8e\
\x7f\xaa\xa2\xb9\xce\x8b\x99\xbf\x18DA`\x0b}\x14\x10\
\xc6m\xbd\xba&=\xf6\x8b\x8d\x9b\xbf@!\x9e\x9d\xa6\
\x1eT9\xb2,V\xac\x94\x9f\xed\xd6\xdf\x18\x14\x96\xc7\
\xf9le\xe2\xb3LWvM\xcf\x87|\xbf\xf3\xdf\xc6\
\xcc\x83\x1ek\xd7\xdd<\xcf\xcfh\x9d\xcfnL\xcbC\
L\xad5\xd6\x97o\xf3t\xbe\xfbc\xf9\x98\xf3U\xc7\
\x96\xf7s^\xdb\xd9z\xaaY\xbap\xe3\x08b\xc1Z\
\x15\xf4\xc5\x90\x02\xb8aM\x1a\xe9?S_EL\x1f\
\xf7\xa8\xff\x1e\xfc\x92\x8e\xebS\xd7h\xbb\xe6{\x05\xe9\
w\xa8\xfd/\xf9\xefB\xbb\x22\xfaP\xca\xf1\xef\x92\xe4\
%\xbe\xa4X{\xfc\xe1W\xf3k\xa7/|V\xf7f\
\xc7\xdf\xfe\x99\xfe\xfb\xe8\xeb\xc8\xc5\x09\x00\x01\x00\xc0o\
\x83\xe0\x0f\xc0\xd7R\x83\xaa\xf7\x14;\x06\x7f\xb9\x5c\x0f\
\xf8\xf2m\xb4\xb9a\xe6\xa1\x85Y\xef\xdd\xb7\xef[{\
\x86\x99\xc2)\xf5\x04\xec\xdb\xf2\xb7\xd0\xee\xfb\xfd\x9d=\
\x02sCw,?\x96\xeb\xd3\x1e\x8d\xd7\xa1ay^\
.\xcfW\xf9<\xff\xcc<O\xe3j\x00k\xaeB\x84\
\x1c*\xf4g\xed\xc5<\xaf\xe4\xa8\x9b\xcd\x83\xad\x12\xe7\
$B\xa2\xf6L\xbf\xfb\xddnw\x0f\xfc<\x04\xbc\xdb\
\xb6\xdf\xadFoL\x8b\x87\xf9/6\x05\x7fihA\
D\x1aLw\xfaZ\x0f\xcaz\xc87\xd2\x99Q\xc8 \
:\x9a\xdd\xaar\x96\x18\xf4l\xbeq]U\xff\xf2J\
\xf7iz\x06\x5c\xbaE\xd2\xeb%\x0a\xd7\x08\x05\x15(\
\x9b\xf9\xad\xcb\x0aK\x14\xb0\x94\xd2\xde\xfa\xeb\x9b>\xf6\
\xe0\xfa\x91\xfa5\x16\xbf\x91\xd4\x8b6\x97\x89/fS\
\xdd\xfe9\xef[\xc3\xb3\xeb\xbd\x871:Q\x9a\xaee\
\xda\xa4\xc9q\x9d\xfd\xeb\xd9B\xe3\xfa\xed\xc1\xfe\xbc\x87\
\xea:\x8f\xc7\xa5\xe3C\xf4\xb6\x13=\x1f\xb1\xa4\xebN\
q\xb3\x02hS\x10\xdd\xc6c\xd9\x169\xa7\xdfC\xf5\
\xeb\xb6\x1f\xce\x83p3v\xc8\xf7/R\xc9E\xbdp\
\xe3\xbaM\xbf\xc7(0\xfc\xf2N\xd7\x9b\x94\x93^|\
\x07\xf5\xdd\x97\xca\x17\xd75\xcf\x9f\xc7E\xd7\xd5\xd9\xb9\
\xea\xff?\xd3\xeb\xdd\x08\x00\x01\x00\xc0\xef\x82\xf0\x0f\xc0\
\xd7\xa8\xe9\xb6\xdc\x1c\xfc\xe5`\xef\xd9\xa0u(\xac\xc8\
\x8d\xb2\xde\xcboo\x81\x9e^$2\xaf\xc7\xcb\x8c\xbd\
\x01\xb7M\x81\x8e\xf7\x1a\xec\xcf\x82R\x83\xaf\xf7\xea{\
\xd6\xb6\xd5~\xe6\xf1y\x9a\xe4Fr\xde\xbf\x16~%\
\xb5\x1eC\xc0\xfc\xddb}\xf3r9h*\xf9\x96\xda\
\xd2\x1b\xf4>\xa8\x8c\xb5\xe3m\xf5\xa1z\x8d\x9e|\x1a\
\xb6x\xa6\xdf\xed\xf6\xd9n\x7f|\xb6\xfb\xe7\xcf\xb6\xc5\
9U\xa0\xaa7\xe9\xc6c\xfcN\x83\xbf\xb6o\xd3K\
\x06\xfa\xf1\xc4g\xf14P\xbd\x9c\x86#\x8dqo\x8c\
{\x03\xdd_d0\xc77z\x97Btu\x1a\x02\x1e\
\xff\xeeu\xab^|\x9a\xa6\xfa\xf0\xb7\xffz\x9d\xc7P\
=Xi\xb7\xccV\xb3Z\x16\xab\xd1\x9b\xd2+7\xea\
\xb7\xc5\x05)\xb4\xa9\xf5I`\xf5\xfd\xf4kn\xf7\xdb\
\xe6\xd3o\xd3\x83\x8e\xa9\xbcj*\xf6\xf9k\xf4\xeb5\
\xce\xc9\x93\xe5\xf3\xb5\xfd\xec\xb76\xca\xc1S\x7f\xb6\xa2\
O\xcf\xbf\xe33\xe7\xbfQ\xed\xaf\xd7E\xfe\xfd\xbf{\
\xa7\x9e*\xad\x87c\x9b2\x86j\xd5\xeb\xbaE\xcbq\
}\xf9?y)\x0f\xe4\xdax\x5co9\x90\xd3\x02q\
D>\xa7\xfd\xe6\xd3\xb2\xf1\x9b5\xdb\x15\x99\xab`\xfa\
M\x9e\xdf\xb2\xde\xd7s2\xf3\xc4\xc3z\xd4o3\xcd\
\xce\xe7\xe7\xec\x5c\xbd\xd7\xb3e}\xd68\x7f,\x7f\x5c\
\xb6\xf2\x0c@\x00\x00\xf0; \xfc\x03\xf05\xd4\xa8W\
\xc0\xa0\xe0oO\xcf\xf0;+\xaf\xe9y\x5c\x0d\xf2\xfc\
\xe6\xd5<\xaf}O\xc1\xa2\xb6\xa5\xe0p\x8f\xde\x81=\
8\xbc\xf9\x8bG\xb6q}\xb17m\x1f\xf2g67\
f\xe72y\xd9Z\xc7\x06\xbc\xb4\xe6\xfap<\xbd\xa4\
\x02\xad6\xfe\xa8\x01\x1d4\xdf{\xf4E\xf8\xb7\x14+\
\x8by\xef\xa2\x18\xfaw\xdd\xccz\xac3\xaf\x9b\xe8\xdd\
w\xbb\xd9\xeds\xdc\xe2{\xfbl\xf7\xdb\x14\xe4\xa6\xa0\
\xa4\xbf\xe0\xc3\x87e\xf1 PCi\xcf\xc3S\x8fD\
\xed{\x0f6J\xf1\xd0\xaf\x9a\xc2?/4\xd4F\x1d\
o\x02U$R\xfch\xfc8M\xb7\x14z\xc0\xe0u\
\xad;B{\xc0g\xa9\x97\x95\xa6\xfb9Q\xc0W#\
\x03\xab\xfd\x1aL\xfba\xf1\x96b\xd5\xbb\x8e\xc1w`\
\x8fz\xf6\x80\xd1\xc3\xb7\xe8\xa9\xdaz\xbf\x9e]\x1d\xdf\
N\xbe\xb6\xb4\xfd}\xef\xcfp\xcc\xe1\xdf|\x1d\x9f\x05\
\x7f\x872\x0f\xf9\x19Q\xf1G\xcb=\xbf\xaeU?\x0a\
\xe4\x14\xbf\xe4\x80O\xc7\xa6\xf2\xda\xd6\x9f\xad\xdbg\xfb\
\xf3\xd8\xa3\xe3\x1b\x7f\xd7y\xbf\xb4\xcf\xedB\x8d\xe0\xcf\
\xff\x96\x1dv\xbf\xb4_H\x8c\x8ea^\xff\x83\xe2\xeb\
Qp\xae\x95\xf8\xef\xb3\x87\x8e\xad\x8e\xf2\xf3\x03#$\
l\xdb\x8a\xdf\xa9\xaf\xde\x97\x1d6\x99F\x1e\x1d\xff\x99\
\x5cVwD\xe7c}vM\x9cm\xe7=\xd3\xe6q\
\xa9S\xbe=\x97\x9b\xc7\x09\x00\x01\x00\xc0K#\xfc\x03\
\xf05\xd4\xe0\x9d\xc3\xbf\xb9!\x95\xcb\xce\xd3\xc6\xcf1\
D\xf8\x9a\xa1\xb5\xee\xa6\xfd\xd9\xa2G\xa0\x0f>m\xde\
\x8f\xd9{\x1a\xbb\xe5\xd1\xbc\xea\xf1\xd2Y\xb3\xf6\xa4\xb4\
K\xdb\xd3\xb6\xd5\xe8\xcf\xfb\x92\xa7-\xed\xd6=5\xe6\
\xfbj\xfc\xaeB\x0f\x06\xb4|\xb5j[\xab\x97\xbb\xdd\
\xef\x1e\xf4\xdd\xe3\xf6^\xdd\xee\x9b\x9f\xd9\xd8\xcf\xe5\xdc\
\xdb\xcf_\xec\xe1\xc1\x9f\xf6e\xec\xf5\xe7\xb79*d\
\xf0=\xd0\xb4\x96@\xa4Z*\xe99\x5c\x16\xc1`\x0b\
\x04[=G\xdd\xc4\xb0X\xb5R\xf7\xb6\x96\xb8\x8a\xe2\
\x16g\x85\xc9\xfd\x1a\xab\xe9\x16\xe7\xd6\x834_k\xbb\
B\xc0\xea\x97\x92\xde\xf2[V\xb3\xe5b\xcbz\xb1R\
V\x8b\xa4\xb5\x85(>x\x9d[lc\xdb\xa37\xe5\
~\x8fkP\xf5\xd9\x83\xe8oc\xfc\x1d\xb4\xd0/\xb6\
\xb7m\x9b\xed[\xeeY\x9b\xceK\xae\xdb|\x01=\x90\
\xf7y>\x86\xfeB\x8d8G'\xeb\xaa\xb5\xd7W_\
t,\xe7\xcbi\x9f\xfc\xda\x1b\x7f9\xf3\xf8\x19\xed\x83\
\xca\xce=\xf2z\x99\xbe\xcf\xa9\x8c\xea\xa8\x95\xd5\xe4\xc7\
\xc7\x9f\xd5\xaa\xd0=\x02d\xdf\x85\x1e\xc2\xb7(]\x87\
\x13/\x0f\x8ag\x9d\x16\x8b\xf2\xb1\x03\xc5\x8a\xff>R\
\xfd\x95\x08\xa1}\xf1\xd8\xdf4o8\x82T\x8f\xd5\x14\
\x92\xfb?\xad\xe7p\x0b\x01\xfb\xef\xf5Q=\x9f\x9d\xdb\
\xf7i\x074\x5c\xb32O\x9b\xb73\xd7w/7L\
n\xc6\xf2\xe3\x7fFp}<o[\xc3\xfa?\xfe\xe3\
\x7f\xfe\xaf\xa1<\x00\x00\xc0\x8b \xfc\x03\xf05\xea\xd4\
\x93\xec,\xf8\x9b\xc7\xf3\xb4y^\x9fn\xdeP\x9d\x1a\
\x86\xf9s\x9e\x9e\xc3\x8c\xda\xa6\xd7\x96\x09\xce\xe5en\
`\x9eyT&\xafi^\xafMMM\xcd\x9d\xcby\
\x83{T\xa3\xf1\x99\x1b\xf3\xadl\xda\x17\xf5\x0f\xf2\xe9\
\x11\x1aD\xd2P|\x81\xbe\xbe\xdd\x9f\xcbx\x8f t\
\xbf\xdfl\xdf\xee\xb6\xef\xfe6\xe6\xba\xf7\xb7/\xe7\xba\
\xf6\xed\xf9\xc3\xff\xe7\xe0o\x8d\xd0\xaf<\xb9\xc5\xd7\x97\
\x8f`\xa9\xdd\x96\xec{\xaf\x1a\xea\xbd\xe9bj\x9b\x1f\
\xff\x8e\x7f\xf5c\xefo2\xcd\x0f\xef\xb7\xb6\xecx\x0c\
r6\xcdtn4O\x13K\xb1R.V\x22\xf4[\
\xd6\xd5?\x97\xd5\xbf\xb7\xb7(/>\xad\x85\x9fz\x83\
k[\xf1\xd0\x13\xaf\x87p{\x5c\x9b5\xcah\xa1Q\
>\xdf\xa3\xbeL>.\xf5t\x1c\x7f\x97\xbe\xdd\xecp\
-\x9d\x5ck\xb3G\xd3|\xfa\x83\x030\x8byZ\xef\
x]\x8d\xc5\xe2\x96\xd4V\x19\xc7\xed\x8d\xd7\xc1\xf8\xac\
9-~n\xbeN\xb4}-?~\x1e\xa6>:A\
'\xb4\x7f\x8a\xf84\xa6]8\xacK\xe71\x95\xf1\xdf\
L:/Qw\xb6\xa8\x1e\xfb\xf4V[\xc5\x7fge\
\x89\xebr\x8d\xdby\x8bz\x18o\xfd\xd6\xf7jV\xca\
b\xebr\xb15_\xdf\xa5\xbf((\xff\xa6\xe7\xfa\x9b\
\xe9\x98\xda\xb1\xa7\xf1R\x8aU\xab\xf1\x0bW\x9d\x9c\xaf\
\xafo\xefk\xe8\xf7>\xfe\x7fF\x9b{\x98\x96\xcb\xf5\
7\x10\xb7\xb9\xe9{\xf9\xcf\xff\xfa\xefyi\x00\x00\x80\
_\x1e\xe1\x1f\x80\xf7R\x03)\x87\x0c\xdb\xb6\x1d\xca\xcc\
\x0d/\x8d\xcf\x9f\xfa\xde\xa7\xebv\xcdc\x99yZ6\
O\x9f\xc7\xd5\xb8T\xc3vY\x16[\xd7\xb5\xcd\x9b\xd7\
\xffl\xdb\x8f>s\x03\xb8\xe8\xb8\xa6rj\x06\x0f\x0d\
\xdd\xea\xe9E\x9dz\xbfx\xa3^\xfb\xa1\x98\xac-\xd4\
\x87v\xdb\xaa\x87\x08Z\xa4\x9azC\xa6[A\xe3\xbb\
\xc5\xbe\xa5\x08a\x5c\x7f\xf1\xb0n)\x11\xd2\xb5^\x86\
=|P\xc2\xd0\x8fE\xe1\x8eV\x11\xbdnb\xda\xd0\
\xb4\x8f[\x7f\x9f\xddf\xd7z@\xf5SaUag\
\xccT=\xb7[+\x87s\x12\xc7\xd8\xc2\xb6~\xb4\xd5\
w v\xaa\xb4g\xcb\x95\xa5\xd8RV\xdf\xf7\x12!\
g;\xc6\xd8f1\x0f!\x97\xc5\x96x\x8b\xab\xa9\xe3\
\x94\xe2\xc9\xe25\xea\xfcsi\x01\xce\x1c\x98zX\xa3\
m\xf8\xb4\xbe\x5c\xfe\xee\x14\x00\xfag\xeeU\xe8\x81n\
\x7fn\xa1\x8e{\xd6\xae\xaf\xf8\x9e\xa7\xe5s\x98\x95\xf7\
\xbc\xe0\xe1\xa0U\xb2\x8f\xb5\x9coZO*\xe6\xf3\xb4\
\xcc\xbc\xbd\xdcK8\xdf\x1e\x5c\xa2>z\xf9~-\xf8\
<\xcd\x1f\xaf\x91\xb3\xcf~\xfdhz.\xd3\x83\xdcq\
\xfeP\xa6\xfao\xac\x87\xea'\xeb\x8a\xe73\xc6\x9e\xa5\
\xeb\xa8\x9f\x8f\x1a\x7f3\x8ay\x90\xd6\x8fNGlf\
\xb1l)\xc5\xd6u\xb5\xcb\xba\xda\xbaF\xef\xbej\xb6\
\xd7\xcd\xea~\x8f\xdb\x8d#\x04\x5c.\xb6^>\xd8\xe5\
\xed\x83\xad\xd77\xbb\x5c\xae\xb6.\x97\x16d/\xf1\xf6\
p]\x93\xefQ[\xb8\x9b\xbe\xd7\xfe;~\x98tO\
T?\xf3\xb4|\xfd\xf52\xf3oa\x9c\x7f\xfc\xec\xbd\
\x9au.r\x99\xfc\x9d\x00\x10\x00\x00\xbc\x1c\xc2?\x00\
\xef\xa5\xc6\x91B\xbf\xb9!\x9c\xcb\xe4\xef\xed\xd3G\xce\
\xe7\x0d\x8d\xb21\x00|\xf4)55<[#\xb1\x05\
\x5c\xc7\xf9%\x05\x80\x0a\x04\xf3\xba\xf2\xe7\xe9w5\x1c\
\xa7ym=1m\x8f2e(\xe7\x0d\xd5\x12!Z\
\x9b\xaf\xb9i_=\x0c\x88\x12)`\xb2\xea\x81A{\
A\x85\xde\xc8\xabmD\xf0\xe0\xb7\xa2\xeeV7\xdd\xf6\
\x1a\xb7?W\xeb\x01\x98Eh\xa8\x9b\xe4\x14\x00E\x08\
\xe5/\xbc\x8d@*\xc2\x09\xdf\xbd\x1e\x8a\x15+-\x80\
\xcbuY\x8a\xbf*\xc4\xf2\xad\x9f\xed\x88\xfb\xb1k\x89\
\xea\x0b\xf9\xb8W\x92\x07#mfMKi!\xdfn\
}\x18\xfe\xf4i{\xf5ek)V\x22\xe4\xf3\x97\x97\
\xf8\xf7\xb2x`\xe9A]\x0fcZ\x9d\x04\xd5\x87\x02\
N\xcd\xd3g\xecz|og\xb6M\xd79\xee\xe7Z\
\xcb\xfb\xf6\xb4\xb0\xb6\xdb\xea9:\xc8\xa9\x16\xdb1\xee\
~K\xb3E\xe0[\xf79*r\xf3~\xe6\xcf\xb3\xef\
\x1a\xd7v\xf2\xf7\x7f\xd5q=:8\x05:\xda\x07\x95\
+\xed\xfbx\x9es\x99y^_\xb6\xa6 ._\x1b\
\xf3u\xa2E\xce\xfe\x06\xe9{\xfe\xbb7o\xaf\x0f~\
\x0b\xf0\x9e\xde\x96\xdd\xca\xeaoS\xccKO\x9a\xf4\xfa\
\xf7o~\xbeU\x13\xfa\xcd{!\xab\xbam\xd8\xd7l\
\xa5\x14[\x8a\xffM\xbb\x5c\xe2\xf6\xfc\xa8\xb3!\x00\x8c\
\xc0\xb1,W[\xdf>\xd8\xe5\xfa\xc1.\xd77\xbb\xac\
\x17[\x22\x00T\x08\xa8\xfd\xe9\xe7b\xa4\xe3\xd1\xf5\x92\
\xeb\x22_CQ\x83\xf94\xe5\xd3\xe9s\xd3\xba\xf2z\
\xe6\xf9\xfa\x9e\xcb\xe5\xcf^\xd7y9\x9d\x13M\xd3\x7f\
d\xf2i>=\x9f\xbb\xd8\x17\x02@\x00\x00\xf0*\x08\
\xfe\x00|\x0d5\x8ar\xaf\xbf\xf9\xd6B\x95\x9b\x1bp\
\xb5*\x90\x88V\xdf\x83\x9e\x1a\xbdQ67\xe8\x8e\xe5\
\xe7\xef\x96\x1a\x9d\xa5m\xf3q\xb92\x85\x80\xea\xf1\xf2\
\xa5\xed\xd4h1\xd6\xb3\xf5\xa62\xf3\xb6\xb5\x9c\x17\xea\
\xe1\xdf\xb0\x5c|\x9a\x8e%Z\xfe\xad'\x99z\xb9\xed\
\xd5_\xea\x90\xder\xbc\xc7\xf3\xc3T\xb7\xbb\xdej\xab\
^F\xb5Z\xb5\xdcSs\x89u\x9bYYl\x89;\
\x0cU7}\xf0m\xfa\xf7\xd8\xf38\x866]\xab\x1c\
\x82\xa5\x1ae4D\xe3~:^\x85\x17\xbd>\xbc\xaf\
SS\xab\xed\xb1\xc0\xa2:4\xdf\xd6\xe9\xb9\xf2\x0a\xe8\
\x8d}\xab\xd1\x05\xa9X\x8d\x90o]V+\xeb\xc5\xd6\
\xb8}\xd7{\xe0\xe5\xd0\xc3|?T\xedC}\xf8<\
M\xefG\xf3>y\x9fK\x0b\xbb,\xf5L\xcae[\
\x95\xa6\xef}{\xe3\xf1Gx\x11\x85}\xdf\xfao\x22\
\x7f\x7f\xf6\xa9\xe1k\xf9\xf1\x8c\xcb=\x9a\xf6%\xe7e\
\xb4\x9e\xf1\xef\xcb\xdc\xbb\xcf\xa7\xcd\xf5\xe8ez=Y\
\xaf\xaf\xb4\xcc\xd9\xf2\xf3\xfc\xb3!\x97\x1d\x86\xf6\x02\x9a\
\xa9l\xdb\xbe_\x9fy\x1d\xbd\xf7_\x9fbf\xa6\xbf\
9qE\x8fj\xb5%z\xff\xad\x97\xd5\xd6u\xf1\x9e\
\xbbf\xb1\x0f\x9b\xd5\xcd\xff^\xd4}7+\xc5\x96\xf5\
\xcd\xd6\xb7\x8fv\xb9\xbc\xd9\xe5z\xf5[\x81[\x00\x18\
=`\xdb~\x9c\x9f\xc32\x84\xd8c\xbd}\xcdy\xcf\
\xeb\xc8\xd3fs]?\xfe\xdc\xdb\xe3\x01\xfa\xb8\xe6k\
\x9a\xce\xc9<\xde\xcf\x07\x01 \x00\x00x\x09\x84\x7f\x00\
\xbe\x86\x1aD_\x0a\xff\xec\xd0\x10\x9b\xa6\xf9\xc8i9\
oxy@\x95\x1ba\xef\xfdT\xd0\xe4\x0d_\xef#\
\xa5\x9e5g\xfb\xa2\xa0C\xe1\x9f\x82\xc0l\xdeF\xde\
\xaf<]ZD\x91\xcbh\x5c\xeb\x18\xa2\x8c\xf8>\x04\
`A\xb7\xba\x16\xf3\xd7]\xc4K-\xf6}\xf7\xdbx\
\xe3V^\x9d\x13K\xfb\xd7\x06\xcba\xab\x0fZ\xa7\x82\
\xbcV\x0f\xc5{\xf2\x954-v\xcd,\x9e\xd5\xe7\xe3\
1A\xe3:\x9aT\xbe\x9f\x11\xadGG\xec\xc6Z;\
\x99[\x22\x181\xb3\xc5\x0f\xa1\xcf\x1b\x16\xd6\xf9Ha\
\xa0\xc5[U\xe3V\xd1R\x8a\x95e\xb5\xb2\x5c\xac\xac\
\x1ep\xac\x11px\xd0Q\xda-\xb9\x16\xc77\x1e\xbf\
\xef\xff\x94O<5_\x17\xae\x0c\x81\xdf,\x87\xdfZ\
~>\xaf\xfa\xfe\xcc\x1c\xa4\xe4\xf1\xf1\x98\xc6\xcf\xb3\xef\
\xef\xa1\xfd)SOA\xcd\x9b\xd7\xf5\xa5\xfd\xcf\xf3\xf3\
:\xf3|M\xd7\xb9\xf7\xe9\xfd\xef\xd1\xd92\xfd\x1a\xd1\
9\x18\xebZ\xdf\xf3\xb2y\xde\x5c\xe6Y\xf9\xa1\x87\xe0\
Y\x08\xa8\xdf\xfb\xb4\xfd\xb3s\xd5T\xff=\xe4\xf2\xb2\
\x94x6\xe7\xba\xda\xb2\xc63:\x8b\xf91Z\xdc\xf2\
\xbfoV\xe3M\xe8V\x16[.ovQ\x00x\xb9\
\xdarYmY<\x14\xef\x81\xf8\x18\xf0\x89\xb6\x9d\xcf\
\xb3\xc6\xf3~e\xcf\xe6=2\xd7M^~\xfe>\xd7\
K\x9f\xe6\x83\xc6{\x18\xac\xdf\x96\xca\x1e\xff\x86>{\
<\x01\x00\x00\xc0/\x81\xf0\x0f\xc0\xd7P\x83\xeaK\xe1\
_n\x84\xcd\xd3-\x9aa\xde \x8dV\xd7PF%\
\xde\x17<\xcc\x8d=}\xafqK\xecV\xf7\xd6Of\
.\xa3\xcf|<y\x98\x8fc>&\xed\xa1O\xaff\
\xe6u\xa1\xe99@\x19\x96,~kg)Q\xb8\xd4\
\xf6=\xde\xe5\x99n\xa3m\xb1\x86Y\xadVw\xef\xc1\
\xb3\xdd7\xbb\xdf\xeev\x8f\xb7\xf7\xe67\xf6\xce\xc3\xbe\
\xa5[\x83m\xb7\xe2\xef\xb3\xb5\xa5\x98\xad\xc5\x83\xd2K\
)vY\x16\xbb,\x1e\x00.\xfe\xd8\xbb\x08\xbbb\xff\
\xd4\xd0\x9f\x07?\x88\xf8\x9fn\x85]\xac\xfa\xbby#\
\x18\xf4\x10\xae\xd7T\x84\x18\xa5u\xca;\x86\x7fq\xcc\
\x16}\x14\xcd\xd7\xd2\xde\xea\xab\xde<\xba\xc5\xd2\xa6\xf3\
\xdaVl\x8b\xad\xeb\xd5\xae\xd7\x8fv}\xfbd\xd7\xb7\
\x8f\xf6v\xfd`\xd7\x08<.\x17\x7f\x01\x82\x0fk\xdc\
:\xe9\xdf=\x14\xce/Bh;\xd8\xe8:\xc9\x83n\
\xbb\xae\x16\x9f\xc3|\xbf\xde\xc6^\xaeq\x1cu\x8f\xed\
\xf4\xe7\xaf\xcd\xbdS\xe7A\xd7\xd9<\xcc\xd7\xeb\x99\xa1\
\xbe\xdeA\xc7\xf0%\xf9\xda\xd7\xf8\xbcl\x9e\x7f\x14\xbd\
A\xf5\xfb\xa9\x16\xe72\xe6V\xbf&5}\xde\xd6H\
\xd7\x81\xa8\xbe\xf5\x99f\x9d\x98\x8fw\x1e?\xa3}\x18\
\xf6eZ\xac\xf4\x03\xe8\xe3\xd32g\xdf}\xaf\xdd\xbc\
/\xaa3\xfd4{p\xe5K\xf9\x8d\xf8\xd5\x7f?\xb5\
z\xbdD\xe1\xb6\xfd\x1e\xe5\x0f\x8e\xf5\xea\xe6}|T\
\xee\xcf\x9a\x8fq\x1e\xd7\xb4G\xd3\xd3\xd8\xc3s=/\
;\x8f\x13\x00\x02\x00\x80_\x1a\xe1\x1f\x80\xaf\xa1\x06\x91\
\xc22\xf5l\x99\xcd\xd3\xe6\xf1\x98h\x16w\xc0\x1e\xe7\
j\xca\xb1AW,\x96\x9d\x1a|\xb9\x9c\x7f\xf7\xa1\xe6\
g\xdfMeZcZ\x81M\x0a\x01s\x90\x96\xb7\x93\
\x97\x89\x09\xed\xa3\x94\xd2_c\x11\x0d\xea\x9a\xbe\xb7\xb2\
\xa9\x81]\x8aE\xd0\x17\xe9\x97\xc20\x95+\xca\x01\xbd\
\xe1\xbao\xbbm\xf7\xbbm\xf7\x9bm\xb7\xcf\xb6\xdd>\
G\x00x\xf7\xe9\x11\xc8\xea\xd3\x03\xa8\xdd\xac\xecV\x14\
\xfc\xc5\x8b<<\xd4\xf2a]=\xe4\xd2q\x9c\xdf\xfe\
\xdb\x07?,\xed\xa8\xc2\x83\xd8\xeb\xe2\xc7\xa7\xdaV\xf8\
\xd7\xbf\xeb\x0c\x17\xab)\xf4\x8b3\xd6\xbe\xe5+\xa3T\
?\xef\xde\x8fS\xfd\x01U\x22\xcaN\x01\x9b_c\xc5\
\x96\xe5b\x97\xeb\x07\xbb\xbe}\xf2^N\xf1\x92\x83K\
\x0a\xf9\xfcsi\xf5\xd0\xc3\xcf\xd8\xabXg_\x7f\xbf\
^\xf2u%\xed\x9ai=.\xfb\xb4\xbc\x8f\x1e\x04n\
)\x10T\xd9v\x997\xaa\xfb9\x0c\xd4\xb4|n\xf2\
2_\xab\xed{\x1a\xcf\xf2v\xf2\xf1\xcc\xf3\xceh\xfe\
\xbc\x5c\xd6\xa7\x15\xab\xd5\x87\xf1*\xd1\xf8\xa3\xed\xd4\x16\
\x0a\xea\xb3\xcdI\xb7Q\xdbi\xfdh\x99\xa3y\x9f\xcf\
\xf6\xdd\xd2\xf4\xf9\xd3\xa5\x1f\xf8\xac\xe8\x97\xf2`\xbe\xc5\
\x01\xa4\xef\xf3>\xf8o8\x0f\xaa\xaa\xeauW\xf5\x1f\
\x11\xe2Z\xd6/1\xb6\xad\xef}Ak\x9f\xf3\xb6\xe4\
X\x87\xdd\xb8/\xf9<\x9c\xaf\xeb\xd1\xf4\xbc\xec\xbc\xbd\
G\xcb\xf8\xf4|\x0et]X\xbb\xa6\xf4\xfbNKM\
\xe3\x1d\x01 \x00\x00\xf8e\x11\xfe\x01\xf8\x1ajd\xe5\
\xf0o\x8f\x9e\x7fs\x83l\xf6\xa5\xf926\xe4\xce\x1b\
af\xdeP\xfe\x125\xd4\xf30\x076y{s\x99\
]!\xe0\xfdn\xbb\x9e\x97u\x12t\xf4\xc1{\xbdy\
\x10\x96\xf7\xaf?\x9c\xbf\xe8_\x0a\x96\xdaC\xfd\xa31\
Z{<Vc\x9ez1\xee\xfbn\xdb\xbe\xd9}\xbb\
{o\xbf\x9b\x0f\xdb\xfdf\xdbv\xf7\xdb\x7f\xf5\xdc\xb8\
\x08\xbf\xbcG\x9co\xdfC?\xb3u\xa9~K\xe0\xaa\
\xd0/\xf5\x1eK/@9\x1e_\x9f\x9e?]\xeb\xb3\
\xd8\xcf[\xcc.\xe9\xe5\x04\xa5\x14\xab\xd1\xabq\xd1\x10\
\x81D\xa9^\xb6\x05\x15\xd3\xf9\xaf5G~\xfdv=\
\xab\xd6B\xc1]a[\xf5\x86~)\xab]\xafov\
}\xfbh\x97\xeb\x07[/o\xb6\xac\xfe|\xb3u\xbd\
\xd8\x1a\xe1\xdf\xba\xf6\xdb\x1cck-\x80\xd3\xb3\xc3\xce\
\xa8^\xe6\xeb\xa8\xcdo\x9fg\xa1\xcf\xc9\xf1\xe9\xd9\x84\
q\x1c\xbe\xae\xf1\x1a\xceJ\xbae}\x1e\xce\xce]^\
n\x9e\x96\xe5y\xda\xe6\xbc\xed\x99\xea\xe1\xd1\xbef\x9a\
\xf7h\x1f4\xdd\x8by\x1d\xf8$\xad\xd3\xeb\xa9/\x1e\
\x17B\xfb\xde\xa7\x8f\x9b\xd0\xf9\xca\xd3b\x8eBx\xb3\
\xb6\xcc{\x8e=\x97\xc9\xe5\xce\x96\x9d\xcb\xc8|\x0d\xb5\
\x0bg\xaa\xa3\xc3y\x99\xb6]\x14\xda\xa7\x100\xdeY\
\xad\xa5\xe2\xc5\x1f\xe9\x1cE Z\xa2n\x8a\x8f\x0c\xe3\
\xb9\x0e\xcf\xf6\x7f\xf6\xe88\xff\xac\xbc\xbe\xb9>\xcf\x1c\
\xa7W?\xf6j\xe9\xda\xd15v<o\xf3\xb8\x10\x00\
\x02\x00\x80_\x12\xe1\x1f\x80?c\x0e\xff\xe6\xc6\xd2\x99\
\xf7\x94\xb1\xd3F\xdbQ\xad\xfd\xb9W\x8f\xcak\xfa\xdc\
\xc0;\xdbw\x99\x83\x88V>z\x00\xea\xd6\xda\x16\x04\
\xb6\x9bWcy\x0d\xa7\x81\x8b\x87^\x1e\xf8\xe5\xdb\xef\
\xd2\xa0\x9e\x90%z\xe4T\xf3\xb7s\xee[\xec\xc3\xcd\
o\xf5\xfd\xfc\xd9\xee\xb7\xcf\xb6\xdd?\xdb\xb6\xdd\xfa\xed\
\xd7u7\xdb\xb7\x08\xc66\xb3\xba[)\xbb-Vm\
-\xd5\xd6\xc5\xfc-\xa0\x0f\xc2\xa1\xa5=\xf3o<\x06\
\x8d\xb7#\x89\xef\xf3\xf1\x15\xf3\xe7,\xc6\xdc\x9eu\xd5\
\xde\xdd\xaaDo\xc8\x1e\x07Z;~\xaf\x13\xef\x9d\x18\
\xf9\xe0TB#^7\xed\xd4\xd5\x08st\x0fq\xbb\
\x8fx\xb1\xf5\xf2f\xd7\x0f\x7f\xb3\xcb\xdb'[/o\
\xb6^\xae\xb6^.\xd1\xd3O/9\xf0g\xfe\xf53\
(\xfe\xdd\xaf\x1d\x8d\xab7Z\x0aO\xa2\x8c<\xbb\xa6\
\xd2Q$}\xbd\xce{\x04\xf6\xa1\xb6\xb7\xc6>\xbb\xe6\
\x0f\xe7s:\xcf\xb9\xcc\x99y\xfa\xd9\xb1\xcd\xf3f\xcf\
\xa6?\x9a\xf7\x8c/\x13\xbf\x9b\x08A\xd3\xdc(\x93\xae\
\x85\x87|y\x0d\xbe\x9e\x1e\x02\x9e\xed\xdb\x97\xf6y\xfe\
M<+ki}\xfd\x1c\x8c\x7f'\xda\xf2\xf1\xf7\xcd\
\xa6\xf35\x9c\xbb\xb4\xed\x9a\x96\xd5zM\xbf\xc5E\xa1\
\x7f\xf1:l\xd7P\xfc\xfd\xaa\xf1B \xf3\xfah\xdb\
\x88\xf0O?\x87~h\xe3>\xfb\xbc\xe7\xf5\xf4\xb5T\
G\xefuV\xf7>\x9e\x7f\x9fmN{\x81Q/\xd7\
\xcd\xe3\x99\xe6\x11\x00\x02\x00\x80_\x0e\xe1\x1f\x80\xafU\
O\x02\xb4y\xfe\x9f5/\xdb\x1bp\xc3d\xb3\xd6\xbc\
}\xee\xac\x01\xd9\x1b\x83\xde0<\x0b\x02\xd5\xb8\xcd\x8d\
r\x95\xdd\xd4\xebN\xbd\xed\xb6\xcd\xdf\xa4\xa9\xdbLO\
\xf4\xfd\x88\xe3\xf1T\xaf}\xabUa_4\xca\xeb\xe6\
\xbd\xf86\x1f\xee\xf7\xbb\xddow\xdb\xa2\xa7\xdf\xfd\xf6\
\xd9\xb6\xdb\xcd\xf6\xfbm\xb8\xd5w\x08b\xf5\x5c\xbc\x08\
\x1c\xd7\xc5lY\xe2v\xdf\xb8\xad\xd7o\xfd\x8d\x9e~\
Q\xcewu\x0c\xeb\xe2\xcb\xe1x\x8e\xf5{<\xfe\xb9\
\x84Y*\x16!g\xff\xe7XL\xf5\xd2C\x8b(\xe5\
\x15\xe7_km=\x1c\xbd\xa8\x07 e\xb9\xd8\xe5\xed\
\xa3\xbd}\xf8[\xeb\xf5\xb7\xaeo\xd3\xf3\xfc\xec\xe4\xd6\
?Q\xd0\x97\xcb\xf4a\xbeN\x8e\xf5\xd1\xaf\x9dg\xe2\
\xf0\xa6\xcb'\x8e\xbe\xee1O\xdf{=\xcc\xe7<\x0f\
Y\xde\xcf9\xf4\xcde\x9e\x99\xe7k\x1b\x8f\xb6ii\
\xbb\xcfh\xfe\xd9\xf2\xb3\xc7E\x8e3\x8ees\xb8j\
\xfe{}h\xdc\xe7g\xc7\x91\xf7{>\x86\xf9\x9ch\
\xfea]\xb1\xd8\xb3\xed\x14\x8b`>\x0d\xc3\xba\xbd\xcb\
k/_\x8a-\xf1\xb2\x0e\xbf\x85\xbf\x9a\x95-~'\
\xfe\x1f\x0a\x8a\xc5\xed\xbfm\xd9\x14\xfc\xc7?\xa6\xef\xa5\
L\xbd,\xe3[l?\xef\xd3\xec\xec\x98\xce\xcae\xf3\
2y;\xb9\xcc\xbc\x9e\x5c\xcfg4\xcf?z\xd9y\
\x99y<\xab\xb5\xf2\x16`\x00\x00\xf0\xeb \xf8\x03\xf0\
g\xa8q\xe5A\xd8f\xdb\xbe\xb7\xa6\xb2z\x8f\x98E\
\xaf\xb5\x07\x8d\xa8\xb9\xc1\xe5\x9f5\xb5]\xf5]\xc1\x87\
\xa6y9-Sc\xa6\x16\xd3\xb4y\x9b\xb9\x5c.3\
\x97kA\xd8L\xdb\xa8\x0a\xc5\xfc\x98\x8b\xc2\x94v\xeb\
\xecb\xc5\x16\xef\x19Rz\x86\xa07K\xfaz\xe2X\
\xd3~y\x99\x98\x17\x87\xe8\xe3\x9b\xed{m\xb7\xe8m\
\xfbf\xb6\xc7\xcb$\x14VV\x7f&\xa1\xd6a\xb1\xf6\
\x12\xe1\x94\xef\x837\xe2=\x04\xf0&\xbe\x1f\xa77\xe8\
\xf5\xddJ\x7faI\xb1b\xb5\x14+v\xac\x93V\xde\
\xca\xd0\x8bF\xf3Z5\xf9\x94iZ\x1d+g\xee\xe2\
g\xe6=\x22\x87\xc9q{t\xd5s\x04\xe3\x9a\xab~\
\xac\xaa\xb7\xbeH\xb1\xa5\xf8\x9b}\xd7\xeb\x9b\xad\xeb\xd5\
\x96%\xc2\xbe\xb2\xd8\xb2\x8e\xc7T\xca\xd2\xae\xb1\xb6_\
q\xba}\xbe\xe6\x9d\x19\xeb&k\xe7\xf3D\x9d\xde\x5c\
:_\x8b\xbe\xe0\xee\xb5Q{\x9dyh5\x97\xed\xe6\
s%y\xfaq[}\x9a\xf6I\xe5\xf3g\xfe\x9e\xcb\
|I>\xceG\xcb\x9e\xefS\xbf\x8e\xc6\xba\xd4\xb2\xf3\
:\x8eu3\xd7\xaf\xces?\xdf\xbd\x5c\xde\x87\xb9\xfc\
\x10\xacOe\xf4\xfd\xd9\xf0\xa5\xf2f\xde#\xf8Q\xf9\
\x12\xb7\xef\xb6\xbf)i={\xf4N\xf6\xf2\xf1\x9b^\
\xfc\xd9\x95\xeb\xb2\xda\xba\x14\xbb,\xc5\xd6\xd5z\x0f\xca\
\xdd\xff#Cm/\x05\xda\xacV\x7f#\xf6\xfa\xf6\xc1\
\xaeo\x1f\xedzyk\xbf\x9f\xf5r\xb1Rtk\xbc\
_\x8b\xf39|\xa6N\xe7<\x1f\xdb{\xcd\xcb<\x1b\
\x1f\xebP\xf5j'\xdf\xad\xfd\xffL\x9fw<\x07y\
\x9a\xae\x05z\x00\x02\x00\x80_\x02\xe1\x1f\x80?C\x8d\
 \x85\x7f\xfb\xa1\x11W\xccRC\xfd\xac\x816O3\
\xcb\x01K\x7f\x8b\xab\x9e\xeb\xa6\xdbA}~\x84h\xb9\
\xa1\xd7W\xd3\x9c64\xbf\xd0X\xd5q\xcd=\x01\xcd\
|\xd9\xa2[V\xab\xf7\xb4\xd9\xb7\xfer\x10\x7f\xf3n\
\xbc\x88c\xbf\xdb=\x9e\xcf\xb7\xb5\x1e|w\xdb\xb7{\
\xeb-x\xdf\xeev\x8fi\xfb\xb6E\x0f\xbe\xf4\xb6\xde\
\xfb\xddo\xf3\x8d\x97{\xdc\xef\x9f\xed~\xfb\xc3\xee\xb7\
\xcfv\xbb\xc7-\xbf\xfb\xdd\xb6\xfd\x1e\xfb\xea\x8dy\xef\
\xf1\xe7=\xf8J\xf1\xb0`)\xc5\x9f\xf1\x17\xcf\xfc\xf3\
p\xc0\x83\x00\xdd\x86\xacP\xb2\xf7\xf9\xf1e\xcfj,\
\xd7m\x19_X:L\xcf\xd4\xb8\xf6\x06v\x9e\xd9\x9f\
\xf5\xe7\x97@\x04\xa2\xd3:k\xbc5\xd7\x83?\xf5\xf2\
k\xd1_\x5crq\x0c\xa5\xd8\xba^\xe3%\x1fz\xc1\
\x87\xbf\xe4\xa3\x07\x19\xe3\xed\xb0\xfd\x18\xe2\xfa\x8d\xad\xfa\
\xfa4\xee\xa1\xc7qx\xffunS\xd9GeD=\
\x0f\xd3\x94<2\xd06u\x1d\xe7\xf1<\xdf\xe2\x1c~\
Mx#y\x7f\xf5{x\x8f\xf98\xbff\xdb~I\
\xcc\xd7DM\xe7\xaa\xb6\xbf\x1b\xf3j\xe7\xed\xfa\xb8\xa6\
\x1d\xebe,\xd7\xcb\xcf\xf3\xe5k\x8e#\x9b\xd7\xd7\xd6\
\xa3\xc9\xd3zu\xbe\x8a\x02\xec\xb2\xb4[\xf4u\x81\xe4\
#\xeb\xbd\xf5\xbcL)6\x06\xed5\x96\xdb\xab\xff\xed\
\xd8\xd33M\xdb:\xda\x82}w\xe2\xef\x87O;\x1e\
{>\xaeG\xc78O?\xa3s2\x97\xcd\xdb\xac'\
!\xb2\x8c\xe7OU\xa4\xedkz\xfe\xff\x19\xaf\xbdy\
{y=\xf3:\x8d[\x80\x01\x00\xc0\xaf\x80\xf0\x0f\xc0\
\x9f\xa1F\xd0\x10\x90\xc5mc\xb5\xce\x0d\xf4/\xcb\x0d\
\xa9\xdc\xee\xf2\xe9\x0a\x82\x14\xf4\x8c\xce\x9a}s\xe3\xed\
\xe0\xc9\xfc\x9azc\xe9\xd8\x0e!`*\xdb\x9eR\x97\
\xc2P\xbf-7B\xc0\xed\x16/\xe7\xb8\xdb\xed~\xb7\
\xfb\xd6o\x17\xbe\xc7-\xbb\xfb\xfdn\xdb}\x8b\xe0\xef\
n\xfb}\x8b\xe1n\xfbv\xb3\xed\xd6\x07\x7f\xab\xef\xcd\
\xf6\xed\xe6\xa1\xe1\xee=wj\xbc-\xb6\xedg\xbc\xa9\
v\x89\x90oY\xfc\xd9_\xc3\x9b~[\xf8\x13!\x9f\
n\xeb\x8b\xc0\xcf\xbf+)<i\xe8\xabJ\x8aY\x8d\
\xb0Q\x0ee\xcd\xd2\x02\xf3)\x88 O\xd1\xddI]\
\x8f\xf3}\xac\xafO\xd7]\xf5\xf5\xd6bK\xb9\xd8\xe5\
\xf2\xd1\xae\xd7\x8f\xb6^?\xd8\xe5\xed\x83]\xaf\x1f\xe2\
v\xdf\x8b-\x8b\xbf\x98\xa5\x1d\x7f\x1b\xe6m\xcf\xe3\xe7\
\xf4\x9b\x98\xa7}\x8d\xb3ut\xda?\x8f\x1a\xbcX\x0f\
G4\xe4\xc0/_\xbfs\x108\x0f\x8f\x9c\x9f\xc7n\
X6\xce\xc1\xd7\x18\xf6c\x9e\x19j\xbc\xc4\xe2\xd1\xb9\
\xe8\xbd\xfdt,\x8f\xcf\xc3|\xac\x1a?+s\xf69\
//\x8f\xa6\xdb\x17\x96;\xd2\xfe\xa7\x97\xdf\xc4y(\
\xc3\x8b]\xd2\xf7x\xc9P\x8dm\x95\xf4\xfb\xed\xc1\x9f\
R|\x0f\xfa\xc7\x17\xea\xf4\xebe\xaf\x1e\xb0\xd7\xba\xf7\
K.\xff>\xe2\xf7\x12\x91\xe3\x81\x8e3_7g\xd7\
\xd0\x5c\xb7\xf6\xa0\x9c\x8e{6\xd7\xe7{\xceQ\x97\xaf\
\x93\xf1\x9a\xa9-\x14<\xae+\x8f\xeb\xbb\xc6\x09\x00\x01\
\x00\xc0O\x8d\xf0\x0f\xc0\x9f\x95\x1b?\xeau\xe6mC\
o\x16z\xc7\xae\xde\xa0\xffr\x83\xcc\xf5\xc6\xd58\xad\
\xea\xd9kmZ\x9f\x7f\xe6=\x0d\xc6\x16V\x9e8k\
\xf4m\xf33\xf5R\xe3\xd4\xdf\x90\xbbX-\xf12\x94\
m\xb7\xfd~\xf77\xf1\xde\xfc\xe5\x1c\xf7\xdbg\xbb\xdf\
ovK\xc3\xb6\xdd\xad\xb6\x1e\x81>\xee\xc3\xcd\xb6\xfb\
\x1fv\xbf\xfda\xb7\xdbg\xbb\xdd>{O\xc0\xf4\xb2\
\x91\xde\xdbO\xbd\xe1\xa2\xe1\xbf\xa8W\x9f\x82\xbf\x08\xff\
J\xbc\x00\xc0S\x81x\x93p\xd4S\x9c;\xd1-\xbf\
\xed\xfd\x19mN?\xee(\x98\x8cubgu\xde\xf8\
\xfc\xc7\xcf\xdas\xd5j;\xc6Z\xe3\x85&\xd5\xf7O\
\x8b\xf5\xf3\xa1\xcfb\xebz\xb1\xeb\xf5\x93]/\x9fl\
\xb9\x5c\xbd\xd7\xdfz\xb1\xb5=\xef.\xef\xa7\x86\xc86\
\x86\x83\xea\xf3{\xd9\x91\xb6\x9f\xeb/_#\x8fh~\
.7\x87\x1d}=\xe3vk\x84\x14yY\x8dkR\
.\x93\x87\xf7\x84\x81\xf3~t\xda\x9e\xdf\x86\xddC\x93\
\x08\xfe\xe2\xda\xb2\xfa8\xcc\xcb\xf2\xfe\xc7\x84a\x9a\xbe\
\x1f\xf7e<\x17>\xbb\xef\xbb\xb5[\xa55\x7f^\xbe\
{6/S\xdd\xe8\xbb\xa5e\xcf\xf69\xd7g.+\
\xf3\xb8\xd4V\xb7\x11\xba\x9b?\xbboY\x96\xf6\x9cJ\
\xff\xf4\xefE\xaf\xf0\xd6\xf9\xa8\x1e\x1c\xaa\x87\xaf\xf6\xac\
\x98\xff\xde\x8a\xc2\xc1(g5\x1e#\xa0\xe7I\xa6\xff\
\xd8\xd1\xfa\x00\xfb\xc2\xe9\xf7q|\xd6\x9e<:\xae\xec\
\xd1\xb2\xfd\xfc\xfdy\xcf\x96\x1f\xcf\x89\x86\xe3|}\x9f\
\xa7\x9f\xcd\xd38\x01 \x00\x00\xf8i\x11\xfe\x01\xf8\xb3\
\xd4\x10\x1az\xff\xa9\xf7\x89\x997\x10\xab\xf7\x02,\xa9\
7Eky\x9e4\xae\xb2\xde\xc8\xb2\xa1\x81V\xe3\xb6\
5\x9f\x1e\x0do\x0dj\xb0\x9e4\xfe\xce\xd6\xaf)\xb9\
\xf4\xd9\xb2\xa6\xe5\xe3\x98\xb7z|\xd1\x897\x87-n\
%\xd5\x9bc\xab\xbf\xb4c\xbaew\xbb\xfda\xfb\xed\
\xb3m\xf1\xd2\x8e\xfb\xdd{\xf4m\xb7\x9b\xdf\xde\x1b/\
\xf4\xb8}\xfel\x9fo7\xbbE\x19\xdd\x0e\xbc\xc7\xcb\
E\xfc\x16\xd8\x08>Z\xcf\xa0x\xbb\xe7\xe2\xdf5\xe8\
\x9f\xf6\xcc\xb0\x96\x00(\x044\xab\xe9\xd8\x87\x9e=Q\
\xc1\xa5jj*7\xd4\xd7\xf1|\xd6\x87\x8d\xf9\xfel\
6]K\xe9L\xf6\xf1Z\xad\xd6tS^\x0b3z\
\x8f\xd0]\xe7\xc6\xccoZ^V\xbf\xdd\xf7\xc3\xdfl\
\xbd~\xb0\x12\xe1\xdfzQ\x8f\xbf\xe33\x0c;\x0f\x99\
\xff\xacj\xd3\x05%\x9a6^\x86\xa7z}\x1c\xa7\x8f\
\xf3u{\xbc\xa6Y\xdb\xffR\x8e\xc71/\xaf\xe1,\
\x08<+7\xd2\xf8y\xc8\x17g\xaf\xfdf\x86y\x87\
u\x8d\x8a\xf5\xe5\xce\xf6\xa5\xf3\xad\x8c\xd3\xce\x83\xe7\xe3\
\xb2n\xbe\x0eJ\x0a=\xe7\xcf\x5c\xe6\xd9t\xc9\xdb\x9b\
\xd7{6\xa4\xc2\x11\xd6G\xef\xbeu\xb1\xf5r\xb1\xf5\
\xb2\xb6\x17\xd5\xac\xab\xff\x8d)\xf1;\xf6\xba6\xbf\x06\
\xda\xef\xd4\x7f\x0f\x962\xd9bz\xeb\xaf\x8f{!\xff\
[\xb2\xd7\xddv\xd3\xf7\xe8I\x1cg\xd7\xd7\xa8\x10P\
;\x9a\xeb\x22V\xf5\xa0\x9e\xcf\xe4c\x9e\xeb\xe0\xd1:\
\xce\xcah\x9bC\x1d&\xb9\xdc\xd1\xb8\xbfg\xfb\xafi\
g\xe5\x86y\x04\x80\x00\x00\xe0gE\xf8\x07\xe0\xcf\x9a\
\x1b>c\x83\xa9\xfa0\xb5\xc5Z\xe3\xac\xd6\x08*\xce\
\x8d\xeb\xd2J\xfc\xd3\x1bYi\xf6i\xf4\xd0\xe5u\xf5\
\x86\xea\xf8\x19#\xfd{\x9b4\x1f@\xef\xd1h\xfb\xf1\
\xd9\x80\xdaR1o,/e5+\xfet\xba\xbd\xd6\
\xfe\xdc\xbf\xfb\xcd\x9f\xd7w\xf7\xb7\xf5\xee\xf1\xfc>\x7f\
\x83p\xea%x\xebo\x13\xde\xab\xbf\xcd7\xf7~k\
\x0d\xf3h\xcc/K\x8d^~\x11\xfe)\x10\x8c\xdeC\
\xa5D(P|\xffr\xcd\xb6\xb2\xbe\xc2\x16*\x946\
\xa8\xe1?\xd6\xc9x\xae:\xaf\x83/\x9d\x1d\xeb\xd7J\
\x1a\xf3#\xf3\xe9\xd5\xf6\xfev\xd2\x98\xeeu\xdd\x92\x8e\
>\xadV\x0f>\x96\x8b]\xde>\xd9\xf5\xed\x93-\xeb\
\x9b-\xeb\xc5.\x17\x0fL\xfc\x16\xc9\xfe\xc2\x82|\x91\
>:\x963ge\xe7\x00c6/q\xfc\xdd\x8c4\
\xefX\xa6O\xf7Y\xbd\x0e=\x83\xf0\xfd\xf0yc\xb0\
\xd7\x97\xeb\x83\xaea\xbd1z\x9e\x9f\xb7\xdf\xd7af\
\x16\xdb\x18\xbb\x86\xb6rsM\x1c\x8f\xe3\xb1\x9a~O\
\x87\xe9'\xc3\xa3y\xefu\xf67\xe1\xec\x5c\xe6s<\
\xcf\x9f\xa7\xabl\x99\xde\xb0\xac\xef\xbamw\x9e_J\
\xbf\xadw]W[\xe3\xda\xd5\xa7\x963]\xbd\xb5\xda\
\x1e/\x04\xaa\xb5\xc6\xad\xc2\xf1\xbbH\xbbX\xcc{\x03\
.\xc5oS\xf5\x9b\x85\xad\x97U\xbd\xed\xf1\xfc\xbf\xcd\
\xaf\x85\x12\x7f\xca\xf5lP_W\xf4JLu\xa0\xea\
\xceu\x94}\xe9\x9c|i\xbe}\xe1\x1a*\xd3\x9b\x7f\
\x9f\x95u\xc7k{^\xe6\xd1\xb4G*\xb7\x00\x03\x00\
\x80\x9f\x11\xe1\x1f\x80\x7f\x95\x1aG\xbd\xf7\x9ff\xf8\xf0\
\xac\xa1dSCj.\xab\xf1yz\x0e;\xfeUy\
\xdd\xc7\xe6\xeac\xba]\xee\xacq\x98\xf9\x1c5\x86\x87\
\xee6\xe6\x8d\xcf\xcd\x87}\xb3\xba\xdd\xad\xee\xfe\x1c\xbf\
\xbdn\xb6\xd7\xbbU\xdb\xac\xdafV7+u\xb7R\
|\xd0s\xbb\xfam\xbd\xf1R\x0f\xeba\xdf\xd2\xfa\xeb\
\xc4>h\xcb\xde\x92W\x8b\xbe\x87\x15)\x10\x18^\xe3\
\x10\x0bz1\x1f\xa9\xd6{p>\x92k\xe5,\x0c\xe8\
t>\xb5D\x0f\xffJ\xd4u\x1f\x1f\xcf}\x9d\x16/\
e\xb5\xf5\xf2\xc1\xaeo\x7f\xb3\xcb\xe5\xa3\xbf\xedw\xbd\
\xb4\x1eS9di\xeb\xc8\xd7\xc0\x83\xf0\xe7l\xff\xcf\
\xa6\xb5\xeb\xa1\xce!u\xda\xd7\xb4\xcd\xa2@v\xd2\xf6\
i\x084t\xbd\xe96\xe8\xad\x87\xa2i[%.\xb3\
\xfe\xfbI\x97]\xa2}=\x1b\xf4{V\xe0\xdc\x8e+\
-\x9b?\x0f\x07k\xd6\xae\x95\xb3z\xb24\xbd\xaa\xbe\
\xe6}\xca\x85\x87\xdf\xdaq[y\x7f\x8e\xfb\xd6\xa7\xcf\
\xfb2\xec\xc3\x13\xbaf\xdao%\x8d\x97'\xe1\x9e>\
\xf3\x90\x03\xbcGe\xd7\xb5\xd8\xfa\xa0\x8c\xf6\xc1\xcc\x7f\
\xd5\xb5=\xafO\xff1\xc2C\xdc\xf679\x8e\xcd\x97\
\xad\xb6X\xb5\xa5\xbd\xe8'VT\xcd\xbc\x9f_\xf5k\
\xaa\xc6\xdb\x83\xf7\xcd\xea\xae\xe5\xe3\xb3\x9d\xd9/\xfe\x09\
8\xd0\xfe\xcf\xf5]\xe2oV\x1e\x7fD\xcb\x9f\xad#\
\x7f\xce\xf3\xf3\xb4~\x1d\xe5\xe1\xe8\xec\x1a:\x1bW=\
k\x9c\x00\x10\x00\x00\xfcT\x08\xff\x00\xfc+\xd4\xf8\xa9\
\xf9\xd6\xc1\x87\xcd\xa8\xb1|\x9a\x9a\xbe\x7f\xc9\xfc\xd6\xd3\
ss\x03m64\xd8rc\xf1do\xe6\x06\xa5Y\
z^\xbe\x8d\xb7\xca6\xaa\x07\x1dk5\x8bnsf\
\xa5X\xb5\xc5\xac\x5c\xcc\xca\x1a\xbd\xd0b\xb9\xa2\xd7\x87\
\xf8\x9e\x94X\xac\xa8\xb7\xce\xd0\x13\xcf\xbc!\xbf\xa4\xe9\
\xad|\x84~y\x9f\xd5\xb4\x8eB\xed\x98\xd3m\xbf\xbd\
\xf9\xado:\xf6\xb6\x9a(\xe7\xdfZ\x87\xaf)\x90P\
\xb9^\xd2\x9f/6\x9c\xfb\x9eI\xb4\x9a\xd7?\xf9\x96\
\xe0\xe9c\xfa\x12u[\xfb\x92eYl\xbd~\xb4\xf5\
\xed\x93\xad\xeb\xd5\x96\xc5o\x95\xbc\xc4-\xbf\xbe\x9f\xbd\
\xcf\x93\xe4\xfd\xcf\xd7\xe9\x97\xae\xa5\xd9\xa32\xd5|\x93\
\xe3V\xbby\xa9a=5\x8e\xd5\x14\xc4MA\xbb\x99\
\x9f\xb3\xc3\xb5\x98\xcb\x1c\x7f;\xc7ut:\xf6\x16\xfe\
\xed\x0a\x82\xe2%3\xb1O\xfa\xf4\xf3\xa7j\x8d\xf5\xc6\
\xf7\xb9\x1e\xf3\xfa\xf3\xbc\xea3\x86ry\xf9j\xd5J\
\xf4|\xf5\xf1\xb9Wc\x8d\xe7_\xe6}K\xbfC\x1f\
9L\xd7\xf8\xb1\xfe\x5c[6)\x0fB\xbf9\xac\xfb\
\xd20>\xc3\xafO\xbb\x5cV[/\x8b-\xebq\xbd\
\xf3\xb5\xea=\x8a\xbd\xe7\xe6v\xf3\xe7\x8c\xde\xe2\x11\x02\
u\xd732\xf3\xdf\x8dt!\x16\x1f\xda\x19T\x9d\xec\
\xf1\xc8\x02\xf5\x06\xd5J,V\xa2\x8b\xf9\xf0\xb6\xe72\
\xfc\xbd\x98\x9d\xd5e;\x0f\xa6\x9e\x8ag\xd7r7\xaf\
\xe3l\xbcO;\xae\xc7W=^#\xe6\x97\xc64~\
\xfe}6\xefk\x89\xf2\x04\x80\x00\x00\xe0\xa7A\xf8\x07\
\xe0[\xa8zX\xbc\x02\x80\xa99\x98\xc7\xe6\x86\xd2\xec\
Y\x83K\xcbF\xd3\xb35\xeb\xbc\x9c7\xfc\xfb\x22\xb9\
\xc4q]r\xba?\x0a\x03\xd2\xa4y\xdb\xd6\x9a\x8fc\
\xb9\xdaz\xe1\xa8A\x1b\x8ay\xab3\x92:__\xe9\
o\xe70='\xd0\x22z\xeb\xf1[\x89^1%\x1a\
\xd6j\xbb\x17\xdd\xae\xdb\xf6+\x1dok\xac\xfb^\xf6\
\x06o\xdf\x15\xd1\xd72\xbd\xdc\xa3\x1f[\x9e\x12\xdb\xd1\
\xee\xb7\xad\x1e\xeb\xb7\xed\xcfq\x96O\x8c\x145b\xbb\
v\xc4\xed\x88\xe2m#\xb5\x96\xde+)\xd6\xe5\xf5\xeb\
\xab\xd1\x1aj5[\x96\x8b]\xae\x7f\xb3\xcb\xf5\x93\xad\
\xd1\xeb\xefz\xbd\xda\xe5r\x89\xe71\x1eC\xb0l\x0c\
\x0e\xba\xd3\xebd2/\xd7\x82\x9a8\x94t\x0a\xacD\
y\xadW\xcb\xf6\x7f\xa7o\xb5F\xe0\xa5\xeb[!\xa6\
\x9e\xeb\x97o\xe2\x5c\xac\xc4\xad\xcd\xb5\x85\x19:\xa6\xb3\
\xe7,\x1ei^\x1e\xf6\xbd\xda\xb6\xc7\xed\xeb\xbb\xf5[\
C#lS\xfd\xfb\xea\xe3K\xf1\x97\xd0\xb4\x0bL\xd7\
^\xba\xe6\xce\xf4\xbd\xea\xc7\xed\xfd\xd26\x1f\xcf\xdbJ\
\xb7\xbb\xfa0\xee\x7f{\x89\xc50m|ViU=\
\xf8\xc2m|\xfe\xcctn\xf3u\xd1~\xbfi\xde\xa3\
i9\xc8+\xa5\xdf\xa2\xdf\xe7\xe9\x8d=1\xbdm\xc5\
\xb5c\xd9w\xdb\xeew\xbb\xddn\xf6\xf9\xf3g\xfb\xfc\
\xf9\x0f\xfb|\xfb#\xc2\xbf\xbb\xed\xfbn\x16\xb7`\xfb\
\xa5\xe8=\xfe\xf4\xc6o\xffMx\x1f\xe1\xd2\xcf\xa4\x95\
\xe8Y\xba\xdf\xb7\x08{#t\x8d\xb3\xd3~\xabq}\
\xfb\xb2\xf2\xfc\x0c\xabN\xe6\xef3\x1d\xe3\xb32\xb9\x8e\
\x1fQ\x8fE;\x9cK\xed\xe7q\x7fs\xb1\xbc\xcc\xd9\
\xb5`i_-\xeaA\xa5\x08\x00\x01\x00\xc0O\x81\xf0\
\x0f\xc0\xbfJ\x8d\x9e\xd6\x18UC\xd3\xca\xf4\xa2\x8fy\
\xc9\xc9y\x9b\xea\xb1\xd6\xe3d\x5c\xb17\x065\x96\x9b\
a\xc7\x86\xe6<.\xde\xa0\x8dy\xefh\x5c\x9a\x8d\xad\
\xc5\xa1>\x86\x17\xa2\xf8\xee\x14[\xac,\xde\xb8\xf7\x9e\
\x83\xde\xf4.\xc5\xdf\xdcYZo\xbcx3g\x89\x9c\
LG\x1b\x0d\xf7%\x05\x04-$\xd0\xfeN\xc70\x7f\
o/\xf9\xd04\xcd\xca\xb7\xfe\xb6\x0dZ\xaa\x83\xb1>\
ZTW\xfd|\x1fEOF\xbd\xa8\xa5gz\xb1\xfd\
|+\xaf\xc2\x85>\xf8?\xbbY\x89y\x11\xd0\xe4\xf3\
Z\xa3\xfa\x8b-\xb6^\xaev\xf9\xf0\xc9\xd6\xebG[\
\x16\x0f\xfe\xaeW\xef\x01\xa8\xa0\xa3\x07d\xef\xa3\xe3}\
\xd4\xf0\xb74o\xa8\x9b|{\xe2\xb8\xcbfi\x999\
80\xd5MU\xe0\x19\xc1_[A\xd4\xcdT\x0f\xe2\
\xd3#\x94i\xfb3\xd5\x9964\xc9\xfb2O\xd3\xb0\
\xa7\xe7]n\xfbn\xdb\x16=\x04\x15\xc4\xa9G\x9e\x15\
\xb3\xba\xf83\x08\xa3>\xf2\xb5\xa9\xad\x1c\xf7\xc2\xe9\xf8\
\xdb5\x11\xf5\xd8\xb6Qbh\xe1`\xef\x15\xa9\xcb\xa4\
\xd6\x08\x08\xf7\xbd\x0d\x0a\xb3j{\xd1E\xbfM\xb6\xbd\
\xf8\x22\xfdnsH\xf8h\xb0||i\xff%\xcf\xcb\
e\xfc\x1c\xe9w\xdd\x7fc.\x8eGu\x1b\xc7\xb1\xc7\
\xf3\x19\xef)\xf4\xfb\xe3\x8f\xfeV\xf0\xfb\xfdn\xfb\xb6\
\x9b\xed{\xabw\x0f\xfb\xbc7\xda\xda\xce\xc3\xb4\xfdt\
\x85\xe9\xed\xbf\xfb\xe6\xcf\xfe\xb3}\xf7^\x97\xb3\xd2{\
B\xfb\xdf\xfc\xb8\xf6\xdeA\xf5\x93\xeb\xa9\x1bC\xe3\xf3\
2\xdd\xf9|\xbfnzO\xd9|\xfd\xeb\xdc\xa5\xe7\x89\
\x1eV\xf1\xf8\x0a}\xb4\xef\xf9o\x85\xe6\xad\xff\xe3?\
\xfe\xe7\xff\x1aJ\x01\x00\x00\xfc`\x84\x7f\x00\xbe\x95:\
\xdd\xfa[N\x1aFjC\x9d\xcd\x9b\xc7\xe5l\xba\xb6\
\x11c'\xf1\xc7\xb7Q\x86\xe6bk+?t\xba\x1f\
\xb9\x01k\x1e^\x0c\xeb\xcdaQ5o\x8c\xe6\x14-\
}WC\xde\x8a\xc5\xf3\xfcT\xa1\xfe\x99\xd6\x14\xc1\x9d\
\xb7\xec\x154Z\x0e'\xbc@\x0b%Zq\x9f\xaa\xd5\
\xb4\xf1\xda6\x13\xdb\xd2z\xfc\x01\x82*\xden\x83\xee\
\xfbb\xed\x18|\x93:\x9e\xd2\xce\x5c\x8b\x81\x8a\xb6\x94\
\x96\xaf\xe3\xca\xce\x02\xc6\x1a\xffZ\x96\xd5\xd6\xeb\x07\x7f\
\xd1\xc7\xe5\xcd\xd6e\xb5\xcb\xe5j\xeb\xda{\xfdM{\
\xf6\xd0\x1c\xe4|\x8d\x12\xa1\x9f>\xc7\x99s\xdd\xb4>\
Tf\xed\xba\x88e\xb4\xec\xb0\x8a8\xef\xd5o\x10\xf7\
\x85\xcf\xf7\xb3/V\x0fW\xb2\xf7\x18\xd4\xd0\x83\x0a\x99\
\xc7\xe7i\xed{\xe4\x9a>\xcd?u\x9e\xfb\xae)\xdc\
N\xfbY\xcdj\x89p\xdb\x8b\xf4\x19\xf9k\xf1}\xaf\
\xe6/\x9e\xf0\xe9q\xe5\x94\xd8\x8f\xb6H\x04\x85y\x5c\
!O\x9b\xab\x7fr\xa07\x87{z\xdbm\x04n\xea\
A\xb8k\xfd\x1e\x14\xa9\xfc\xbc\xe6\xbc.\xdf\xddy\x9a\
\xf6I\xfb\xb1EOV\x0f\xdb<\x8c\x8c[n\xb7\x9b\
\xdd\xefw\xbbo\x9b\xbf\xfcg\xdf\xda\xf7\xed\xee\xb7\xf8\
\xde\xa3\x97\x9f\xbf\x09\xbc\xff\x87\x06\xff\x0f\x04\x0a\xfe\xfc\
o\x82\xaek\x7f+xI/\x07Z\xbc\x03\xb2\xefp\
\x0bG\xeb\xb6\xd9\xb6\xdd\xac\xde\xefV\xb7\xcd\xe7/\x8b\
\xad\xeb\xd5\xd6\xcb\xd5_\xa6\xb3\xc6olY#d\xd7\
\xdf\x15\xfd\xe6\xbe\x8e\x96i\xa7\xff\x89g\xeb\xf7z\xd0\
\xfcX\xa7.\x9c\xb6l.\xe3\xf2\xb9s\x9a?O\xef\
\xce\xcey\x9eW\xfe\xf3\xbf\xfe\xfb|I\x00\x00\x80\x1f\
\x80\xf0\x0f\xc0\xb7\xa0F\x8fz\xa4\xec\xbb\xdf\x9a7$\
\x03*\xdb\xbe\x8c3j\xf5 \xc0'\xab\x0156\xa2\
$7\xb0zc\xbcF\xe3\xcc\xd2VJ\xea\xf5ql\
\x90=\xfa\xf4UD\xd9\x18?L\xd3\xf4\xdcPL\xd3\
\xc6F\xa9\x12?\xff,\x11\xbc\x94b\xd1\xef\xad\xf6[\
\xea\xf6\xcdJ\xbc\x04\xc4\xb7\xda\x8f\xd1W\xe51Q\x8d\
g\x02\xc6\xa4\x1e\xd8\x99\xa7)\xbe\x85\x08\xe3\xd2\xbeD\
\xb37FJ\xdc\x12\xd7\x97n\xb3\xcc{\x07jR\x0e\
\x1a{\xd9\xd8J\xbb\xa7\xd5\xd5(\x9d&\x8d/\x17P\
}j\xde\xf4}\x98\xa7\xc3NS\xeb0]\xf5\xbeX\
Y.v}{\x8b\x17}x\xef\xca\xcbz\xb1e\xb9\
\xfc\xe90\xef\xec\xfa{f.\xdf\x82\x0cMo\xd7\xb8\
\xef\xf7#:\xf3\xde\x93JE\xfb\xf5]\xe2\x19~\xd5\
T\x81\xbaF\xa6\x17\x84\xb4\xfa\xca\xc1E\xaf\x87~\xdd\
\xab\xf7S\xdf\xa7\xf9Xf\x9a_\xd2\xbf\x14,-z\
\xe6\xdd\xaa\xde\xacKz\x05\x8d\xea!nG/\xfd\xef\
D\x1c\x9e\xff*4-Nv\xd5\x01\xb7}\xf6k\xaa\
Z\xf4\xeek\xeb\xd5\x8a|e\xbe\xcetl\xb1\xed\xb6\
\xbe\x98\xd6\x97\xf1ux0\xd7k\xabF\xfd\x94\x12\xd7\
\xbc\xf5\xeb\xde\x7f\xc5y\x05\xba\xbd\xbco\x7fP\xfa\xf6\
\x15\xd8y\xef\xc9\xde\x03\xb1\xf5\xa4\x9cz\x1e\xfaZc\
\xcd\xe9\xb6g\xdf\x8c\x0e^\x01\x5c\xdc\x14\x1e=\x8a\x97\
\xe2\xa1_)\xe6\xe1_\x0a\x02\xdb\xef\xa3\x98\xff=\xda\
v\xdb\xf7\xbbm\xf7\xcfv\xbb\xfda\xfb\x1f\x7f\xd8\xbe\
\xdd\xfdo\xc0\xe5joo\x9f\xec\xfa\xe1\x93]\xde>\
\xd9\xdb\xdbG\xbb\x5c?\xd8\xb2\xbe\xd9\xba^\xad\xb4g\
\x14z?\xe2\xfc;(\xd3s\x02[\xfd\xa6:\xf22\
^w\xc3\x7f\x0b9\x0b\xd4\x93y^\xaf\x8f\xf1\x14\xe4\
r\x87\xba\xad5^\xc4\x14\xb5\x1c?\xad>\xaekS\
\xf3\xfa\x7f\xf4\xca\xd7Y^o%\x00\x04\x00\x00\x7f%\
\xc2?\x00\xdfJM\xe1\xdfVw\xb3xC\xa4\xe6\x9d\
\x99\xa7\xfb\xf8\x9e\x9a\x83\xa9\xd1\x95\x1a\xe7y95\xac\
|\xb9>\xcf{6\xe5\xc6\xdaq\x7f\xde\xf3y\xb6\x5c\
\x1e\xcf\xc3Y\x99Y\xb5\xdd\x03\x8f\x16*\xc4\xed\xbff\
\x11\x00z\x08S\xf6{{\xb1A{V[40\x8b\
\x99W\x8cY_\xb6\xa8\x91\xdc\x1b\xf0\x11O\xb4\x90N\
\x19]\x8a\xefRq\x0f\x00z\x80\x11\xa5\x86\xa2\x1e\x1a\
h\xac\x17\x88\x06~\x9c\x83=\x9et5\xdfX\xdb\x9e\
\xbd\x95\xd69\xf2\xf9\x1e\x8eF\xb8\x91\x03\xe1~\xc8*\
\xe9uR=\x14X\xd67[\xaf\x1f\xedry\xb3e\
\xd1\x0b\x14\xd4\x1bIA\xdc\xc3\x8d\x1f|\xe9\x5cJ\x0b\
)\xe6\xba\x9dT\x05\x04\x16\xe7\xaa\xc41\xc6\xc4^\xf3\
}\xdc\xf7a,\xe0\xd7\x9b\xca\xf5u\xfa\xb7\x1a\xc1\x94\
\xb5@\xcf{\x09v^_\xf3\xf1\xd5CP~v\xfc\
- J\xc7\x12\xa3~\x9d\xb6^_=\x00\x9c\xdf\xb2\
\x5c\x96^SQ\x0d\x11\x86\xb5$o\xa8\x85\xbc\xa5\xde\
\xfb\xce7\xaa\xdc\xb0\x16\xaf\x93a\xaf|\xc2\xe17\x5c\
k\xbc\xac&\x1dk\x0e\x99k,\xab\xf5\xd5\xea=\x00\
\xcd\xfc\xb1\x06\xa2\xba\x98\x03\xa9\xb3\xefgu\xe9u\xee\
\xf3\xdam\xc7\xba\xddXCl\x7f8\xf79k\x9f\x0e\
\xd7\xf4\x1f\x05\xe2_~\x1e\xf4\xa8\xd1\x08\xfa\xda\xf7\x08\
\x00\xe3\xb7\xafs\xd7W\xa8\xde\x87w\xbb\xdf>\xdb\xfd\
\xf6\x87m\x9f\xffiu\xbf[YV+\x977\xbb~\
\xf8hoW\x0f\x00\xaf\x1f>\xda\xe5\xfa\xd1.\xeb\xd5\
\x96\xf5\x1a=\x01\xf3Kv&}G\xfb\xd9>\xa9\xdf\
\xfe\xfb\xca\xc9\xf9\xb9\xb9\x9e}\xbc\xa4[{\xfb\xf1\xe9\
Z\x98\xc7\xfb\xf4\x1e\xba\xce\xe5\xfd\xbcY\xac\xb3\x8e\xbd\
GU\xe0d\x9d\x04\x80\x00\x00\xe0/A\xf8\x07\xe0[\
Q\xe3&\x07\x80q\xc7\xde\xd8 O\xd4\x90\x1a\xa7\xe9\
\xa5\x04\xbd\xb1\xd8\x1aTm\x99\xb11\x9c\x97\xcb\xebT\
\xe3l,7\x96\x99\xa7=\xfa\x1c\x1asm\xc1h\x98\
\x0e\x0d\xc6\xf1\xb8r0\xd0\xa6\xabb\x9a\xd4#\xca\xcc\
\x8f\xc3\xfc\x01\xfb>lV\xa2!\xda\xf6#\x96W\x10\
\x96\xc3\x80bcO\xbc\xde\xa0\x1f\x03@\xed[)>\
Q\xcb\xe9\xc9^\x8b\xc2\x8d\x18\xaf\xb1\xbd\xa2^\x81\x11\
\x22i\x8d\xda\x11oj\xfb\xb4\xb9\xc9_\xda\x0b>\xa2\
l\xee^\x18\xc7\xd5o\xefT]\x8d\xb5\xe5|\x81^\
\xd7\xab\xad\xd77\xbb\x5c?\xd8\xba\xf8m\x88\xeb\xea\xcf\
\xf9\xeb\x01D_\xee=\xe6\xeb\xe4K\xda\x9e\xbes1\
\x1d\xe7\x9eN\x97\xae\xafq|\xfa\x05E\xb0\xee\xfb\xd7\
K\xf7q\x9f\xe6\x97\x8b~O\xd6\xce\xd3x\x5c\xd5\xea\
\x10\x06\x8e\xd7\xf3\x5c\x07~\xbaS\x1d\xe6\xdf\x83Y\x84\
\xd7\xd6\xae\xa5e\x89\x00pYl)\xea\x09\x18A\xa0\
y\xe0dui\xbf\x89\xd2n\xfc\xde{\xef\xb9\xf4{\
\xf1\xdf\x80_'\xad\x1e\xd2\xef^\xfb\xa2r\xf9w;\
\x7f\xb6\xa55\xad\xad/\xd6\xb9\xd7\xb8\x05\xd8?\xeb\xee\
\xbf\xbf\xbe-\xff\x11h\x9b\xaa\xcb\xfe\xe9+\xeb[\xea\
\xfb\xd3y\xd9z\xf2\x12\x92Z\xfde\x1dZ6\xf7\x80\
\xeb?\x9b\xfc\x97\xc3\x0b\xf8Y\xf6\xdf}\xf1/\x1e\xf6\
Y\xbc_(\xa6\xfbm\xbf=\xa8\xf5\x1fd\xfa{Q\
\xf5\x8c\xc1\x9b\xed\xf7\x9b\xddo\x7f\xd8\xed\xf3\x1f\xb6\xdf\
\xfe0\xab\xbb\x87{\xd7\x0fvy\xfbhoo\x9f\xec\
\xf2\xf6\xd1\xaeo\x1e\x00^/oV\xd6\x8b\x95e~\
\xcb\xf6\x89\xe8M\xdc\xae\xb5\xb4}\x8bc\xac%\xfd.\
\xe6*\x9c\xcc\xd7\xac\xf8t\x0f\x96U$_\xe3\xc7\xef\
\xfd\xffS\x8e\xf3\xc6\xef\x87qm/\xa6\xeb\xbc\xda\xe3\
Z\x00\x00\x00\xf8~\x08\xff\x00|kj\xfc\xa8\x87L\
\xf5\xe6\xd3\x5c\xcc\xec\xb4\x91\xa6F\x94\x9a\xafc\xc3*\
Z\xc9'\x0d@5\x7f[\xb37\x8a\xfb\xd6\xcf\x0c=\
\x5c\x9eL{D%\xf3k\x18,\xd6Q\xa6\xcf\xdc\xe0\
\xcf\xdb\xf0\xc6\xa1\xf5\x96|\xd4\x96\x8f\x15\x8f\xce\xcab\
VV+e\xf57\x02Gh\x17E\xcc\xa2\xe7_\xbb\
\x95\xb8\xa6P\xc5\xa6\xc6\xbc\x99Y<\x8b-USj\
\xec\xf7\x8f\xb6\xefY\xeb\x19\x14{X\xc7q\xb3z\x12\
l\xea\xfc\xf7\x10j\xa8\xaf\x1aSR#Z\xd3T=\
Q-}\xf5Y\xac\xb6\x94\xc5C\x87\xeb'[\xd77\
[/\x17\xbb\x5c.\xad\x07\xe0\xb0\x8f\x93\xf98\x8f\xd7\
\xe5c\xed\xfa\x8c\x06\xbf*w^\xe7#\xb5\xf85\xe4\
\xb5\x94\xae\xf5\xbcnK\xc7^{\xf8\x17#\xad\xbc\xc5\
\xb1\xb4-\xa7\x97\x19\xe8\xb7\xe3\xf5\xacs\xe1\xcfu\xd3\
\xf7\xf6\x22\x8c\x93\xdbL\xb3j\xf1\xb6\xdfTF\xe5\x22\
\xf6\xf0o\xd5_\x14Q7\x7f\x96\xddv\x8fG\x02D\
\x88\xd6~\xcbV\xcdJ\x1cGK\x95\xa7\xe3\x8a\xcf\xbe\
?)$\xf6\xd1\xbe\xe5tN\xfc\xb7\x97\xf6\xaf\xedo\
<\xd3n\xdf\xd2\x0b5\xe2\xf6[\xbd\xf4c\x8b7\xdd\
n\xd1\x03N\xbd\xf1\xf21\xab\xb7\xdev\xb7\xfb\xfdf\
\xb7\xcf7\xbb\xdd>\xdb\xe7\xcf\xfe\xf2\x8d\xdb\xeds\xf4\
\x9a\xbb\xd9\xedvk\xdf\xef\xb7x\x96\xdf=\xbe\xeb\xd9\
}\xf1\x5c\xbf\x1c\x16\x15\xf3\x97\xe9,q]\xb57\x03\
\x9b\xbe\xfb\xcf})fk1[\x97bk\x04{\x0a\
\xf7\xfa\xad\xbe~\x8d\xe8v\xdf\xfe\x5c\xc01F\x8c\xca\
\x8a}\xf0z\xda\xf6\xbb\xed\xf7\xbb\xd5-\xf7J\xce\xd7\
H\xbaG\xba]\x05ZU>Yn\xf8\x8dh[\xed\
\xcf\x89\xff\x1e,\xfdG\x89\xb6\xb2\x13\xfd|\x9fo\xcb\
\x86}\x18\xc3\xbf\xe3\xfc\x91\x9fk{\xf07d\x5cf\
\x5cG\x7f4\x83\xae\xf5\x12\xff\xc1\x85\x00\x10\x00\x00\xfc\
P\x84\x7f\x00\xbe55\x8a\xf7=z\xadD[H\x0d\
\xbd/\x85\x22\xdev\xea\xcdF50\xc7F\xe6Q_\
mk=\xb6fY\x89\x7f\xa9\x01\xf7d5\xcd\xbc\x9f\
yL\x8b\xd7i\xff,\x96\xf3=\x88\xa6t\xd1\x86{\
\x99^\xeeQx66TKk\xecG\x0f\xc1X\xa4\
D\xc3\xb8\xaf\xab\x1f\xab\xdf\xe7g\xfdV[mS\x8d\
\xfc\xe1\xf8R\x85D\x98\xe8\xa7\xae\x97i\xdf\xa2\xa8\x8f\
\x17\x9f0\xd5\xa7\x8e\xbf\x1fA\x0e\x1c#\xd8i\xc1\xcf\
x\xa2\x86iu\xf8\xe2EZ\xb0\x13\xd5\xba\xfb\x82\xcb\
r\xb1\xeb\xdb\xdf\xbc\xe7\xd1\xe5\xcd\xae\x97\xab].W\
[\xd65z\x9a\xe5\x17~\xe4c\xf7\xd1\xf9\xdaR#\
}\x9e~F\xf5j%\xdex\x9cz\x88\xb5y_\xa2\
\x0a\x8a\xcd\xf9\xc7\x18\xa6\xb49\xa9G\x92\x87\xec=\xb6\
\xd1>\xb7\xdfa\x0e\xc2Zmj\xff\xc6\x00G\xc7\x9a\
\x97\x9f\xb5\xe9\xb5\x87\x95\xb5\xf6\x00\xbcm+n\xe1m\
e\xf6j5\xde\x0a\xac\xde\xc1\xfb\xd6\x9fkw\xfcQ\
\x96\xb6\x0e\xb3\xf1:>\x13Q\x91F\xc6\xf3\x10\x11}\
\xde_\xaf\x88~\x8c\xadw_\xfb\x8c`\xb0z\xc0\x17\
\xd5\xd4\xf7\xc7J\xbf\xa6t\xdd\xe6m\x9e\x0c^/\xbd\
\xce-\xd6\xed\xcf\xed\xf3\x15\xe8<\x96\x14\xf2\xad\xa5\xd8\
\x1a\xbd'\xd7\x18W`\xe7!_\x84~\x11\xfc-\xcb\
\xd2\x03\xc2\xe8u\xa7\xdew-\xec[\xcc\x96\xd5\xe2\xd6\
x\xf5\xc4\xd4\xc6\xe3\xb3\xfa3'\xcb\x1c\x88F\x00X\
\xf7-z&\xfb\xbe{/\xc9\xa8\xc3~\x05\x8f\x9f\xad\
\x22\xf3\xf8h^\xc6\xbfG=\x1e~\x0f\xa3Z\xa2W\
\xf2\x93r\xbe\xc9v\x90\xe3\xccD\xd7\xc2y\x99\xbe\x81\
|+q\x9f\xe6\xcb\xe8\xb2\xcd%T\x07\x04\x80\x00\x00\
\xe0\x87!\xfc\x03\xf0\xad\x1d\x1a\xbc\xd1\xf096~\x8e\
\xe6e\xd4>\xeek\xe8AJ.\xab\xf1\xf3fc\xe7\
=\xd5\xf4\x00\xfa4=\x8d\x94'\xfb'm+y\xb9\
\xbc\xf96\xd1z\xc86WB?\x22\xb3v[[\xba\
\xcdLqF\xf4\xde\xf2\xe3\xf5\xackW.R\xfcx\
\x16[Z/\xbcy3\xaa\xcdb\xc5\x1b\xc6-\x94\xf3\
\xa0*5\xf9\x9bb\xf1L\xb4\xe3\xac\xc6\x1b\xb5\xe95\
\x07'e\xb5/}\xabs\x05\xf9\xa4\x9e\xeb( I\
\xe1\xd2X\xd4\xa7E\xbdV\xb3\xd8\xc9b\xcb\xb2\xfa3\
\xc7\xde>\xdaz\xb9\xda\xe5\xe2\xb7\xfd.e\x1d_4\
\xd1L\xe3iC\xda\xce`^\xfc\x91X\xac\x15\x8f`\
\xb1]S\xf3z\xaa\xe9\x22\x8f\xf1\xfe\xbd\x15\x9dv%\
\x17\xf7<3j\xb9\x8e\xb7\x98\xcf\xc7\xe0\x9bJ\xbfO\
]k\xd3\xef\xb5}\xfa\xc8\xb8Nm\xbc\xad?}\xe6\
\xe7\x9e\xd5\x08\xd4b\x1b\x8a\xdf\xf2\xcb-\xf6\xe8\x15\xa8\
\x97\x5c\xccA`\xf5\xd5\xfa\xf7\xb8]|>\xa6\xacF\
\xd8\xd8\xae\xa16\xa3\x7f\xaaWi;\xcb\xedpt,\
\xe98[\xb1\x1a\xa1\x92\xaf\xc0\xab\x5c\xbf\xa3X\x81\xc2\
_\x85\xbd\x8b\xff\xe6\x16+\xb6\x96\xa5\xf5\xda\xf3\x00.\
\xdd\x06\xad\xf0-\xbdt\xa3,\xbe\xcc\x1a\xe5\xd6\x5cf\
]\xac\xac~\xfb\xf4\x1a\x9fz[o+W\xfc\xef[\
{\x91\xc7b\xfe|\xbfRm\x1d\xa6G8\xa8`0\
\xaa)_p\xed|\xea\xed\xc3w\x0f\xff\xb6-\xde\xfe\
\x1b\xff\x91g\xb8\x06\xf2\x7f\xf8\x89s\x91\xcf\xeb{<\
\xcbz\xe7\x9f\x90T=\xc2`\xbaNt\x1aGy\x8a\
\xf6}<nM\x1f\xb3{?F\x95\xd1\xb5\xee\xbf\xbf\
q\x1d\xad\x8c\x96\x9b\xae\xe0J\x00\x08\x00\x00~\x14\xc2\
?\x00\xdfKo\x18\x8d\x0d\xaa\xd3\xc6QL:\xccK\
\xbd\xc7\xda\xb4y\x1dJ\x98\xda\xfc\xfe]\xd4X75\
\xc1\xd4\xd0?4\xf6\xfa\x0ar 8\xcb\xebS\xa9\x92\
\x1b\xff\x9a\xde\x02\x82l\xda\xe1\xec\xb0?i\xa8\xfd\xcd\
\x9e\xfeZ\x90b\xd5\xd6x^`\xef\x81\xa4\x10\x22\xcb\
\xc7Rj\xaeU\xad\xdfZ\x08\xd9\xcb{\xdf\xbd>h\
\x05\xf9\xa0}\x98\xdf(,5\x1dG\xac\xb2\x1fK>\
Q\xed\xab_\x0b\x1e\xe0\xa4u\x1c\xfeI{\x14\xe5\x96\
\xf5jo\x1f\xfff\x97\xebG[\x96\x8b\xad\x17\x7f\xee\
\x9f\xbf\xec\xe3\xb8o\xefR\xd3u\x11\x9d\xd0\xd2^?\
\xe1\xa5\xaa=9\xd5\x9a^\xad\x9d\x8f\x1aA\x81\xbf\xdd\
6~?\xd3\x16\xc7\xdf\x88\x9e\xeb\xd7\xc3\x12\x95\xf7r\
\xe7\xb7\xe6>\x93\xcb\xb5\xcf4\xbf\xfd\x8e\xb4\xaf\xc3\xfa\
\xd5K*\xceS<\xb32\x97\x99\xc3\xbf}\xdfm\xcb\
\xcf\xba\x8b-\xe6\x7f\xa2\x92\xc6k&\xc9\xfba\xba2\
T\x1f:\x86\xd2\x0a\xfa\x17\xed\x93\xd6\xdf\xc6\xbd\x8c\x96\
\x1b\xf8\xc5\xd9\x82\xe4\x9a~K:\xea\xfc\xf7\xa3\xd8\xf8\
\xc2\x93u]#\xb4[}X\xe23\x0d\x97e\xf1\xe9\
\xcbj\xeb\xba\xd8\xba\x16[\xd7b\x97\x16\xf6\x95a(\
1\x7f]\x17\xbb,\xfe\xd9\x97\x8b`p\x8d\xde\x80\xf1\
\xf6\xe5e]}\xd0\xcbpZ\x04\x95\xaf6]\xf0~\
L{\xf5[\xa0\xf7\xfdn\xfb\xfdf\xfb\xfdn{\xf4\
\xfe\xf3\xba\xf7J(5z\xbf\x9ay\x8f\xc9\xbd?;\
\xb1\x15\xea\xab\x8d\xef\x0f\xea\xdbb\x9d\xf3\xb4\x98\x90\xcf\
s\x9b\xa5g\xac\xea\x0e\xe2i~>B\x8bm;_\
\xe9\xf8\xb7\x22\xff\x16\x0e{q\xa2\xaf\xfbx<u\xec\
\x81\x1a\xeb.<\x03\x10\x00\x00\xfc\x08\x84\x7f\x00\xbe\x07\
5\xe6\x9e6\xea\xac\xb7/s+-7\xbeZ\xc3\xfc\
Q\xa3\xea\xc9\xaa\xed\xd0\x90\xb3hmF#/z\xd9\
\x95\xb3\xdb2cT\xab?\x1c\xc3\x5c>\xe4r\x8fw\
\xad\xf4\x0d\xc4\xb7\x1a\xb7g\x96\xd8\xe7\xd6\x805\x1d~\
\x0aOZ b\x91h\xf8\xb3\x00\xf5\x82\x0dS\xfd\xdb\
\xe3\xfd\xb4\xb9W\x9f\x8eW\xab\xd0\xad\xbf1S}\xe7\
\xacerQ\xf0\xc1\xea\x0fJ\xfbW\x1c\x97\x07#\xce\
\xb7\xa4\xc6pU*\xd0B@\xbf\xed\xf0\xe4Rh\xeb\
+\xa5\xd8\xe5\xf2\xc1\xae\x1f\xfef\xeb\xf5\x83\xad\xeb\x9b\
]/ovY.\xa9\xa7\xe7{w\xf6\x89\x08\xd9N\
{yN<\x16\xca\xe7p\x9a\x9f\xa7\x95(\x9f\xceK\
\xbb\xbd9\xca\xfa\x10/\xb9\xa8\xd6\x82\xb6\xe1\x9a\xcb\xcb\
Xm\xe1_\xa6\xfa\xcdS\xfbv\xf26\xc7\xef\xd9a\
\x5c\x87R\xab\xdf\x05\x1aaQ\xad\x9bU\xeb\xb7\x82\x0e\
\x85u=\xef\xfe\xac\xc1}\xd7\xb3\xee\xe2\xb9\x83\xad\x82\
z\xf0<oW\xd7IO\x92R\xf9\xb6=\x9f\xa6k\
I\xc7\xbeW=k1\x9d\xd3\xbc\xdeXO\xd1r\xfd\
\xaa\x1f\xc3t\x85\xfd%~\x0fy=z\xae\x9ez\xe3\
EO\xbbe\xf1[\xd1=\x90\x8b\xe7\xf2\xc5\xe3=[\
X\xa7\xc0N\xbd\xfbZ\xf0\x97\xc3\xc3\xbe\xfcZJ\x0b\
\xff\xfa\xfa|\x1b*\xbb.\x11\xfc\xf9\xfd\xbe\xe9\xf6`\
\xffS\xe1\x87\xa5\xa3N\xb1f\xadf\xd5{\xf9\xd5\xdd\
{\xfe\xed[<\xffO\xe7\xcbv\xef\x9d\x99^\xe8S\
\xe3\x99\x92\xb5\xee\xb6\xd5\xad_\x07\xed\xda\xd2p\x22\xaa\
x\xb8n\xb4D\xbf\x1b\xbcO\x8fr}\xbd\xdd\xbc\x85\
\x12\xbd\xf4b\xa49\x5c_f\xd3\xdf\x8e/\xfc\xff\xd9\
\x17\xf8\xa1\xb7n\xdbf5\xea|\xe8u\x09\x00\x00\xf0\
\x1d\x10\xfe\x01\xf8\x9ej\xed\xa1\xceCi\xd6\xd0\xb0k\
A\x88\x1a\xa1\xa9\x95\x96\xa9En\xc7V\xde\xd8\x0cl\
M\xf7\x18\xeb\xb7\xe1\xe55\xe7\xef\xd5\xa2\xc5\xf6\x05g\
\xc1Rk\x8c\xce3\x82\xa6\xb7:2O |\x9b~\
\xf0%n\xe7U`\xd1\xca\xb5\x95x\x88\xe6e\x16\xab\
\xb6Z\x8d`\xcd\xc3\x88~\xac\xb1\xb1\x18\x8f\x7f\xd7\xa9\
\xfeT\xacm\xcb\xa7\x15\xb3\x88B\x14\x88L\xc7U\xfa\
R\x9a1\xd6\x88\xc6z\x90b\xf9\xba\x88@\xa0\xadC\
t-\xe4r1\xdf\xbf\xfa\xf6JY\xfde\x1f\x1f>\
\xd9\xe5\xfaf\xeb\x1a\xcf\xfbK\xbd\xfe\x86@5Sh\
\xd3\x8e}\xfc\xc7R@\x9c\xab\xaa\xe9\x87\xac\xd1\xc3a\
<\xe2\xd5\xa6\xadL\x81l,?\x04Mf\xd1\x1f\xd3\
\xf7\xb3\x17\x1c\xa7hz\x89\xdb\x13\xb5\x8e~\xfc\x11\xee\
D\x083\x06'qM\xb6\xeb\xb7_s\xb9\xfc<h\
7\xb4'\xb5\xa6\x97U\xb7\xf9=\x80k\xc7\x1d\xcb\xab\
\x07\xa0z\x01\xfa\xf3\x00\xfdyx%\x9d\xf7A;\xf4\
\xb8\x0e\xf2,\xed\x9b\xc5-\xec\x96\xaf\xbdV\xca,\xde\
(\xdc\x8eSe\xd2G\xee\xcf\xd8\x97T\xd72\x0d~\
fJ\x04:\xbaf\x96\xf8\xbe(\xfc+\x11\xb8-\xfe\
6m\xfdN\xfdE\x1c>,\xc5\xe7\xf9\xb3\xfe\xfc\x96\
\xde%n\x03n=\xf8\x86\xc1{\x0a\xfa\xad\xc1^\xd6\
\xb7\x19/\xbbY\x16\xbf\x0dyY\xac\xac\xab\x95e\xb5\
\xb2\xae\xad\x5c\x89[\x94K\xf1^h\x0a\xa2\x8a\xf5\x9e\
\xc2\x1e\xe4yH\xbb\xed~\xdb\xef\x96{\xff\xb5\x10P\
\xf5\xad\xeb\xc0\xff\xc3\x86\x07\x7f\xea\x05\xea\xdfU\xb3~\
9x\xdd\xeaw\x9a\xcf\xf8\xd9\xdf\xd7&\x9d\xd2\xe1\xb7\
n\xfd\xc7\xaa\xcb/k\xd7\xf44]\x0b\x0d\xd7v\x9a\
\xae%\xfa\xf4\xf1\xbb\x8e<;\xack:^\xfdC\x00\
\x08\x00\x00\xbe\x1b\xc2?\x00\xdfSn\xf4\x8c\x0d\xa4\xa3\
\xa17\xd5\xd4\x96\xf2\x90$M\x9b\x1b\x84j\xdd\xa52\
\x8f\x1b\x8cjX\xc6\xbf\xab/\xef\x1fZ\x81\x1a\x80\xc3\
\x82_\xa4-\xce\x81\x8d\xa5uW/\xa0\x89^f\x89\
\x0ah\x07\x9a\xf7\xc3\x87\xd6+\xefP\x15\xb1\xde\xde\x99\
\xc4\xaa-\x11\xeeD\x91\x08\xb8Z(\x18\xd3\xd2*'\
y\x0b\xe3w\x1dE[.\xdd\x91Y5\x9e\xf6\xb35\
\xc8-\x9d#\xaft\xff\x9a\xaaB\xe3\x11\xc3\xb4\xc1R\
\xa0\xa0\x95\xd7\xa82\xabfeY\xedr\xfdd\xd7\xb7\
O\xb6^<\xfc;\xbb\xe5whpO\xd7O\xde\x9e\
\xd7\x8b\xff\xe3\xf3\xfb\xb5\xacq\xb3~z\xfc6]\xcd\
j{l\x16\xfd\xa7\x86}h%:\x0f\x00|?\xda\
\x1a\xd2\xe50\xfcv\x22\xd0j\xbb\xd6\xf6-\x02\x15]\
g5B\x95(x\xfc\xfd\xe5\x83\x98\x8e\xef\x94j'\
\xc6\x1e\xfc\xae}T\xfb`\xa9\x92\xfa\xf1\xb4\xfa<Y\
O\xad\xd5\xb6\xad\xdf\x12\xbc\xc7\xf7Vn\xda\x07mK\
u|z\x08y{\xdaf\xdb\xf6Pl(c\xb1>\
\x1f7\xdf\xb6\xaes\xf5\x98\x8b\xb8\xdd\xd4sS'\xa6\
D\xa8\xd7B\xbf\xf8\x0d\xb6\xc0/\xae\xb1\xf8\xee\xd7u\
\xff\x0f\x12S\x12\x18\xbd\xf8\xf42\x0f\x0f\xfdTV=\
\xfc\x14\xea\xf9\xa7\x8f{/\xc3\xfe\xe9\xdf\xf5\x9c\xbf\xfc\
\xa2\x8f\xd8^T\x80\x7f\xd4\xf6\x1c\xd2\xbd\xfas\xff\xfc\
\xf9\x8cw\xdb6\xbf\xf5w\xd3\x1b\x91\xf7\xbb\xf7\xf4\xac\
~\x8b\xbf\xaf7\xff~,\x9e\xeb\xb8\x99\xc5\xdb\x8c}\
\xbc\xf7\x0e\xd4\xf9\x1c\xae\xa9\x07\xe7\xf3}\xe2\xda\xeb?\
\xbf\xd0\xaf\x05\xcdn\xfbj11\x8d\xf7k\xab\x1e\xe6\
u\x9a\xf6h\xfe\xc9\xdf\x9d6\xdd\x7f\x1c\x85\x1e\x80\x00\
\x00\xe0{!\xfc\x03\xf0=\xa9\xc1\xee=?\xc6\x16\x9b\
\x1axCchn\x17E\xcb{\x9e,\xbd\xf1\xafF\
\xd9\xb3v\xa1\xcaEo\xa8\x14`\xb5]\x18\xf6\xf1|\
Mg\x8d\xb7\x1c\xe6\xcdK\xe5\xf2%\xfeu\xb6\x0a\x19\
\xabC\xeb\xf5P\xacX\x7f\x9e\xd6\xb8\x8a~\x9bn\x1e\
b\x09_\xde,\x9e\xcd\xa7E\xa65\xb4\x1d\x8f\x17\x81\
\xa8cS4J\xcd|\xa5\x9a\x16\xc9G;\xa6\xe6\xe4\
|\xb5 \xc5\x14R*\xe0R\xa27\xed\xbb\x02\x96\xb6\
|\x8c\xc7\xbf\xbc\x5ci\xf5]\x96\x8b]\xde>\xd9\xe5\
\xed\x83\x07\x7f\x17\x1f\x14\xfe\x9d\x9e\xb3p6\xcf'\xf5\
\xe9c0\xd0&\x9eL\xf0\xeb\xddk=\x1ds\xaa\x03\
/\xd9\xcb\xaa\x90~+q\xba\xcc\xaa\xce\xea\x9e\x02R\
OQ4\xbf\xaf\xd3?\xf3~\xe7\xed\xf9\xd7\x98\xae\xfd\
\x8a\xdfN\xff\x0d\x8du\x91\x97\x8f\xd9\xbe\xed\xbc\xaf\xcf\
T\x8bg\x9c\xe5\xa1\x07}~\xac\xde\xa7,O\xdbw\
\x1fjU\x00\xa8\xdb\x80}<\xba\x12\x8e\x9b\x1a\xc2\xaa\
^\xdf\xe3>F\x02\x95\xa7\x0cu\xe4K\xfa-\xe6\xe3\
\xef\xb8\xa4a\x981\xf12^\x87\x0a\xbf<\x9c\xf3\xa9\
\xba\x16}\x88\x13\xe6]\x00{\x8f\xc0'\x83\xbf4D\
\xbd\xf8bZ\xea\x01\xa8\x17w\xf8K<V\xb3\xe5b\
e]\xcd\xd6\x98\x17\x81\x9f\xff.z\xcc4\xff\x04\xfa\
\xcf\xb2\xf7\xfa\xdb[\xcf\xbf\xea\x81\xec\xb6\xdb~\xdf\xac\
n\x9b\xbf\xf9w\xbby8\xe8\x17\xae\xd7F\xbbn\xda\
I\xe9\xe7u\xf3\x10\xd0\xf4\x16\xe1\xea\xeb\xf7!\xce\xb3\
\xceY\xbaF\xf5\xadX\xfa\xef%\xda\xcc\xe9\xf9\xed\xcb\
\xb6\xb25\xd6\xa0s`g\xe7\xf50a2UZ\x9b\
v6\xfd\x5c\xbe\x16\xaa\xe9\x80x\x09\x08\x00\x00\xf8\x0e\
\x08\xff\x00\xfc(\xb55\xe2F\xe5\xd1\xed\x98\xef\xd0\x97\
\x8b\x06^\xb4\xbbZ\x13\xac\x85^1\xa1\xaa\xac>4\
c\x0c\xcf\x1e)\xd1P<\xdb_M\xd3\x1c\x95US\
\xb0\x94\x88\x05\x14\x0a(H\xd3\x10\xd35\xc5\x97W\x84\
\x149A|\x8f\x05\x86}\xed\x91Xi/\x00\xf1x\
sQ\xf1v\x80g\xc7\xa9}H[\xe9\x95\x98\xcb\xa4\
\xb1\xbe\x9e\x08RS\x87\xa5b'\xb7\xef\xb5\xedW\xdb\
\xab\xef_\xab\xb5\xb8>z\x0d\xcc\x9b\xefam\xaf\xe9\
j^W\xab\x87\x7f\x977\xbb\xacW[.\xfe\xc2\x8f\
e\xf5{)\x15\x0a\xcd)\xc71 r}\xbb\xbe\xa4\
\xfe\xb1\xe8]i\xbd\x83\x94\x99EXrXO\x1a\x9f\
\xebU\x93\xe3<\xf7\x90\x22\x89\x00\xd6\xab&\xc2\xb1\xb1\
D[\xa5o\xba\xbf\xfcc\xdc\xbb>\xdeo\xbbLs\
\xdb\x17_Y\xbb\x8e\xd3\xa7o;B\xb1i_\xf3q\
\xb7\xb2\xf9wY\xfd\xd6\xd1\xb6s'\xeb\x1d\xf64n\
\x01\xf6\xcf\xf1\xc5 >=\x8e!^~\x93\xb6\xee\xc7\
\x98\xfe\x9d\xd7\x99\xa7,\xb1O\xfd\x18O\x96\x19\x8eM\
\xf3\x22\x90\x8a\xa4<j\xcc_r\xd1~\xb3.\xff\xfe\
}\x88P.~ \xad\xd7]\x84?\xbe|\xff\xfd\xe4\
 p\x19\x06\x8b\xdbu\xe3E?\xf1D\xce\xa5\xf8\x9b\
\xad\xfdV\xdf\x8b-\xc5\x9fwY\xda\xf4\xf1V\xe1\xbe\
\xed\x18N\xae\xcf\xaa\xdf\x5c5]\xe4q\x0d\xec\xb6\xd5\
\xdd\xb6m\xb3m\xdfl\x8b\xe7\xff\xf5\xa0\xd6\x8f\xdc/\
{\x85l\xb1\xce\x1a/.j\xcfz\x8c[\x86\xf5r\
\x90\x14\x14\xef\x96\xaf\xb78\xef:G\xe97\xa8\xd3\xd4\
\xceV\xba\xc6\x06\x1aM\x87Z\xe2\x99\xa2\xb5\xf6^\xc7\
\x99\xb6\xa1\xediJ\xdf\xaf(w\xb8V\xc6\xf9g\xfc\
Z\xe8\x7fw\xfd|z\xf4G\x00\x08\x00\x00\xbe)\xc2\
?\x00?\x82\x1a\xfa\xdep\xec\xb7zZj$\x9f\xf1\
\xf0\xe3Q\x03jn`\x15\xab5\xc2\xa4!\x9cIa\
Dk\x9f\x8dA[tG\x8b\x99\x9d\x87\x02\xad[F\
L\xf3\x95\xb4\xc6\xfd\xa3\xfdO\x8d\x7fS\xf0\xf7\x8e\xf2\
\x11\x03\xc4?j\x0cF\xb0\x10\x8d\xc4Xi\xfb\xc7\xcc\
w\xd6\xbf\xaf1\xaf\x97\xf0\x05\x16\xb3\xba\xb4\xf2\xb9V\
\xbd\xae\x22\xfeH\x01\x5c\xab\x92V\xd5\x91\x1a\xa5\xe9\xe3\
\xd1\xf89\xc8tG\xb3\xd4\xe2/Z\xa8\xde\xf1KS\
\xd3g\x0f\x89<(\xe8\xcb\xa6\x12*\x12\xebY\xec\xfa\
\xe1\x93]\xdf>\xd8z\xb9\xd8z\xb9x\x08x\xa8\xeb\
\xd8\x8e\x0e0\xcf\xa9=\x8dU\xe8f\xe6\xe7?uP\
4;.\xeaURun\xfb6\xda\xa5[b\x87[\
\xf9\xf8g\x08\xaf\xba\x5c\x85\xba\xa5\xd8\x83\xd2~}\xfb\
\xb4\xa8\xcbV+\xaa\x9c\xf8-TM\xd73\xd6\xf2\xd6\
\xd2\xef\x22\x02\xa8a\xda#\xda\x01m.\xca\xb7\xdf\xb8\
\xca\xa4sX\xcdo\xdbn\xeb\xaf}93\x7f\xfbF\
mo\xb1\xee\x01O\xee\xf17\xde&\x9a\xb7\x95\xaf\x97\
\xa1\x9a[\xadT\xaf\x92\xe1\x84T\xfd\x1dj\xc1mZ\
8z*\xf7U\xc5\xfa\xd3*\x8a\x15[J\xb5\x12\xaf\
\xda\xd1\xd4\xf6\xa1k\xe9$d\xf3e\xe39\x80\xfa\x95\
\xc7\xdf\x88R\xf4\x8c?\xef\x9d\xe7\xdf=,\xec\xcf\xe8\
\xd3-\xbbz3\xb0z\xfa\xf5\xe9\xda^[&MW\
l8\xfe-RM\xe5\xd1~\xae\x8a\x99-\x11\xfc\xe9\
\xf6\xdd}\xf3\xc0o\xbbov\xbf\xdfm\xdb\xbd\xf7\xdf\
\x9eV\xe35\xd5V\xd8\xafU\x9d\xdb\x9an\x01\x8e\xe7\
<\xd6=\xea{\xf7^\x9e:\xdf>\xec\xbex\xfb\xfd\
\xf4\xeb\xa5\xed~\xd4\xfdn\xfd7\xdd\xae\x83\x18\xfcg\
Ub_\xb4\xec\xb4\x9e\x87\xfa\x9a\xf2\xf5\xd6\xeb\xb3O\
\xccu\x9c\xaf\x83L\x7f\xdaK\xf1?>\xd5\xfc\xf8\x09\
\x00\x01\x00\xc07C\xf8\x07\xe0G\x98\x03\x82\xd2\x1a_\
\x8f\xd5x\x8b\xeb#>/\x1ao\xadX\x04c\xd1h\
m\x8d\xb4\x16nhZ,j\xda\x11\xef\xcd\x93\x9f\xdd\
6J\x8d\xd6\x07\xe6}-%\xa5?\x9a75\x04\xe7\
y\xb9q8\xfc3\xec\xbf\x16)\x8a\xd6\xbc\xe1x\xba\
{Q\xef%\xfa,\xc5\x9bo\xbdA\x1eaC[\xa6\
\x97\xf5\xaa\xeb+\xcb\x0d\x5c3\x0f\xa4|s\xe9x4\
/\xfe\xad\x90\xc7\xeb.\xed\xbc\xaa[\xcb(xi\xb3\
\xf4\xac\xc2\xde\xb3Q=r\x86\x10 m\xb0\x94\xc5\xde\
>|\xb2\xb7\xb7\x8f\xf1\xf2\x83\xab\xad\xeb\xd5_v`\
\xfd\xfa\xeb\xa7p: \xeb\xe7\xa1\xef\x8dS@\xe4\xdb\
I\xc7ac\xc1iN\x9f5\x05\x0fmN\xf5\xb3\x10\
\x95\xd0\x7f#iY\x9f\x14\x01\xccp\xd6,\xea\xa3\x07\
zm\x1b-\x04\xceg$\x85em\xbdi\xfd\x0f\xe4\
\xfa\xb6\xb4~\x8dh<\x97\xd1r\xad\xbc\xf6L\xe5T\
F\xfb\x1d\xd3\x14xh]{\xfb\x1ee\x14\xfa)\x10\
\x1a\x02\xc1\xde\x13\xd0j\xc4A\xda\xa7v\x1d\x9a\x87\xa2\
q.\xb5\x0f\xed\xf2\xcb'\xb0\xedS\xecW\xfbqi\
\xaf\xbd~\xf3\x22%\xfeUK/_J\x0f\xd2\xc7\x0d\
\xf4\xdf\xb8\x99_W\xed7\xdf\xa6k\xf0\xd0\xce\xca\xea\
\xb7\x08G\x88\xa77\x84,\xe6\xc9QQ\x98\xf8\x8e\xc1\
\x14h\xa7]*\xa5\xf7FnTwq\x0d\xfbs\xff\
R}\xeb\xd9\x8c\xba\x0d8\xbd\xb1\xd9\xea\x1e\x87\x90\x8e\
>V\x9ek\xae\xb6\x1e\x9e\xe9M\xcf\x0ayw\xdd\x12\
\xdco\xfdn\xd7V>\xafZ\xd7\xf0\xcf0\xa3\x0f\xa6\
\xfd\xd0\xf9\xf4\x97\xb4\x98\xa9>\x8a\xcf\x1b*\xa2\x9f\x8d\
v9\xcc\x05&\xfa[\x91?\xf5=\xeb\xd3\xfau\xe3\
u\xb2\xd9}\xdb\x08\x00\x01\x00\xc0\xb7A\xf8\x07\xe0G\
j\x0d\xf2\xa9\x0d\xd4\xdaf\x0a\x10\xd4H|rKp\
[Wj\xd3\x0d\xd4\x00\x9f\xa7\x0f\xfc\x96\xd0\x16\x18h\
O\x0e\xdb\x9c\xc7\x9f{\xd4\xd0k\x0e\xb7\xec\xfa1\xb7\
\x06\xa6\x14\xf5\xf6\xd3h^\xef\xd8zo!I4\x8a\
S\x93\xb2\x05z5\xf2\xc8!\x92\x88\x1d\xf1\x90\xa3o\
\xaf\xb4\xf32\xae\xaf\xcdl\xbd\xd0\xd2\xcb8\x9a>\x16\
5\xea\xbb\x1bu\xabPF{q\x9a\xb9\x0e\xf5\x17k\
\xd1:\xb4d,W\xcab\xd77\x7f\xe1\x87\xbf\xd0\xe0\
b\x97\xcb\x9b\x95ei{\xd2jMu\xa8\x1dK\x05\
\xaa\xf9\xb1\x9c\x06\xa9Q\x07\xb5\xa6\xe0\xb1\xcf:\x14o\
\xf2\xcc\xf8T}\xf9\xf5=\xccJ\x14n\xf4\x90\xa3\xb6\
P*\x07n=\xe0\xca\xe1\x8d\xefcm\xcf\xb8\xcc\xbf\
#\xffZ\x22X\xea\xd7B\xfeM=\x94~suZ\
F\xdf\xfb\xef2\xde\xe6j{\x0a\xf3\xd2~\xb7c\xaa\
\xedv\xd1~\x8c\xbe\xad|\xabr\x0f\x9f\xe2Y\x80\x11\
\xfe\xa9\x17Y/\xab:\xd1\xf3\x01{\x1d\xf9\xb8zs\
\xc6\xb1\xea\x98{U\xb7\xed\xa7\xda\x899\xfa\x1e\x7f[\
\xaa\xb5\x84\xd8\x03\xf6\xbe\x86\xfcS\xf5\x80\xae_\xba\xed\
\xb7\xd6z}\xf5k\xf3l\xb0\x16\xfd*\xf0\xef\xbd\xfb\
l\x89\xdb\xdbcE\xea\xd57\xf7\x02l\xeb\x89}\xf1\
\xf1\xd8\xc5\xe1\xf7\xe6j\x5c\xeb\xba\xfd\xd6\x87x>_\
<\xb7\xaf\xf5\xca\xdc\xa2'\xe0\xe6\xe7\xa5\x9d_\x9b\x8e\
5\xfe\xb1X\xa7\xeaR\xe7Z!\xa0\xf7\x08\xf4\xf5\xe7\
\xf38^C\xbb\xf7\x87=\x9e\x9aat8uq\x5c\
\xed:\x88yC\x11\xfdy\xd0\xbc\xf8\xa2O\xf3=\xe9\
\x855%\xadD\xf59\x7f\x9eQ=\xd4\xb8\xbe\xf7\xe8\
U\xb9\xdd\xefv\xbf\xdf\x09\x00\x01\x00\xc0\xbf\x8e\xf0\x0f\
\xc0_\xc6\xdb^\xa7\xd4~\xd3\xd0\x94~\x0b\xe60]\
\xed\xe9\xd6y\x22\x1akq\xab\xa4\x1ay\x0a\x16\xfa\x12\
c\x83\xae9i\xc4\xa5V\xbb7\x0e\x8b\xef\xcf{\x1a\
w\xb9\xf1}VN\x8dq_w\x9f\xaf\xdd\x18\xf7{\
\x94\xf7\xcfw\xa97\xee{\xa1^\xa2\x98\x87\x04{1\
\xdbShW#|\x8c\x8a\x1a{\xc3\xcc\xe1\x9fMa\
S\xda\xb9\xd6\x9eo\xd2\xf1\x0c\xad\xe3\x1eF\xfa\xea\xd4\
 O\x9f\xc3\x99\xf6\xba\xf7U\x8c\xeb,fv}{\
\xb3\x0f\x1f>\xd9\xb2\xac\xb6\xac\xab].W+K\xf4\
tT\xdd\x0e\xa1h\x0f;K\x04\x13\x87:\x9e\xaf\x0d\
\xad\xa7\xd5\xb6\x7f\xaa\xbes\x9d\xeb\xfa\x18\xc4\xf6\x8b)\
\xf0\xec\x01\x88\xce\xf0\xb0\xc5(\xd3'\xc6\x97\xbc_Q\
\x1f\xbe\x9a\xb8G\xba\xcd\xf7\xe0\xcdZX\xa2\xd9\xb1\x17\
\x87\xe9\xd6\x8e\xef\xecw\xa1\xd0e\x1e\x9e\xf1#K=\
\xb6\xfa\x0c?\xb4\xdao\x03\xf7c\x88\x10%&\xf8G\
\xde\x9e\x87\x80[{ID:\xbe\x08Oj\x8d\xfa\xac\
\xdeC\xcdW\x12\x1b\xad\xfd\xc5#\xe3\xf1\xe7\xff\xd0\xe0\
\xcb\xb7_],\xef\xb7R\xb7\xd2\xfe\x96\xd6t\xc6\xfc\
\xef\x8d&\x95\xe8\x99\xab\xde\xb6\x9d_oq\xcd\xc4e\
\xd2\x87\xf4\xb6\xdcv]\x8d\xd3\xfc\xb9\x7f\x9a\x7f\x0c\xf8\
Jz9H\x9efi;\xbe\x87\xc5\x96\xaa\xa7\x82\xe6\
\x1dL_\xf3,\x9d\xa4\x08Y\x87\x97t\xb4\xb7\xfe\xc6\
\x90\x9e\xfd\xa7z)\xe6?\xfa\xf8K5\xac\xb6\x9f\x9f\
\x9an\x07\xf6\xb7\x07\x0f\xb7|+\x0c\xb4|]\xf4\xd0\
W\xe7\xb0\xc4\xea\xda\x09\xd3h\x9c\xdd>q\x9e\xef\xcf\
$\xb4}\x0a\x15\x1f\xf0*\xe9\xc73\xfc\x0d\xe8_\xbd\
\xfe\xdb\x88\xbe\xc4o#\x06\x0f\xfd6\xbb\xdf7\xbb\xdf\
ov\xbf\xf9\xb0\xddn\x04\x80\x00\x00\xe0_C\xf8\x07\
\xe0\xaf\xe2\xed25\xca]k\x13\xa5\x86\xf1\x99\xde\xb9\
f\xee\xd9\xd7\x1b\x9ajK\xe6\xdePM\xdbfj\xf8\
\x8d\xbb\x12\x0d\xb3h\x0eF\xa3\xd2\xdbo\xfa\xec\xb7\xc9\
\xf5\xd0\xc0\xa7\xf7a\x9e\x97\xa9\xb1\x98S#\xa5\x01\xbd\
\x15\xd9\xe6\xe4F\xfcDS<\xf4\xd0\xad\x81\xbdg^\
\xb1|p\xbe\x81t\xe4m{\xbeL\xdf\x17_\xde\xbc\
\xb1~\xb2]\xcb\xbd\xa7R\x8d\xb5Ch\xadz\xaf?\
\x7f\xeb\xf3X\xcf\xaa\x9f\x1c\xb6\x94\x1a\xb1m\x9c?/\
\x13\xc1@\xac\xcft\xdc\xd5_\xb8p\xbd~\xb4\x8f\x1f\
\xfe\xcd\x96\xe5beY\xed\xb2\xbe\xd9\xb2\xac}\xafb\
\xa3\x0a\xed\xb4\x0f\xe3X\x9f\xa6k,\xd7\xb7\xf6G\xc7\
'-t\xe8\xbb\xd6CS\x05\xd2r\x08\xaf5\xb6\xc7\
\xb7\xf8\xb7\x82+\x151?V?\xc7\xe3-\x9b}o\
\x14\x84\xe8\xc9y\xe3V,\xef\xab\xed\xadW\xa0\xcfP\
\xa2\xadr\xbd\xac\x02\xb53\xed\xfc\x9d|z\x9d(\xd0\
I\xe1Lm\x1b\x88g\xeb\xe9\xfc\xf4c\xb78~?\
^\xed\xa7O/5\x02\x9aZ\xcc\xef\x02\xae\x1eH\xed\
\x11\x06F9\x1f\xa2\xf7al{\xaf\xbd?\xa2\x82\x9f\
\xa2\xea\xb0~M\xf7\xfd\x8cc\x89\xbd;\x9c\xfbXW\
\xab\xdf\xb8\xc6\x22f\x8fU\xf6\x7f\xcc\xe2w\x1c\xcf\xdd\
\xeb\xe3\xfd\x96|\xff\xfd\xfa\x8e\xf9\x9f\x07\x05|\xa9\xb7\
\xdf\x10\xf6y\xc6X\xe2z-q\x0b\xb0\xca\xc4\x0c\x1f\
o\xfb\xe1{\x96\x8f\xa6O\xf7K\xc1\xafH\x1d\xa4\xd7\
G\xb5j%\xc2\x5c=\xfb\xcf\x9f\xff\xd7{\xea\xd5\xba\
\x99\xed\xf7\x1e\xb4\x0e\xb7?\xe7\xed\xb4\xab\xbd\x9d\x8fv\
\xceu\xdd\xa9g\xa1\x02\xc1\xf6\xeea\xff\xa6\x17\x81\xf8\
\x1b\xa27+u\xf7\xf3\xa9\xf3\x97\xf7\xdf4\xbd\xffm\
ie,\xces\xad\xa9h\xba\x16[\xc0x\x0c\x1a\xa3\
t:\x9aI?\x5c\xffW\x89\xdf\xa8\xdet\xbco\xfe\
\xc2\x94\xfb\xdd\xee\xf7\x9b}\xbe}\x8e\xe1f\xb7\xdb\x8d\
\x1e\x80\x00\x00\xe0_G\xf8\x07\xe0\xafR\xdb-u\xbd\
\xc1)\xde\xee\xad>\xaf5\xe0\xc6\x86\x96\xca\xcdZ\xc3\
m\xcc2ZcMaN15\x0a{\x99\xb3|k\
l \x8f\xb7!\x9f\x16O\xb4\xbe\x87\xa1]n\xc0\xb7\
\x10\xc0\xdfF\xaa\xfd\x9a\x97\x1b\xc6\x15^\xc4\xf1\x1dD\
Y\x8fOb\xfe\xee\x81\x88\xd7q\xeb\xc2\xe8sK?\
/\x96C\xae\xea%J\xcfC|\xf5\x96\x02\xd0\xd6\x80\
\xef\xf5\xd2\xf6(-\xd4\xdegY\xfbD\xed\xa5\x1a\xe5\
\xde\xd8V;}<\xae!\xf4\xd2\xfcZ\xecr\xbd\xda\
\xdb\xc7\xbfY\xb9\x5c\xad,\x17[[\xf8\x17\xfb\x1f\x9b\
+\xd6O\x9c\x1f_\x9c\xd3\xb6;c}\xb7\x82\xa7\xa2\
\xf7\x9c\xf6K\xbd\x19c\x96T\x1b\xcf[\x9e\xaf\xfd\xf7\
\x09\xf1B\x96t\xc8-RP(\xd5\xc2\x85VAC\
\x9d9\xad\xcf\xd7\xd5\xc2\x8aX\x9f\xb6\xdb\xa7\xf7`C\
a\x8a\xc2\x89(|\x5c&M;\xfb\xec<\xac\xa96\
.[U\xe7\xadX\xbf~\xfa\x87F|B\xbb&Z\
\xbdx\x00e\xe9\xb9q5B@\x8b\xe7\xce\x15\x85\xa1\
\xb1\xad\xbe\xedXg\xec\x97\x9f;\x1d\xb7o6\x9fD\
\x9f\x94^I\xa2\x173X1\xab\xea\xe1\x97\x0f)\xbe\
\xe5<_\xe3m\xb5~a\xe6\xa0\xcf\xacx\xc8\x17\x0b\
zf\xe7\x0b\xcc=\xf9J)fK+\x94\xfe\x96\xf4\
\xde|~+\xb0E\x19}j}\xfa\xbb\xe4=\x81u\
\x8dY\xad\xb6X\x84\xacmOU\xeb\xfe\xcc?\xbd\x89\
\xb9\x0e/d\xd9\xe2\xd9\x7f\x11\x02\xea\xfc\xe9\xf8\x870\
\xb2\xaf\xd5\xd4G;*^\xd5S\xabB\xde\xdao\xfd\
M\xd7\xb3\xa6\xf7\xeb\xd1\xa7\xf9\xbc\xad\xff\xc7\x87\xf6i\
\xf1=\xd3\xf5\x18\xbd\x0b\x87\xf5*8N\xb7#\xb7\x80\
S\xe5\xfb\xa7_K}\x1dZo\xad\xfd\x16\xf5}\xf7\
7${\xef\xbe\xbb\xddow\xbbG\xc8w\xbf\xdf\xed\
\xa6\xef7\xbf\xedw\xdb6\xdb6\x7f\xfe\xdf\xc63\x00\
\x01\x00\xc0\x9fE\xf8\x07\xe0\xaf\xe2\x8d\xb5\xf8\x9e\x9a\xcc\
mZ\x8d\xa6\xa3\xca\xa5\x22\xfa\xaa \xa8\xa4g\xe8\xe5\
\xf5\xe6\x85\x86\xed\xe52\xd3\xa6\x87Y1\xd2\xda\xea\xed\
\x19iy\xda1\xa0\xf3i\xd6V>\xce\xef\xdf\x87@\
\xe8X\x05\x87m\xb4\xc6\xb3\xf6+\xc6\xe7\xb7\xda\x8e\xa3\
s\xef\xc8\xae\xd5CY\xac\xdaj\xd5.~\x0b\xdb\xc9\
\xbe\x98\xf6Qu\xde\xa6\xf5\xc2\x0a\x02\xd5`\xb68\x87\
\xa9\x7fY\xef\x95\xa3f\x7f\x1b\x1f+\xa1Z\x04\x17\x1a\
\x8fy\xfeQ\xfa\x1eTo\xd4\xaf\xeb\xd5>|\xfc7\
[\xd6\xab\x95r\xb1u\xbd\xda\xba\xaeC%\xf6\xb0\xe3\
H\xf3r`\xe1\xfb\x90\x02\xbd\xc4\xa3\x9f\x96|\xb6\xde\
}-\x9c\x1c\x96\xf1u\xd6\xe9\x9c?\xd4\xea\xc3?\xda\
2yr\xf1\x7f\xa9*[\xfd\xc4\xe2\xa5\x8c/;\xd1\
\xfeV\xeb\x01\x8axhQS/*\x05f=X\xf1\
\xf5\x8e\xb5\xa0y\xfa\x9e\xa7\x1d\xd7\x1f\xa1HZ6\xef\
\x95Ym\xd7B\xed\x11[\xccq\x0a\xc8\xdb:\xdb\xbc\
\x1c\xb4\xe8\xa5 \x0aa\xfav\xcf\xf6\xad\xb4[\xdc#\
\xb01?\xa7\xea\x03\xab\x00\xac\x14\xb3\xb2\xf4y\xa6\xde\
cqM+,+\xc5\xac\x96\xdd\xac\xec~[p\x5c\
\x18\xed\xac\xc7\x97\xfc{n\xef\xf4.~]\x97\x92\xff\
c\xc0b\xa5\xc4\x1b\xbc\x8b\x02\xc1\x14\xf4\xa9\xac\xd6\xe9\
\x05\xa6\xb2~\x00*?\xee\x90\xe8x\xe3\x98\xcc\xcf\x85\
\x02~\xf5\x97\xd4\xb5\xe9\xe74\xce\x97z\xeb\x0d/^\
\xd1-\xbaQWfq\x0c}\x8b\x9a\xa6\x7f\xeb7\xa4\
\xe3\xf1\x93\x1b\xe7D\xd7\x8b\xceg\xdc\x9a\xabm\xfa6\
\xf6x\xf2b\xfa=\x9a\xefK<\x91\xd1\xff\x1a\xd5y\
\xf0\xe9\xfd\x9a\xcf\x81]\x0e\xfd6\xdb\x14\xe0\xc5\x9b\x8e\
\x0fC<\xf7p\xdfw\xdb\xf6\xbb\xdd\xb7\x9b\x0f\xf7\x9b\
\xddn\x9f\xed~\xfbl\xf7\xed\xb3\xdd\xee>\xed\x1e\xbd\
\xfd\xee\xf7\xbbm\xdb\xdd\xee\x9b\xf7\xf2\xdb\xb6\x08R\xb7\
\xcdl\xbb\xc7\xcbTnVwz\x00\x02\x00\x80?\x81\
\xf0\x0f\xc0_mn\x8c\xcf\xd4X\xad\x96Zt\xc1\xdb\
\x86\x11\x02\xb4F\xe9\xd4\xb0M\xc1\x8c\xa9\x81\x1caa\
\x9f\x1c\xcb>\xd9\x0f\xf3M\x85\xf4f\xcdh\xa8j\xd9\
\xd6\xb8n|K>;\x1a\xba\xa5\xa4g\x81M;k\
\x1e\xceD\xc1!\x00kej\xf5\xc6\xfc\xb1\x05\x1f\xad\
\xf7\xfe\x1c)o\x88\xc7\xbc\xb6\xff\xe3\x91\xf7\xc9\xbe_\
5\xf5dz(\xd5U\xeb\x95\xa6i\xf1Q\xda\xd7\xd8\
\xe7\xb4\xb1:\x84\x82\x9a7\xad\xd3+\xb6-\xd6\xe7F\
\xd9Z\xdbJ\x96\xe5bo\x1f?\xd9z\xfd\x10=\xff\
.\x87\xf0Or\x08t\xbc\xfe\xda\x1e\x0f\xb4\x9a<=\
\x22\x17\x9f\xd8N\xe5IR\x98\xcb\xaaw\xd5\xc9~\x89\
/\xde\x0b\xb4}\xcc\x83\xeal\xb8Q{\xdc\xcbv|\
\x9aR\xcd\xacz\x98\xd3T\x95\xb3\xa17W_\xde?\
\xd5+\xea\xf8\xe2\x8eXM|\x1f\xeb2\xd6\xd1\x82\x95\
\xb4\xacy/\xdc:\xed\xa7/\x94\xf7\xd7'\xa5\x1c-\
&\xc4\xef\xc3T%\xc7sZ\xe3\x9a\xd3e\xe2\xe3i\
\xbf[]\xa6\x10\xb0-\xa3\x9d\x90^\xf7\x0a\xc8\xda\xd3\
\xfc\xf2\xce\xc6)\xe8\xe7b\xb8\xa17\xce\x7f\xff\xed\xfa\
a\x14+e\xb1\xa5x\x0c\xd8B\xba\xe8$\xe7k\x1b\
\x03?\xff\xa9\x16+\xcb\x14\x04\xb6\xbfK\xda\xba\x86\x14\
\xfc\xe5y\xa9#^\xffk\x96\x83\xfcx&c\xbbM\
\xbc\xffM\xa9\xd5\xe2v\xdc\xea\xf3\xa2w\xdb\xb6\xef\xb6\
\xcd=\xe5\x86\xed\xceW\xaaO\xb5\xf6\xd8\x86\x12\x7f\xbd\
,\xc2;/\xd9\xff\xc6\xf4\xf3\xa8s\xa9y}\xdan\
V\xfc\x1a\xf3@v:\x9d:_1\xe8?V\xe8\xb7\
\xd5\xaf\xd7\xb8\xee[\xcf=\x0f\xe4<\x9c\xf3\xcfmS\
X\xa7\xef\x11\xe4)\xf0\xbb{o\xbe\xdb\xedf\xb7\xbb\
\x0f\x9fo7\xbb}\xfe\x9c\x02\xc1\x9bm\x9b\xdf\xe2\xbb\
\xdd\xef)D\x8c\xd0\xf1~\xb7\xfd\xbeE\xe8\xb9\x7f\xe9\
\xaf3\x00\x00\xc0\x88\xf0\x0f\xc0\xcf\xa25\xc8'ex\
\xe3o\x8dFb\x9a_\xc7\xc6d\x93V\xa7\xb95\xd6\
\xa7\x91\xd2\xef\x80\xebe\xdb\x842<\xac_\x8d\xd2\xbe\
}5:\xb5~\xfd\xfb\x8c\xaf+7\xca{\xc3S\xdf\
\xa3d\xea\x99\xa3\xefe\x98\x9e\x1b\xad{\xbc]\xd4\x97\
\xf7\xe7\xa7\xc5\x12\xc3\xf1\x9b\x87z\xbeR\xb3T\xdf\xd5\
Gb\x9aEc\xbb\xb6\xe3m{\x18e\xda\xd1\xe7F\
\xb7E\x03=\x0a\xab\x01\xde{\xdf\xb4L\xc5\xcbjh\
\xe1F_\x97hk=\x90\x89\xedh\xde\xb0\x9abe\
\xb9\xd8\xf5\xc3G\xbb\x5c\xfd-\xbf\x17\xf5\xfc\xcbe\xb5\
\xee|\xad\xc5I\xf3j\x89\xf0@\xd3cf\x0bkt\
{n\x0a\x13\xc6=\x8ek\xa4%\x97iV\xce\x92\xe2\
\xcb0>_\xffq\xccEAT/\x98R\xb0\xc3N\
\xf4:\xd4\xc7\xff\xcb\xde\xbf-\xc9\x92\x1cI\x82 \xab\
\x9a\x99{\xc4\xc9L\x00\x85\xaa\xea\xaa\x99\xddi\xda}\
\x1a\xa2\xf9\x85\xf9\x87y\x19\xa2%\xda\xd7\xfd\x92\xf9\xdc\
\x9d\xe9Fw\x01y\x89\x08w3\x95}`fU1\
s\x8f\x93\x89\xda\x02\x0a@\x99\x9c\xe3\xe1fz\x15\x15\
\x155wa\x17U\x11\x98\xc1\xf3\xd7\xd2\xc1v\xf2\x1a\
,}\x12\xc8s_\x1e\x19XI\xbc\x8dy\xcf\xed\xa5\
\xf4'u\x101\x1c\xacz\x92\x01$%& \xb03\
\xdf\xf6\x83\xf3]\xe7-MBQ\x1e\xc1I\xf6\xd5 \
\xb0R\xc0e\x08\xbcDl@0\x98D\xf6\x04\xa3\xec\
\x089i\xa6G\x7f\xa3w\x01\x91\xd4\x8aN\xe6\xbf\xa0\
\xafQ\x83i,\xc5\x16\x09\xb6\x19\xdcSN\x02\xf2\x03\
\x0c\xe6\xc1\x1f\x17\xd8.:\x18\xc8m\xbe.\xdf\xdfQ\
\xf6g\x02\xb2\xa7\x9e\xc66\xf4\xde\xfb\xf3&s\xff\x1b\
\xe4qx\xccTe\x0b\x99z\xd3\xc1T\xe8,\xbeX\
\xb1\xb5\x95\xe0X\x0a\xc6\xd2\xb4\x15\xdb\xf3\xe8g\x10\xef\
\xc8\x92%\xdb\xa9\xb0]\xaaH$\xf0\x98\xf3\x1a^\xa7\
\x06\xe7\xa0\xe0#\xe6\xfb\xb0>\x1f\xda\xf7lX\xd91\
\x0a\xe4g\x90sCc\xcd[w[[y\xd6a\x06\
\x05\xdb&o\xbf\xbd\xc7\x9f\xcf\xec3\xb0\xd7=\xfc\xbc\
\xb5W[\x7f\xd7\xf5\xce\xb3\xff6n\x0dn\xb1\x01>\
S16\xb4t~%\x8a\x8eO8\xe9\xa4\x93N:\
\xe9\xa4\x93N\xfa%t\x82\x7f'\x9dt\xd2_\x03\x85\
\x0c\xcf\xb0Q{,\xf0\x90\xf0$I\x09\xd9\xd8\xa4Q\
\xbb/\x99\x0d\xc2q\x9dMGG\xf9\xec~)\x00M\
`\xf1\xf9\xd0\xb3\x8c\xe4\xd2\xfb:\x1a\xa2\xe8e\x1es\
:8\xc2\x1b6\xef\xa4~\xee\x98\x0c\xdf\xc4s\xae\x06\
\xc9o\xb8\xf3\x8c\xcc\xe8[\xf2\x5c\x89y4\xb2\x01\xa0\
0\xca\xa9\xc0\x87^BM\x14\x83\x08\x02\xbb2\xe6e\
\xb2\xc1\xde\xef\xfb?f\xd2\x88g\x9bn\xbf\x03<-\
A\xae\xe3\xcfNT\xde\x1a9\xcfW\xcc\xcb\x0b\xca\xb4\
\xa4\x80\x1fO\x18\xca\xd4\xe7\xab v^\x8f\x1c\x19 \
P,(\x07*Pj\xb337xg\x82\xe5\xe8\xf2\
j7\x92\xfe\x1a\xd4q\x95\xa7$\xaf$`\xc7\x93\xc1\
\xd9'\xab\x01\x90\xfc\x8e\xf3\x9c\xb75\x12\x5c\xd1\xd6\xec\
\x8e\xccE\xf7\xec2\xa8b\xda\x01%\x89\xacg\xd6\xd3\
\xfc\x9e_\xf4\x0e\x1bu\x9e\x95K\x8d\x8d4\x18\xbc\x93\
\xc7Y\x9ex\xe6\xa64n\xbd\xedm6z\xa3El\
\x080*-\x81\xbf\x01ZvD\xa9k\xe4\xb8G4\
\x81|\x9eg\xf7\xa5\xfe\x0e2\xf1\xf2\x228h\xd5\xd8\
\xeb/A<\xc26\x03\xb8\xb3\x0eH\xbfv@b\x02\
\xfe\x0a\x81Z&\x0b\xdc\xdbAx\xeaDm\xee\xd8\x93\
\xb7`)\xd9\xf3S\x8dyT}}\x8f\x99\xef\xfa\x15\
CV\xfb\xb5\xdb\x0e[p\xd1\xbd\xfd\xd0\x94\xd7\x1f;\
\xe6\xcd\x5cj\xcc\x8e\x00\x9c\xd7\x95\xca\xb2\x1b\xf7k\xde\
\x1c<H^y\xbeN o\xd7%\xb3\x1f\xbe\xb1\xbc\
G\xfb\x9dt\xbb\x93d\x07S\x07\xbfL\xdfkb\xd7\
M\xaf\x1d\x9f\x85\xb8i+\xb0\x82\x97\xe4\x17\x81=m\
\xe9\x8d\x8d`zl@k(\xad\xa1\xc4\xa6g\xbb\xbd\
.\x1d\x00\x06\xa8\xb5\xa0\xd6\x9f\xf5\xcf>\xe9\xa4\x93N\
:\xe9\xa4\x93N\x22\x9d\xe0\xdfI'\x9d\xf4WC\xc9\
\x96\x0b\xf9\x1d\xd9\xba-)\xff3\x0a\x18L\x90\x0d\xdb\
+\xc8\x94\x95\xed\xc6\xfcQ\xd6e\x00\xf4s\xd4\xf6\xf4\
hD\xa6\xa6:e#\xf2)B\xf6\x15\xa2!o\xa3\
\x93V'[\x18\xbd\xd0\xf6\x1c\x11\x89!\xd0A\x83U\
i\x1a\xa7%\xa5\x01\x99}m'\xc4~\x004;+\
\x10\xb5\x8f-4\x0c_\xf7\xa8\xad\xf2\x8cz$&f\
\x00'\x98\x00\xd8\x93\xca\xd7\xa9\xbc\xaf\xa3\x1b\xff\xb95\
\xbe\x97RQkE]\x16\xcc\xd7+\xea<c\x9e\x16\
\xd4:\xa3\xd6gs6h\x80Zz\x0f#7\xe4%\
\xc4\xd78O\xcc\xe0\x82\xb7\xe09*\xa9\x81\x10\x1b\xf7\
\x04\x9b\x08\xac\x09\xb82\xf0\xd6\xef3\xc8\xa5\xbe%#\
\xeb8\xf3\xb2\x8eI\x0a1\xca?P\x9f_\x03%\x0a\
\x84\x91\xfa\xc9\xfd\x1a\x04g\x939/\x01\xc3\x22\xeb\x22\
i\xac\x9b}\xbd\x9f!\xf3v,\x1f\xf9\xdc8\x0d#\
\xb7\x1b\x94\xf1q\xeb\xb1\xb7\xb7G\x07\x82284\x80\
Cz\x01\xd2\x93*\x1a\xf3\x09J\x86\xe2J\xe49\xd1\
y\x8a\x1c\x9c^\xde\x1a\xea1\x8c\xcb\xfe\x92h\x8e`\
)\xef2\x14(\x14gWH\xa52\xe0\xa7r\xfd\xb6\
\x22\x81}n\x95\x7f\x8c3\xf7\xb2j\x93m\xe9\x16 \
\xa7=_\xefOI\xe3\xf6\x82N?\x14PV\x92\x87\
\xd6\x80\x90\xbf!\xebh]\xae\x9e\xe7\xcew\x17\x03/\
\x22\x81}0\xd0\xde\xc9\xf3b!\xf3~<3\xd2\x0b\
\xf2\x18\xed\xf3\x14\x09t\xec\x9d\xf6\xfe8\xa2\xe1\x15\x19\
0O\x879\xf43\xb8Vzf\xd6\x8aZ'Lu\
F\x9d&\xd4Z1Um\xdd.\xa5\xbf\xb3\xcex~\
3\x0a\xb3G:67C?*1\xbb\x10\x1f\xae\x82\
\xf8%\xf7\x02`\x8a@-\xc0T\x0b\xa6J\x0f\xd1\xe9\
?\xff\xcf\xff\xcb\xff18=\xe9\xa4\x93N:\xe9\xa4\
\x93Nz\xa4\x13\xfc;\xe9\xa4\x93\xfe\x92hg\xe8\x7f\
F\xb6\xc7\x9e;\xd9\x0d\xb21\x97\xda\xb2wZ7\xa6\
e>\x17m\x81L\xd5t=n~I_P[|\
\xcf\xd9\xc7\xca\xc3\x18?R),\xef:\xfd=\xb7)\
C\x92\x89J\x0dy\x00u\xe4\x8d\x86c\xcfw\xbb\xbc\
\xe8\x80\x00\x9b`l\xd0\xc8^N*\x17E\xb2~2\
\xb6\x9d\xac\x00\x00Ao4\xc9vG\x9d\x8d\xd1\x8a\xff\
\x1d)\xf2X\x0f\xe9\x83F\x89Z*\xa62\xd1\xe3\xef\
z\xc5\xbc\x5c\xb0\xcc\x17\xcc\xf3\x9c\x00[\x82\x07\xa5{\
\x90\x0a\xd7(\xce\x13\x98\xe1\xe0\x05\xfde\x8f\x22\x03h\
\xf2\xea\xe9@\xc7\x93\xbc\xee\x81\xa4\xf3\xce\x128Hp\
k_\xde\xf9\x06\xb5\x08\xc3\x1du\x843@\x9e-\x09\
I\xbd\xe8\xbax\x06,\xab$\xb1\xf0\x9fQ\xb7\xeb\x99\
\xde;\xb8\xe2\x12E}\xaa\xaau1\xcf\x03\xd7\x8d\xd2\
\x9f\xac]\xcau@\xedc-\xb0\xb3\xdd\xda\xe8\x00O\
\x02\x1d5?\xbc\xf6\xc8F\x9d\x1dG\xe2\xd7\xd9Rq\
\xdd\xb0\x8cW\xbcs\x0c\xbd\x14\xe9\x07\x89\x17\x1e\xb7\xd3\
86\xf3v\x18'\xfa\x22a{\xa5t0\xcak\x8d\
\xbc\xd1\xc3\x94k\x95-y\x1e\xfa\x9a\xb4L\x12\xab|\
\xd3\x5ci\x8dq\xde4\xce\xbe\x96S\x7f:3tt\
=@(\x0d\xa2w\x91)\x8fL\xb3\xaf\xb9\xd1<\xf6\
y\x1e \x1c\xd7\xc0\x86\xa6\xf53\xb6\xfd\x06\x1ax\x0e\
`S\x04ftY\x15\x94iB\x99f\xd4\xba\xa0T\
\x057\xa9\x13\xbdv\x8b\xee\x0d\xee\xd7J\xf0\xcd\xd7\xa5\
\xa4\x08\xc8`}\x08\x80S\x19\xeb\xb6_;P\xee(\
g]3=\x09\xd5r/\xd0\xf3\x84\x80\x1e\xdb\xe2\xab\
\xf3\xd6\xdb\x1ey\xe3\x5cF\x96\xe9\xed\xf7yT\xd7}\
\xda\xb8\xa5\xb7\x83\xb9\xfd\x8cY\x96a\x80g\xebAA\
\xad\x05\xe5\x7f\xfd\xdf\xfe\xf7\xbdF\x9et\xd2I'\x9d\
t\xd2I'%:\xc1\xbf\x93N:\xe9/\x8d|~\
\xd2\xba\xae\xcf\x81\x04\xc8X\x92\xed)\xb3\x9b\xf9,4\
\xca\xa7\xfb^7r\x8d=\xd13n\x5c\xf7\xa6\x8em\
\xf8\xd0{S\xe8\x5c,y\xb9d2\xf8\x01\xf3\xd3\xd3\
\xf3{\xba\xe9\x98\xc1(\x9d\xdb4\xc0b\xc3\xd5yc\
|\xf4\xf6\xca\x86:\xca#(c\x8a\xeeUR\xe8%\
\xd6Z\xdf\xdd\xc8\xad\xbe\xd0\x8d\xde\x01\x94\x12\xa0\x0f\xe0\
\x88\xae\xc9t\x02\x0b\xf6\x08t\xd5nd\x1f\xa8\x18p\
JS\xea\xa2a\xa0.\xf1]|V\x98\x0b\x8bj!\
XP\xea\x8ci\xb9b\xb9\x5c1\xcf\x0b\xa6iF\xad\
\xb3\xfa\xd9z\x9b\x94Q\xa2\xac\x13A\xces\xbeeD\
\xfd`N\xcf\xefy\xfb\xf9\xed}p\x10=\xb9\xcbB\
\x02\x8a\xec)Y\xaa\xc6\x16\x1dX`\xbb\x02K\x22\xb7\
\xa5\xf72\x84\x1d0\xff{fZ\xe3\x1c\xed\xf4Hm\
\x0e\xa7.\xe9\x8c\xbc\xe4\xfc\xea\xe5\x9f\xe8O.s\xbc\
\xd6\x05\xdfR\xfe^o\xa3{>\xe9v7>\x96\xf1\
\x5c\xec\xd7\xe6\x114.\xd0yx\xc9\xcb\xaa\x14nI\
'X\xc2h\xbd\xb5\x14m\x13\xf7Yx\xc3\xdb\xb5\xb2\
\xf1\xd1\xa6\xe60v\x82\xd2[\x96G\xe2\xeb\x19\xf5\x11\
\x15h\xa2\xd4\xa1\x80\x9d\x1dI>\xd4S\xe9\xfa\x93\xf5\
\x93\xd7T\xbf\xd2Zs5\xff\x0d$\xb9\xaa\xb0e*\
\x07\xd7\xfe'<f{\x8a\x06Pt>\xa2\xb7\xa6F\
\xd0\xdb\xaf)\x22.\x04`\xb7`\xd0\x8b\xd8|\x06\x1e\
\x03a8\xf8\xc5\xba\xaeh\xeb\x0d\xd8V\x14ld\xa5\
\x16\x06\xe7\x99\x17\xcc\xf3\x05\xa5N\xa8\xd3\x82:/\xa8\
u\xc14\xcf\xa8\xf3E\xd1\xbby\x8eg\x9d\x08\x0a\x12\
\x004\xa0\xc6\x1f0P\xb9\xbd\xde`\x1c\xd3\xf9\x1c\xeb\
\x00\x9c#a'=z\x90\xc7\x81\x9e\xe9\xbf'h\xe8\
\xbe?3\xf2:\x1a\xb2\xa4|t\xed\xb3\xfc|^`\
\xff\x11\xc1ko#/\xf2\xa2,\xfd\xc7\x02\x81\xe9A\
\xee\xfb\xf3\xa7\xe0\x04\x00O:\xe9\xa4\x93N:\xe9\xa4\
\xaf\xd3\x09\x00\x9et\xd2I\x7fi\xd4\x22\xd0\xb6\x0d\xeb\
\xe6\xc3\xe2\xbbu\xb63\xc2\x22l\xbc\xd9H\x97q\xdb\
\xf6e\x8e\xd7\xfd\xef\xc1R\x8a0\xc8\xa2{\x9b\xf3\x81\
\x04J\xd0\x98\xa3\x81\xd7\x99\xeay\xbc%\x18\xd8\x93m\
\xa0\xc9\xb0\xce\xe5\xc6\x0d\x04\x0c\xf86\x97\x1d\xc6%\x8e\
\xf5\x0e\xf7}\x8c\xd1\x0eCt\x8b\xfb\xb2\x03\x8cb\xe1\
\x88\x11\xd9\x95y\x02\x00\xcd\x1f-Ry\xa9\xf0,*\
n\x89e\x1f,\xde\xe1\x88\x0e6\x14\x19\xc9G 0\
\x89;\x01e.3x%\x807\x22\xc4\x8e\x5c\x02e\
\xb5\xcc(\xd3D\xaf\xbf\xcb+\xa6\xe9\xaa\x88\xbf\x1a\x83\
e\x92[\xcfrcB\xbf\xefi\x87\xf4\xa1C\x92e\
8?\xf1ul\xb7\xdf\xf0\xee(\x83\x00\xba7_\xc4\
\x90\x1f\xc1\x0aoMtK;\x89\xb1\xc9J\xe0\x83\x00\
.[,(\xf2\xc2J\xe7\xdb)o7\xcc\xb4\xa53\
\x83\x84\xf9e\xfa\xb9k\xd7\xdf\xa5w0\xc9\xe3\xdb\xcb\
\xa0\x83I\x06\x9e\xbce3\xa9\x805\xb7\x83\xd2\x96=\
[\xda\xb5W*\xb7fv\x00\xd0\xa7$\x16\xa0\xd6\xe8\
q/\x0a\x0a\x0a&\xdd\xb0$\xbd\xac\x86H\xdc\xfa.\
\xb0\x89j\x0e=P\xb9\xe0]\xaa\xba\xa3\xce\xb1\xc6U\
\x8aA\xc0\xa4\x0b\xce\x83\x18\xc9+)\x15\x03\xe8\x05\xd6\
\xfb*\x85\xdb_\x9d7\x0a\x1e+\x92G\x0e\xaa\x8fN\
\xffu\x9d\xe6\xdey\x02\x9e\xe8\xe1\xd7\xd0b\x95\xe7\xeb\
8k\x0f)\xb8\x07\xc1?>\xc3\x9b\x22\xe1nm\xc5\
}\xbdc[\xef\x88\xfb\x1d\x11\xab\x9e\x1d\x05\xa5N\x98\
\xe6\x19\xf3\xb2`\x99/\x04\xff\x96\x05\xd3|\xc54_\
\xb0,\x17L\xf3\x15\xf3|\xc1<q\x9d\xd7\xe2-\xb8\
\x95\xa0y\x15\xb0\x07\x8e\xab\xa4\xed\xfe\xf6\x0e\xd4]O\
\x87\xf5Q\xb26\xf9j\xcc\xa5\xae\xf6\x1f\x0f;\xb2\xfc\
\xa4\x06}\xad\x8f5D\xd9\x85\x9f\xaf\xbb\x88\xc8<&\
\xc0@``\xdbmQG\xf3\xba\x91\xc7\xb1\xdb4\xef\
\x89\xa1\x13\x00<\xe9\xa4\x93N:\xe9\xa4\x93>\xa5\x13\
\xfc;\xe9\xa4\x93\xfe\x12)\x22\xb0\x09\x00Dc@\x8b\
\x9cw\xa4n\xac\xf6{\x0c\x93,c\x09\xddh\x1f\x06\
\x9d\xe9i\xbbO\x0c:\xbe\xdb@vf\xcawq$\
\xf4-\x01\x7f\xb9\x9fq=@\x99\x92\xbb\xea\xb5h\xe5\
u\xfe\x1f\xbc\xa8F%\x9fc\xc6t\x8d\xbc\x04\xcf\xd2\
B<z.\x9a\x04\xac\xb4M\xe7w\x0dSZ\x00\x09\
\xef\x00 \x8a\xce\xdb\xd2H\x81\x86\x8aF\xff\xc12\xbc\
\x09\xd5,\x90\x9c\xa7\xb2um\x90fH\xe1h\x86?\
\xe1\x13\xe8%C@H\xad3\xaa<\x88.\xd7W\xcc\
\xf3\x15\xb5\xce\x98\xa6Y\xe5\xc7\x98G\xfb\x83\x9e\xc9c\
\xc8\x1a;>\xf2\x1c\xf4!%\x90k\xd7\x92\xcb\xea\xda\
\xef\xac\x948\x09+\xa9y\xa4\xd7_)\x04\xaf\xe2\xe0\
\x01\xc7\x964?\xf2h\x82di\x22`\xfall\x0c\
\xe6\xd1\xe3\x85j\xedD\x02~\x0c\x00?\xa3\x9c\xee\xf2\
O\xd3=\x83\xa9\xdd\x5c\x86\x00VN\xd7\xb5\x01\xc0*\
\xfd\xc9u\xd2x\x5c\x07\x02I\x81\xe1\xf9GP\x88\xfd\
\x17\x00\xa5\x04&\xbd\xf3\xe5\xad\x98\xd6!\x96\xe46\xd9\
\xa1\xb7\x03\x08T_\xe4\xc2\x89\x80\xb6\x0e\x17y\xce\x06\
\x18W{\xaf\x04\x9c\xbb\xe4\xf0\xa7\x1a\xce\xae\xe3\xd1!\
\x9d\xa8\xe9\x9a\x97\xfb>w\xbas\xc8\xcaT`\xb6\x0d\
(\xf290H\xb2\xa4\xf4\xc70\x83\xc0\xfe\xd6\x7f{\
\x09z\xa65\x00\xc1\xe8\xb3a\x8f\xbf\xb6q\xbe\x9a\x80\
?\x01\x81\xad\xf1\x19\xde6F\xb0]\xb7\x15[\xbb#\
\xf4|)\x5c\xb8\xf4\xd0\x9d\x16\xcc\xcb\x82y\xb9`\x9e\
/X\xe6\x05\x93^\xc3\xf3\x8f\xde~~q\xde\x0d\xf4\
\xe6g\xd4\x13yuM\x18\x14!\xdd\xd9\xa5\x0e\xb2\xd8\
xA9\xed\x9f\xb9=\x93bM\xd7\xe9\x8ey}\x82\
\xb3g\xad@R\x83~:&\x80\x9e\x80\x1b\xb6\xcd\xe7\
S\xae\x88\x8d\xd1~#E\xc0\xe6\x0f<\xe2kpr\
\x02\x80'\x9dt\xd2I'\x9dt\xd2s:\xc1\xbf\x93\
N:\xe9/\x95B\x00\xe0\xa6-\xc06hd\xfa\xd0\
\xe49\x00\x0a\xa6\x0e\x10\x8c\x84\x87\xbc~m\xcb)\x19\
pj]\xd76\xb6F;\xf6\xfe\xeb\x80\x9a\xf7\x8b\xa9\
\xe9Q\xe7y\xbf\xc7{_F\xdeb\xea\x0cy\xbd\xf5\
\xb2\xfd\xe2\x93\xb6m\x5c\x02\x8a )\x0f\xc9\x02\xed\x0f\
+\x83\x7f5\x13\x82\x97\x22\x02\x9b\xce\xa0\xb3\x14(\x87\
|>Ue\xf4\xdb\xd2\x92\xec\xec\x01\x18(\xc5\xe0\xd2\
\xc1\xdc\xdeY\xa8\xe3\xfa3\x000\x17}\xa4\xc1;\xc0\
\xad\x80\xb5N\xa8\xcb\x05\xd7\xeb+\x96\xe5\x05\xd3\xc43\
\xff\xbc\xcd\xaf\xd7\x93LG3C\x07\xd4\xaa\xf2\xd2\x9d\
\x93vz\xe1b\xbeb\x9d\xa6>r=\x09Y\x00\x91\
t6\xe94\xcb\xb8q\xa6\xee`\x09\xf7\xa1-\xdc#\
z.]\xc0\xfaYbEg\x83\xedj?z\x0f\x96\
\xe21{\x96\x92W\xd2\x13\xa0\x0e\x1ag\xc8\xeb\x93\xec\
\xcb\x133\x95\xdd\xe9\xe9\xe1\xfa\xf8R\x0e\xbaT\x9c\x1e\
y\xbc\xa3\x94\x04\xc8\xf1\xaav\xb3g\xa3\xc7.\x00\xb0\
v\x00p\x8c\xbb\x02\xa8\xa5\xa1\x16\xeaz\xa9\x094*\
\xec\x8cRK\xde\x80\xa9wHm\x22\xd8_\xd9\x8d\x91\
m\xa4\xbb1\x06\xb5\x1c\x12wp\x05\x1d\xf2\xb4.\xcd\
\xca\xe0$\xff\x19\x03O\xf3\x1b\xa9\x0c\x81bJ\xd4\xed\
<\xa50\xa8\xcc\x9b\x96\xc7\x92\xde\x03\x0c\xda\x81@\xf7\
\x00\xe4<\xf9\xacJ\xa6\x19\xbcr\xda\xd1\x9b\x8d\x1ek\
\x92[\x05\x83eL\x17\x02\xf6u\xc64\xcf\x98\xe6\x09\
U[\xf5\x07\xd0\xe7\xed\xbd:\x0b\xd0\xd3U*\xe7\x02\
\xba\x86\xef\xbd\x88\xad\x9bc\xc8\x83\x0a%\xa4\x1f\x1f\xe2\
s)\xf5\xf9\xcc\xd4q\xc5\xfe\xbc\xe0\x0d\xfbJ\xb2\xdb\
U\xce\xf9\x92zX\xef\xd1\xe5\x18\x11\xddc\xb7\xb5\x86\
\xad\xad\x8a\x16l\x10\xf5\xae\xf3C\xdd\xde\x08 \x94\xf5\
\xe1\x04\x00O:\xe9\xa4\x93N:\xe9\xa4\x07:\xc1\xbf\
\x93N:\xe9/\x99\xc2\x00\xe0FC\xb2\xa7w\x93M\
\xa0\xca\x13+\xef\x98\x96\xef\x9f^\xf77\xa2\x0b\xf1\xcc\
cpW/\x03h\x06\x00\x0f[w\x0f\x1ezO\xfb\
\xed\x94A\xbeg\xfd\xa5k\x8f>2\x22\xf1X~\x9c\
\xa9\x16\xf6'B\xb1\xd1\xeb:6\x84\x01\x00\x0dk\xb3\
\x11/9\xa8\x0el\xf8\x96\xc2C\xf8Q\x95Q\xba\xa7\
\x10A\xc0\x90?\x14\xeb\x97\xaf\x18\xd7\x838\x97\x1d\xb0\
P\xbf\x061\x8c\xad>'\x1d\xbe?\xcd\xa8\xf2\xfc\xbb\
^\xbf\xe8\xcc\xbf\xa9\xf7\xbe\xf7\xda\xf9\x85\xd4e\x94\xc5\
,\xbd\xfb\x94\xc6<\xf3}\x00d\x11\x06\xfd\x86g\xdd\
\xf1\x9d\xf9\xa4\xa2N{o\x06^\x081\x92\x1f\xed1\
'\x90A}\xb07\x94\x81\xd5\xde~\x01\x00zLU\
y\xd6u/\xa9\x1e\xa55\xf1\x9a\xeaf>\xb3\xfe\x00\
\xdc\xf2\x9b\xef]\xeex\xef\xd7n-\x1f\xf44\x1a\xb7\
\x83\x1e\xebR\x11\x8c<2\xbd\xf4\xfa\xc6\xb5Y\xaf\xf6\
\xe0\x0b\xc3\x03\x10\xf2\xca\xab\x85\xaf20?\x9eo9\
|!\xb9V\x0a\xe7Y\xd0\xb9\x9e9\xe8\xbc\xf1\xce0\
\x1e\xb7\xd3\xf6\xa0BO\xc8\xc0^\x80\xe3\xf0\xe3\x823\
U9\x8e:F\xde\xe7\xb0\xf7\xd53\xfa\x80\xb8.\xd3\
\x00\xa1-\xc0\x0fl\xa8\x95>\xd7\xfcS\xb0\x13\xa7\xe6\
,\xcd\xb5\xe7$\xa4\xb7\xf26\xe3\x19u\xf2\xd2\x94\xa7\
\xda\x00\xa5\x06\x90\xe5\xf5\x83RQ\xa6I[\xf1\xb9u\
\xd7\xeb\xb3\x96Y\xe0\xfd>\x90\x07\xf5\x93\xfcr^\xed\
\xad)f\xfb Cy\xf6\xa0\xe4\xdc\xba\xccQ\x0fI\
\xe4\xb5\x9f\xff\xf7\xecH\x02UK\x8f\xf4\x1d\xf5\xde\xfb\
\x18\xd3sX\xb2\xf3\x11\x14C\xae#7\x13\xa3KS\
n#\x8d\xb2\xdc\xda\x8am\x1d[\x84\x09\x02\xae\xd8\xb6\
\xbb@\xc3\x18\x81T$\x0b\xe0\x04\x00O:\xe9\xa4\x93\
N:\xe9\xa4\x03\x9d\xe0\xdfI'\x9d\xf4\x97N!\xb0\
`]\xd7\x07\xd0\xe03\xe0\xcb\xf7G\x90\xc2\xd7\xcf\xd2\
>\xbd\xef\xa6\xf3\xb0\x92\x871\xb7\xe7G&\xb6mk\
\xffyl\xf3\x8f\xe9? \x0e\x0e\xe0g*\xd6/\x0f\
\xed\x12dR\xbd@\x07+ry\x8d\xa4\xf3k#\xb4\
\x85\x81*\xd2~\x0b$]p\xec\x81S\xba\x91\xed\xfe\
Bg\x02r\x9b%\xbaI\xaaF4\xa6\x81;=\x1a\
\xdf\x8f\x08\xc6^.\xa6\x10\x98Y\xb5}p\xb9\xbe\xe2\
\xe5\xe5\x8b\xb6\xfe\x1a\xc49\x80`\x89\xac#\x8f\xfd\xbb\
\xecNb#O\xef%\xf1\x9f\xd3:\x85\xe4\xabr~\
\x0dY\xe7<\xd7\x89]\x9d\xe3{4zW\xb2\xf9\x86\
h\x03\xad\xe6\x5cj<\xa5\x00AO8\x96\xa6\x07V\
):\x1b\xaf\xcf\xa3\xebk\x96\x0e2\x22\xe0\x93@\xa1\
$\xafg\xde\x82\xec\xfb\x90\x86\xb1\x0d9\xd7\x19]\x08\
\xd4\x14\xa8d\x19Z\xae\xec\xd3\x85{5\xdef~\x0b\
=!\x0d$)\x09\xd4I0`M\x81<\x00\x07\x1e\
\x06\x81m\xa3\x9dJ\x7f\xd8\xd2P\xe2\x90'\x0a\xf1\xe7\
<\xaf\xd0\xe7\xa5\xf3\xd6_\x8e\x89\xdb{\xcd\x99\xa0\xc7\
\xa2\x12~\x1f\xd5\x99\xed\xb9\xecm\x1dK\x8d\xeb\xa3J\
\xe7\xf9\xd9O\xf1~.\xbagi\x9a\xd7\x90NZg\
\x83\x93\xa2\x97<\xfb\xe4q\x87\xe2-\xd8\x9a\x03y\xef\
\xd5*\xc0\xafV\x94I\x91y\x05\xdci\xb8\x94\xa7\xd7\
\xac\x12\x0d\x9c\xee\x87\x13J!\xaf\xf1\x04x\xe5\xb3\x87\
\xc0\xea#\x85^\xd93\xf8@\xe1>\xc6\xdb^\x86\x8f\
\xd7&\xcak\xc8p\xc8\xb8tO\xdb=\x99O\xa7\x8f\
|zP\xea\x1c\xdc\x8ds\xd0\xda\x8au\xbbc[o\
h\xfdx\x0c\x1f\xd9@:\x01\xc0\x93N:\xe9\xa4\x93\
N:\xa9\xd3\x09\xfe\x9dt\xd2I\x7f\x0d\x14_\x03\x00\
\x0f\xe5>\xbb\x8f\x03\x18x\xcc\xcb\xf4p\x0f\x81c\x06\
I\x80\x0er\xfd\xa2\xf6\x98\xb8O\xfb\xca\xfd\xb8\x0ez\
\x1e\xc9\xb0\xcd\xc1\x07L\xbd\x7f\xdb\xa8\xc1\xbe\xf8\x16\x08\
8p\x0a]X\x8a\x00@\xb7\x14!\xd0(8F\xf2\
\xcas\xbcB\x1c\xb0\xe0\x18\x83\xdb.2|m\xac\x0f\
\xc3V\xc6ma0\x90\x8a\x96\xd0C\xbe\x17\xf1\x83.\
V\xa5\xdb\x9eO\xc8EQ\xd7!S\xbdKa\xd8\xfe\
\x04\x15\xe6\x19\xcb\xf5\x0b^^\xbe\xc5\xb2,\xa8u\x1e\
Qt\x93l2\xc8e\x80(\xa7\xc3\xcdz\x1eR?\
\x9d\xc4\xfe\x00EI\xa1<\x03\x07\xcc\x1f \xaa\xcbD\
\x07L\x94\x9f\xaf\xc1\xad\x80\xf6x\xdc\x83.~1\x82\
1\xdb\xda\x10\x8d\xf30\xf8N\xf3\xa9\xe0\x0a\xd1\xf9\x82\
f\xc0s7\xa6\x8f@\x12\xd3z^\xa2x\x08\x0a\xc3\
\xb4m\xdbve\x98\xe7q\xe5wy-\xb6<fR\
\x8ezj\xd9t\x0e*\x05n\xbd\xcbsB\xdd\x89\x5c\
\x9aQa\x13\x00\x08\x05\xad\xe0\xd6t\x06\x86\xe56\xd2\
\xe4I\xb7k\x96g\x00F\x91G \x857dLa\
!\x00\xd4>\x8e\x82\xa6\xfe\xaa$LY8_\xf5$\
\xdb\xe1\xf9'\x9d\xee[\xd4\x09|=@\x7f\xd9\x93\xd3\
<s\xf1\xa4M\xbf,\xc7E\x85\xbey9\xcb\xab\xb7\
\x91\xf5R\xb25q\xfb\xba\xead\xafP\x03Wi\xee\
\xfc\x0c\xa0\xc7e\xed\xb2w\xd4jd@\xaf{\xf7\xf9\
\xc5\xc1\xf4\xa5fob\xde\x0d\xc6\xd3\xd8\x07\x0d&\xc8\
\xfbQ^\xe4\xfd!\xbd\x93\xeb\x0f\x89\x8c\xac\x18g@\
\x06e\x85\xdd\x0f\x1d\xcf\xe9\x98\xd70\x22zs\xdd\xea\
Y\x9c\x7f\xcc\xe9u\x86'\xa2_\xf9\x8c\xca\xd6\x9a<\
\xe1\xf5,\x00\xb7Y3\x9a\xf2\x0dm\xdd\x10\xed\x8e\xc0\
\x88\x16|\x02\x80'\x9dt\xd2I'\x9dt\x12p\x82\
\x7f'\x9dt\xd2_\x11\x85\x83\x80\xe8\x0c@\xa7\x1dJ\
\xed\x8d@\x1bm\xce=\x94\xcf\xf7_\xcb\xebi\xcc@\
\xc8\xbe\xf6yKN\xdb\xd5\x09\x1a\xac_\xeb\xc3\x14\x02\
4z\xfb2\xe8\x1f\xca\x1f\xc6\x93)\x98yL\xd4\xb9\
h\xcc\xa0\xc1\x18\x0398\x90\xcf\x08\xe4\x90\x82\xe3\x13\
gn\x7f\xdc\xd9C\x8b\x06:\x01\x0e\x01P\xea'\xb4\
\x0d\xb8\x14\x01\x80\x88\x8e\x96\x15v\xd8y\xcbT\x04Y\
h#+\x8d\xee<<fj\xbb&\xed\xe8\xa2\xe0\x01\
\xcb\xf5\x15\xd7\xd7opY^Q\xeb\xd4\x0d\xe7\x9f\xa3\
.k\x83\x0c\x9e\x07\xcb\xb5OP\xa2\xa1f}<}\
~:\xf8\xf2|\xde5#\xbd\xcd^/\xdf\x07\xf3\x9d\
G\xb9\x8a\xb7\xb4\xbd24\xcf\xdezi^9\x87@\
8\x18K\xefg/\x8f\x0c\xf8\x91i\xcf\xab\x0b\x14\x9d\
\xab\xc6\xd4\x907\xd2\xc8\xe6\x9c\x1b\x00$OC\x7f\xfb\
{\x0fx\xc0;\x8f\xd5\x5c\x8dz{\x90\xdb\xe0\x09\x81\
\xb7$\xb3\x04Z\x17\x95\x0b\x8c\xa1\xd4\xa9\xa2N\x93Z\
\xd1\x96\xe2\xac\x93\x15\xda\x1el\x05\x93$\x0a\x03\xd7 \
\xaat@\x1ejj\x09\xf6\xd6+\x85\xe0|\x89\x04\x00\
:\x8fr5\xf8\xeb\xca|# \x16\x1a\x83\xb7\xd0\xb3\
\x09\xc2\x86(\xeeU$\x1d\x0e\xc9a\x08O\xe0ep\
,&\xaf\x8d4\x8b\xfb:C\xf8C\x9e@_\xff\x9e\
\x93\xae\x83\xe1q\xf7\xc9@\x01\xb7W\xd7:\x80\xd6\xbc\
u\xf7\x08\xd8y\x1d\xf2\xdd\xcf\x0c\xeb\xcf(\x17\xc2\xe1\
\xfd\xee\xb4Q7\x95\xcd\x99\x94\xce~l\xc5\xf9;N\
\xd2\xb5G$\xde\xbc~\x98\xb5\x93\xa3\xd7\xdf\x9e\x83G\
:\xae\xf7\xa1\xb3y]\x94\x9d\x07 \xdf\xc6\xf3\x13`\
@\x90\x08\xae\xc5\xb2\x0b\x80\xc3\xb3\x01y\xefr\x04\x01\
\xef\xeb\x8dQ\x95\x1b\xcf\x0a,\xd1N\x00\xf0\xa4\x93N\
:\xe9\xa4\x93N:\xc1\xbf\x93N:\xe9\xaf\x8b\xe2\x17\
y\x00\x86\x8c\xada\xa2\x1d\x8d\xb1c\xda0\xc0\x0eF\
\xdb\xf1\x1e\xc3\xb6\xec\x06]:\xab)\xba\xd1\x9a\xea\xb9\
\xec\x13\xda\x97\x1b\x96\xee\x91\x9f#\x1f\xa68x3*\
q\x5c\xea>@\x1e\x08\x8eX>6d\xb3\xe1\x1d:\
O.\xb8\x93O\xe3\x1b&\xfc\xa8'\xce\xd8\x16\xdd\x96\
F\x99D.]\xe0\xad\x961\xbc^\x8a\x8c\xedQ\x98\
<\xc9\xf0'x\xf08v\xe6\x91{\x8f\x81\xc0\xc3\x84\
iy\xc1\xeb\x97o\x19\xf5wZ\x0e\x01?~\x9e\x02\
\xf22R\xb7\xee\xbd\xe8&\x9e\xba\xfa=\x92\xe5sH\
\x18\xb7\x1e\xb7\xdf3p\xb3\x9b\xef\x04\xc6\xe6TN\xce\
N\xf7\xe8\x91\xc7`\x01.\xe3\x17\xba\xeaz\xdeu\xdd\
A\x84C\xdbE\x11Y;\x15\xd4B0\xd5z\x07\xec\
\xc1\x98\xdc\x17\xb7*\xd2Si\xc7{\xb1n\x89\xa7\x22\
\x0f:y\xfc\xe56z>\xc8 uU\x9e\x7f\x12\xe9\
\x0e\x00T\xbdP\xbdR\x0a\xea4u\xe0\x04A\x00\x90\
\x9e\xad\x0d\xa5\x86\x00@\x9f\x11\x98\xc7\x0b\x94B/\xad\
\xe8~|\x85\xefy\xcc\x06\x00\xc1\xb1\x15cG\x1d\xf8\
*d\xb2g\x90\x8a\x01@\x01\x89lS^\x82Q\xe4\
\xb1\xaa\x1e-\x0e\xf7\xcb\x0ezs\x05\xa5\xebe\x85@\
I\x0a\x81m\xaa\x5c\xa6\x9d6\x15)\x80\x12Ck\xdc\
\xf7\x1e\xef\x88\xb2\x9b\x00?\x83\xc2O\xe4g-\xebw\
\x07\xdd\xf9\x9c\xf6[u]\xcf\xd7G\x22\xafa\x8dP\
\xbf\xa3o\xa7\xeci\xa4P\xdfs\xcd\x9f\xf1\xee\x83\xf4\
\xed\xc0\xcbgu\x8e\xe9\xe3\xde\xfa\xcek\xe6\xf5R}\
m\xd3\xeb\xd2\xc9\xe3s\xa2\x00:\xeb\xd0 \xa2~ \
\xdbV\xdco7z\x03\xb6\x15\xd1\xb6\xafmn>\xe9\
\xa4\x93N:\xe9\xa4\x93N:\xe9\xa4\x93N\xfa\xeb!\
\x1bb\xdd\xb0:\xd8a\xe5\xe0\x85\xf2\x8c>7\xd2\x0e\
d\x00\xc2\xd9\xf2t\xe9Q(\x8f\xed\xd0J{0\x16\
\x1f(\xe7?\x00\x11\xc9\xe0{\x92\xbe\xa3\xa2m\x7fH\
\xd6\xa4os\x03r\x1a*\xe0\xb9p\xbd\x87\xa8@\xf3\
y\x5c\xeec\xcf[oG\x1e@$\x1a\xa0\x99\x86q\
\x0b\x80>Wi\x144\xa2]\x8b\xc5\xe4\xfdb\xe6\x04\
~\x15\x15\x08\xbd\x98'\xf0/<\xce\x8a2-\xb8\xbc\
\xbcb\xb9\xbc`\x92\xe7\xdf\x91\x9e\xa5ez\xd0\x94\xde\
):t\xb6\xe7Y\xd8\xcea\xf8\x96-\xeb\x8d,\xca\
D\xed%0\xd5\xe9\x11\x06\xb3\x9c!~4\xaf\x99\xff\
\xa1w<\xe7n\x9a*\xa6i\xc2<3\xb8\xc24-\
\x98\xa6\x99\xf7\xf3,\x0f-\xfb\x94\x09\x98J\x00\xf0\x9e\
\xb7B\xa0\xae\x01M\xef=\x00O\x02\x19\xe1\xe9P\xbd\
\xae\xab\x079w]\x88\x01\x16uO1\xeb\xdd\x13\xca\
2! b\xfe\x92\xfc]V`I\xd7\xa6j=R\
;-tF]\xa4-\xea\xa3\x8f\xddy\x84\x11B\x17\
\xdd\x99\xcaw\x0fF\x83d\x81j\xbe,G\xa5\xf7;\
\x81\xd5l\xaf\x10\xe0\x12OE\xd1w\xb9-\x19,\x97\
\xd7\x5c\xe44]\x8e\x19\xa4\x9cy\xa1\xb59\xe4\xdf\xf3\
;\x0d\xd9\xfb\x9f5\xd5}\xd8\xab\xb1\x96\x8ai\x9e\xb1\
\x5c.\xb8\x5c_\xf0\xf2\xf2\x05\xd7\x97/x\xb9\xbe\xe2\
z}\xc5\xe5\xf2\x82e\xbeH\xd7\x1c\x997\xb5\xdf_\
CG\xd9\xbf\xbc\x1b=\xbe\xfeN\x9d\x03\xcan\x9e\x9f\
\x11\xe5\xefy\xd8\x9fu\xb7\xa7\xfd\xf88%\xbe\x1e\xba\
^\x8a\xe6\x19\xea\xb6\xcf\x9d\x92RY&\xe4\xcb\xb4n\
\x7f\x01\xe5rV3R\x96\x89\xd3\xf7?\x7ft=\xdd\
\x05\xe8!H\xed3\x16\xa7i\xc22/\xb8\x5c\xae\xb8\
\x5c^x\xfe\xe9\xb4`\xfa\xcf\xff\xf3\xff\xf2\x7f\xa4\xb6\
N:\xe9\xa4\x93N:\xe9\xa4\xff`tz\xff\x9dt\
\xd2I\x7f\x8d\x14\xc9P\xcfi\x90!\xb77\xa8\x5c\xe0\
p\xff\x8c\x8e\xd9\xcf\x80\xa2\xe8\xee=|\xeb\x9d\x0d#\
s\x80f)'\xe4U\xd6S\x95\x97\x8d\xf1\x94\xdf\xdf\
S;\xf6P*%y\x07uc\xbf\x17#\xa8\xe0\x1b\
\x81\x02\x08rL\x9eU'\x81\x01*\xec\xa1u\x0eJ\
\x89\x1e\xd7\x14`dS\xc1\x1e\x04\xbd\x0a\x8b\x12\x838\
\xb6\xe7j\x1e\xbb\xe0\x06\xe3\x15\xc9S\x8aTv\x96\xf5\
^Z\x07CXY\xbdf\xa9(3\xc1\xbf\xd7\x97/\
X\xe6K\x02\x1d\xfe\x15$\x1eC\xdeJ\xd4\xab\xe1\xc1\
\xa5a\xa3\x18\xf31\xce\x94p\x84>\x1aU;H\x05\
\x80\xe67\x03\xaa\xfdm\x0f&\x85dO\x9e\x5c\xd9e\
\xbb\x14:\x08@0fl\xc3\xacUg\xae%\x90&\
\xd3\x0e\x08I\xef\x10h\xc2|\x83\x1cC&\x99<\x16\
\xa8\xbd\x1d \xa2\xf3\xcb\x5c.\xbfX\x9e\x00N\x8f\x9a\
\x9b\x9b\x0e\x8d\xbf\x03\x1eJ\xcc\xb2\x0e\x0af\xcc\x97\x02\
\x7fT\x81\xf2\x1ec\x04J\x04\x226\x8d\x83\xe0[5\
_\xea\xb0\x00\xd2Y\xb5_\xf6\xfa\x0e{\xda9\xd3e\
\x12\xe3\xa5h\xf2<F\xcd\xb3\xfbq[y\xedw\x19\
\xb2 \xf3U'7\x9cy\x1e\xc9}\x85\xef\xff\xba~\
\x97\xf7\x00\xf9\x06#.\xe8\xb3\xfbf\xcc\xf3E\xaf\x05\
\xf3\xbc\xa0N\x04\xfa\x86^\xedW\xe8s\xd2 \x13\xc8\
\xdcy\xf0\xc2QZ\x08\x18\xee\xf3\xdb\xeb\xe6z&\xea\
\xe1\xd0\x00\xa5\x86\xcfY\xa4\x07\xe1N>\xb9\xe0g4\
\x98LI\xfb>\x8edN\xfb\xbd\x81\xe1R8\x95)\
\x9dk\x88\xf7\xec\xc2\xfc\x8e\xb5\xb5om\x0f@\xc3^\
\x87\x01 x\xa6\xeb\xe0o?B\x1e}0\x80\xd9\x13\
\x00<\xe9\xa4\x93N:\xe9\xa4\xff\xc0t\x82\x7f'\x9d\
t\xd2_+\x85\x00@`\xd8G\x99hP\xfd\x22s\
\x0fH\x06\xde3svot\xba\xd9\xd2\x0d\xc5}\xfe\
\xde\x0beW3\x19\xd96\x80\xf7/_&\xc3Zu\
llg\xa3\x146\xf6\xc7n\xb0\x94\xe5m\xb1\x83\x07\
\xf6I0\x8cm\xa9\xdd\x9d\x00\x0d\xed%\xb0\xd2\xceK\
j\xb1\xa0\xb0\x94\xb6c\x0e\xd6\x19R\xa4\xc0\xe5E\xbe\
Ic\xe8\xe7ku\xbe\x87,\xcd\x9b\xf9\xdb\xc9&Q\
\x17\xa7nj]\xb0\x5c_\xf0\xf2\xfa-.\xcbe\x17\
\xf5\x95\xa5\x1e\xb4\x84\x7f\x8f\xc2\x93>d]\xd8\x95\xd1\
\xa5\xe5\xbbku\xd7\xd4c\x09c[\xbd\x5cF\x02R\
C\xb9\x96E\x109C\xf5\xc6F^%\x15\xa6\xba\xa8\
\xf9>\x8e\xb1$\xcf\xbb\xec\xb5\x85\x82>n\xaf\x09\x83\
n\xbcn\x08\x108\x8bF\x0f\xa4^&\x8dxOa\
\xacZ\x1c\x13\xf0\xf0\xb8J\x07\xf6F\xd4\xd2\x00\xdb\xf6\
p\xac\x95j\x8d\xf20\xc822:\x9f\xd5Q\x7f\x05\
\xfe9\xbf\x03\xceh\x0aJ\xb3k!\xc9L\x95\x8a\xb5\
=m9N\xb2$h\xabY\x90\xec\xa2\xaf\xc7\x83$\
\x0c\xfe\xb1\xa6\x07\xdf\xd7L\x1c\xe6\x80\xe7\xf8\x11@\xca\
\xba\xd8\xd7%\x99e\xb8\x0f\xb1\xac\xd5\xacu9\xd6\x91\
sv\xed\x88\x07om\xae\xa5\xa2\xd6\x19\xf3\xb4`\x9e\
\xfd>a\x9a\xaa\x22\xf5\x1a\xf8c]\xebT\xd2\xb6\x87\
\x17\xe7\x83c\x10#;\xeaz\xa7\xebC\xee\xe1\x9d\x1a\
\xe6\x19\xeb\xde\x92=\xdb\xb34\x9e\xaf{\x1e\x07\xa0\x8e\
C\xdf\x80t\xc7\xbc\xa0\xec\xfaz\xa0#\xab\xf0\x0f\x01\
\x92\x86e\xcf;\xf2\x16\x8c\xdc\x1b\x11(U\xc1\x88:\
p\xa7rz\xe7sb\xe4\xf5q\x04e\x90e\xc2 \
 \xfb\xf5\xea:\x5c\xdf\x03T\xfdW\xfe\x14r\xd2I\
'\x9dt\xd2I'\xfd\xb5\xd3\x09\xfe\x9dt\xd2I\x7f\
\xed\xb43\x18;XD\xda\xd9UN;&$\xda\xb7\
\xb5\xb7\xeelP\x99\x0a\xc6\xd9p{J\x9eIOl\
\xc4\xe3\xbd\x0d\xda\xce\xd9\xa1@$#ng\xac\x0a\xdc\
\xeb\x00d\xbe~0\xa2\xf3xl\x88;y\xf4]\xdc\
N*\xcb,\xdew\xe0\xea\xc0\x17\xbd\x01\x0f\xd4=\xe2\
r\xbf\x03|`?\xa9\xbc;\xd7\xb8\x02\xf4\x02+j\
<\xf3\x1cr\x8c\xda\xd5\x0f\x9e\xfbW\xe7\x19\xcb\xe5\x8a\
e^z\xd0\x8fG2\xb7\x07\x99\x1e\xe8\x98\x9eA0\
3i\xf1\x0dv\x98?\xa00\x81\x14\xe3V E*\
q\x00j{[\xee\xab;\xff\xb0F\xd0\xd2\xd7VT\
Eg\xde\x01t<\xdf.\xd26VV\x19\xc0t$\
\x8fF\x03e\xb3\xb6\x0c/\xf3\x82i\x9a\xd2vN\xca\
\x7fL\xa5.\x22\xfa\x16\xe0u]\xfb\xeb~\xbf\xe3\xee\
\xe0<\x19\xe4\xd3\xfad\x9f\xd2\xc3\x82\x01\xfe\xf9\xcc\xc9\
\xd0U\xf38\xcd4#\x05[\x1f\xfa\xec4\xeeM&\
x(\x99\x9ba\xf73\x84\xd8\x1b+\xc5\x80\x9e\x80\xc7\
\xd8x^\xa1\xb7Uz~\x82\xb1\xb6#\x0c\x15r\xed\
\x1b\x10\xf7\x5c\x16\x90\xdf\x80\x82\x86t\xc65\xa7\x02\xed\
j\x04j\x02\x13\x07\x00i\xe0\x8eW\x84\xe4\xc8g\xde\
,\xebvz\x8db@\xb2K\xc4\x99\x00\xbcV\xb2\xc0\
\x94\xee~K\xc5Tg,\xf3\x05\xcbr\xc1\xb2\x5c\xb1\
,\x17m\x1b\x9f\x06G\xc9\xe3\x8fi\xf4?\xfc\xcc\xc3\
\x96:\xe7\xf9H\xba\x9b@9\x96Ks\xf6\x842\x04\
W\xa2\x00-\xcb\xd6\x83\xccm\xf7\xd2\xd2+\xcdP\x9f\
\xfb\xd1W^7\xca`\xdbzw\x16\xe7\xd4*4\xe6\
|t\xaf\xb9?nA\x96\xfa\x8em\xca\xae\x94\xc7\xca\
\xfb,/\xd7=R\xdeB\xed\xb2\xdc.\xcd>Z\xdb\
\xb0\xaewl\x1b\xcf\xc6\xcd\xb2\xf5\x91\x00\x8f3u\xd2\
I'\x9dt\xd2I'\xfd\xcd\xd3\x09\xfe\x9dt\xd2I\
\x7f3d#\xe7\x98\x9eL-\xe7\x95B\xd3-\xdb\x9a\
O\x0d\xcfl\x88=\xb3\xc4\xb0\x07\xc4\x94\xa2\xd7\xc1\xc0\
\xfb\x0a\xc8\x04\xf5\xcf\xd7>\xcd\xef;\xa3\xf0)\xb5\xc7\
\x80\x14\xa2\x0e\x84$z\x1cZ\x10\x84x\x00\xf2dX\
v\x83\xf8\x09\x98\xe0\xb6=tQ\x07\xe9z\xf1\xe1{\
D\xd0\xe2\xe0\x89T\xf8g4\xd3\xdd\xb4\xba\xe1M\xe0\
c\xdf\x92\x99\xae\xb5\xa2L3\xe6\xcb\x0b.\x97\x17L\
=\xe8G\xe9\x1e\x8f\xcf\xe6\xe7\x01\x00xB\x06\x16~\
\x09\xed\xc6\x84$\xec,\x9bq\xb9\x93\xf9\xf3\xf3\xce\xa8\
\xaf\xcd\x00D\xb0M\x83\x10\xbdT\xc7\xca\xda\xce\x03\x95\
  \xd3<\xd6\xceR\xbfw{\x941\xcf\x10$\x00\
8\xcf3\xe6Eg\x07NS\xf7$\xf2\xd9u\x00\x10\
\x10p\xa6@\x1f\xbb\xebm\x9c\xcf\xe6<\xa8\x1f@\x1e\
S\x01\x8eO\x00Hx0l|P\x01P\xed\x19\x95\
\xa6\xd3st\x9cK\xeb\x8f\xaeG\x8ee\x94\x1a\xf0u\
I\xf2MmYg\x93\x0f`\x02\xcf\x15\xf0#<[\
ZO\xf2N\xeb\x1a\xc1\x09\xe2\xbd#\x0ck\xdc-\xad\
\x97pY@\xeb\xa4_\xee\xf4\xb0?7\x94\xc6\xf6t\
\x9d\xd6|\xd6Iq\xdbA\xbfy\xb9\xe0\xb2\x18\xf8[\
0M\xcb\xde\x1b\x14\x05\xad1\xcal\xd6\x15 \x83\xe7\
\x04\x07;\xa8\xeb^\xfa3\x89\xeb\x8f\xf5\xf8\xda\xcd\x93\
\xf2\x8e2W\x8e\xb8gz\x7f\xfe\xe8\xa10Z\x1c\xa5\
\x0d\x88uR9h\xfd\x84yI\xc5F\xdf^U|\
\xdf\xad\xb2\xe8B\xeeO $\x9d\x0d\xadQ\xd3~M\
\xb0\x15\xca\x8c ^\x84\x00\xedO)\xc6y\x93\x11h\
m\x93\xf7 \xfa\xd6v\x8ak\xbf\x15\x9fe\xd9\xaf_\
\x96\xeb\x09\x00\x9et\xd2I'\x9dt\xd2\x7f@:\xc1\
\xbf\x93N:\xe9o\x8ad\x84v\xdbQFX\x07\x19\
Pd\xbd\x19|\x18F\x97\x0d\xb7ae\xfb=\x1b\x91\
\x04\xbc\xba\x91\x95\x8c\xf5g\xe0ZqY\x1b\x9a\xbd\xa8\
<\xbd\xb2q.\xdea\xfb2\x19r\xb9\x9c\xa9\x9b\xa7\
GCY\x00\x8e\xe9Y]\xd2\x800l6S2\x84\
\x8e\xb2Q\x0c\x0d\x8f\xaf\xbd\x8cz\xb1\xe4\xfd\xf6Y\x8f\
\x12\x1e\xaf\xd4\xa0\xdfs\x1e\x1b\x19\xe9\x1dD\xdc5\xac\
h\xa3\xe9_-\x13\xca4a\x9a/xyy\xc52\
g\xf0/S\xb2\xe0\x8f9I\x9e\xc3\xa0\x97\x84\x0a4\
\xd0\xc7z\x0f\xa4fX\x85-t`\xa0<\x9f7\x97\
\xf3\xcb\xfd\x1b\x14\xeb\xea\xe9\xaa\xbd\x89<\x16\x15\x0c\xd5\
\xf18\xf4No\xa0\xbdGP\x1f\xe7\xe1,M7_\
\xec\x1dX&\x06\x12\x99\x15HD\xc1Dj\x9dQ\x04\
\x08\x96<\xb6\x0e@\xac\xd8\xd6\x15\xf7\xfb\x8a\xfb\x8d\xef\
\xab=\x03\x13\x0ff8\xd2\xd8\xc3\xa0\x8d\xa9\xa0{\xa0\
\xb1\x8b}Y\xa6\xf1\xcf\xd0\xd91_\x94\x85\x02w\xa0\
\xa1\x08\x04\xec>}V6\x05\x92\x88\xd6\xd0$/K\
\xb9$(Y\x90\xa5\x1aG\x0f(\xd2g\xe40\x07\x00\
\xc4T\x9fe'\xa6r\x07PJ/rY\xd0\xa0\x85\
\x97\x9e\x11\x9dt\x9b\xe5\xa3\x84\x9e^JE\x9d\x16\xcc\
\xf6\xf2\xbb\xbc`\x99\x09\x96O\x93\xf6g\xef\xda\x1ez\
\x91\xc1\x5c\xcfw~N\xf1\xda\xde\x80\xdc&\x9c\xf9A\
\x07\x0c\xd9\xee\xd7h\xb47\x88\xe3!h\x9bA6\xcb\
\x88\xe4'\x82\xf2\xd2\xd9\x7f\x03\xab\x95\xce$0PU\
Ug\xff^J\x9f0e\x8c<^\x1b8\x1ce\xf2\
\xe8B\x9d\x1c\xa7\xcbD\x96\x86.\xf7\xf4\xa0\x17/\xc1\
C\x83\xea\x06\xd0Y\x8e\xe5=\x1f\xd93\x90y\x19\x04\
\x5c\xd7\x15\xdb\xb6\x01;\x1d>\xe9\xa4\x93N:\xe9\xa4\
\x93N:\xe9\xa4\x93N\xfak\xa0\x07\x83*\x03[\xc3\
\xf0\x0d\x18\xac\xa3\x81jS\x9e\xb6\xd6\xde\xe0>R\xcf\
\xea\xf5?!e\xc9~N\xe9\xc30>\xd6\x7f0p\
\x0f\xef\x99v%\x9f\x150\x1d\xda<\x82\x01\xbc/\x0c\
\x1c\x02\xf4\xe8\xa7\xc3p\xb5\x87\x92\xbcw\x04\xfa\x15f\
&\xf3Z\xedu\xf0o \x82\x01\xa0\xe9<4\xa4\xbe\
\x91\xf8\xa9\x8a,\xcaC\xe1(\x9b\x02n\xab\xac\xdeX\
X\x94V\x06\x0a\xc8\x19\xa6\xd1\xeb\x9e\x01m\xfd\x9df\
\x5c\xafW\x9d\xfb7\xd1\xd3\xf3\xe1`|\xbf\xbeN\x1d\
\x80\xa0%\x9d&g/|A{\xe2h\xcc \x8dy\
t\x9e\xa3\x94\x0enAr\x83\x8c\xf4\xdc\x1a\x1b\xd2\xd6\
\xf2}W\xbaO`T\x9f\x17\x17\x8e\xee\xe5\xc7\xb61\
\xfaW[\xc52\x15\xd8U\xec\x85\x96\xce\x00$p@\
\xa0\xc1 B\xb4\x01nu\xcf\xc0\x89[\x85\x97\xf9B\
\xcf\xc0\xa9\xa0T\x82l[l\xd8\xda\x1d\xebz\xc7\xba\
\xde\xb0n7lm\xed\xed\x1cu\xa2\x834\xe2\x837\
)\xaf0\xa1Xv-\xd06zW\x194\xf3\xd9y\
\xe3,\xbd\x01\x90\x18L\xf1\xd6\xd1\xa2t6\x9b\xd6f\
k\x88\xb6\xa1\xb5;\xa2\xdd\x11\xdb\x8a\xd0ym\x94\xab\
\xda\xd2\x0f\x09V\x8fNV-\xad\x0b\xce\xfb\xd0\x93L\
}\xfd\x17\x01\x96L\x1cZ\xb4\xdbZ/\xf0L\xe3z\
 \xa7\xe5\xf5\xaf\x87Q)\x05S\x9d1U\xce\xd5e\
\xb9j\xce\xe6\xbeE\x9e\xbc<6\xccqS\xceM\x80\
\xa8\xd3My\xfe:\xb7\x85\xd7c^\xb9\x1e\x22\xec\x9d\
\xe7\xf4\xc7>\x01\x0a\xb6\xcb\x1c\xd0\xf8-\xef\x8c\xda\xf5\
\x96\x06\xf8\x05\xcf\x0f\x0b\xb9\x8d\xdc\x1e\xd9\xf3\xda>\xe8\
\xa3\xf3D\xd6\xa1\xcf\xf2\xba\xfey\x8e\x03}\x1b\xb0\xf5\
\xb9Vje$\xa0=\x0e\xde\xa1\x11\xe3\xb3\xc8\xe5r\
Y\xa0I\xd6x\x98\xab\xe6-\xea\xaak\xb1\xbank\
\x0d[[\xb1nw\xac\xebz\x06\x019\xe9\xa4\x93N\
:\xe9\xa4\xffHtz\xff\x9dt\xd2I\x7f\x13$c\
p\x18S\xd9(\x1a\xd762\xf3\xa1\xfd\xc0@\xea\x8e\
&(\xc1,\xb5\x96\xea\xec\xca\x1d\xbd\xde\xbaM8\x0c\
\xd6\xfe\xae\xae\xdc\xd4gF\xef\xae\xbdnx>R\xae\
\xdf\x0dl\xde<\x8c\x05n\xf3I\xde\x80\x1a\xc0\xd3\xc6\
\x04\x0e\xe9\xbf\xc8e\xec\xc2\x92Z\x91A\xbe/\x97\xae\
\x93\x97e)\x05\xd52s\x14Z\xf7\x07\x9f\x976@\
\x8e=\xb9\xa2\x8c\xdfB@\xcdD\x03{\xc2|\xb9\xe2\
\xf5\xcb\xb7\x98\xa7\xa5\x83\x12\xa5G\x9cu\xf9\xc7\xd6\x7f\
\x8e2O\x01\x020}.\xfb\xbf4\xec<\xbf\xe2\x17\
P\xc5\x1d\xed=1\xa3\x03\x1bc\xfbnn+o\x0f\
\xee\xb3\xb2\x03\xa0\xb4\x0eJ\x19\xe5\x22\x97V{]\x96\
,\x17!\x003\x03!\xc1\xad\xc3\xad\x03^C\x1f-\
[_\xf7\xa8\xc2J\xcb\xa0\x03=\xe8\xd0\xc1\xaf\x22\x99\
ez>\xe7\xee\x87\xd7\x01\x02x\x04#S\xe0\x1f\x80\
\x9eO5\xb7\x91\xc7\xc8\xfb\x22\x00V\xb7\xa8\xd6\x0by\
\x14\x06\x08\xfc\xf9EPh\x00\xe3\x04V5\x95\x05\x9a\
;\xaf\x97\xb1n\x06\x07\xe6\xc1\xfd\x8b\x1f\x8d\x9e\xc9\xe2\
\xd9\x8d\x16\x06\x84p\xdd\xde\xb6\xebi\xee\xd8\x0d\xdb\x1c\
\xea\xe1\x0c\xb5_\x19\xbdw\x9a\x16\xcc\x13\xa3\xf7\xd6:\
\x0f0*\xcd\xa1\xc9\xf3;\xb4E\xc0R(\xd0K3\
\x00UPj\x1e\xafx\xd1\xc8\xc6\xbc\xf9\xde\xd7\xbf\x9c\
r\xe9R\x0c`\xbb\xbdG\xff\xb5^\xe6\xa1\x1b\x82n\
\xc7\xb1\x1ei\xe8gG\x5cG^\xd2{SIz\xae\
Y\xecgS\xb2\xadBI\xaa\x0eU\x8d|\xf7z\x02\
\xdb\xfd\x9e\xfb\xc8kq7\xc7\xe6Si}\xadm\xf6\
F\x1d\xeb\xc4k\xa4\x97\x09\xae\x1d\x9cA@N:\xe9\
\xa4\x93N:\xe9?\x0e\x9d\xe0\xdfI'\x9d\xf4\xb7D\
\xd9P\xcad\x9b\xe9h\xb4\x99\x86\xa9\xab\xba60e\
\xff\x1d\xcdE\xdf\xf7\xbe\xca\xdeX\xcbd\x83\xdd\x06\xeb\
\xfe\xfc9\xecZ?\x1a\xe2\xc7~M\x8f#\xdc\x8f-\
\xd3\xb1\xcddA&j\xea\x8c\x06u)9\xa0\x89\x91\
\x85\xe1\x997,N\x97\x11\xf2\xd4\x87\xf9\xd8_\x92\xae\
\x90\xa8\xe1\xe1\xb2\xa3\x92\xe5dX2\xd7\x964]\xcc\
\xf9\x85Q4\x19\xf8c\xc1\xe5\xfa\x8ayv\xd4_\x97\
{\xf4\xbc\xfc9:\xceg\x08\x00\xdb'\x1e\x13\x06\x85\
\xe42\xbc\xb7\xf0l\x1f\xb3\xd2)\x1b{\x0c\xd1\x87\xc8\
^c\xf4t\xcb:\xdeYS\xbd\x22=\xecj\x99\xb6\
\xf5\xba`\xf7\xde\xca\x1eE\x8d}\x86\xa2\xec\xb6\xb4U\
\xd0\xf5\xa9\xc7\xec\xe7\xd1\x1bIg.\xba\xef\x00\x10\x15\
\xb5\xcc\xdc*\x9c\x02\x88d\x8a\x18\xe7\xa25\x9f\x15\x18\
\x04\x1a\x11\xf2\x0c\xadU\xdb\x8b9w-\x18\xe1tk\
\x1b\xb6\xd6\xb0E\xa3l\x0b\x00\x01Q}wz\x00\x91\
\xbcO\xd5k\x07\xf3\x22\xe8\xfdW\x12\xff\xd6q\x02]\
\x1bZ[\x19@a\xe3u\xdb\xee\xd8\xd6;\xdavG\
\x93G`?\x97\xadkk\xeaQ P\x07\x95\xecI\
;\xb2\x99\x13A\x9d\x08y\xb6J=\x98\xa74\x07\xc1\
Q\xba\xa0\xc0\xbd&\xc9S\x10:\x13n\x9a\x17n\xef\
\x9d\xf9\x9a\xa6y\xb7uZ=<\xa5>\x8e\xee=\x99\
\xf2\xbc\x0d\xb8\xeb\xc1.\x1b\x90\xfeY\xa6\x10\x18\xe8\xf7\
\xcf\x9eW\x96U \xe9\xb9\xf2\xf6u\x86g\xdb\x91\xfa\
\x9a\xebu\xcd\xc3\xe7d]\xees8*?\xd03\xfe\
]\xdf\xdb\xc4G\x06\x9fU}-\xaa\xd9\xe3\xf6\xfb\xfc\
\xee\xb6\xd6u\x04\xee\xb0\xecX\x85\xe5\xc6Y\x8cL\xef\
|i\xbe|N\xa3\xb7\xfcz\xdb/\xd7\x9b\xcf#\x5c\
O\x00\xf0\xa4\x93N:\xe9\xa4\x93\xfe#\xd0\x09\xfe\x9d\
t\xd2I\x7f\xcb\x14\xc9P\xfb\xc4\x8e\x1b\x86\xd701\
S\xba\xd3\x869O\xdb+\x19\x7f\x09\xd4\xc9F\x1f\xfb\
U\x01\xa7\xf5+\x92\xb7\xbe\x1d\xd3\xf1\xc4\xc0\xccm\xef\
\x8cKQ18\xc3\x9bO\xc7\x0b\x1b\x9f\x1eKw\xa6\
\x13/|\xeb/\xd9\x92\x1aw\xe6\xd6 \x9c\xb6\x06\xa7\
T\xe3\x1b\xf5\xc1\xc3\x0d\xc8F{\x93\xe7^)E\xdb\
{G\x7f5\xf53^\x87;\x81Dp\xbd2a\xaa\
3J\x9d1//\xb8\x5c_v\x80\xd3\x10\x9bG\xb4\
\x97R\x96w'\x19\xd5\x9fQ\x01Pw\xca\x91.5\
\xa0\xcf\xaas\x1c\xc7\xf9O\xe0\x14\x90\xb6\xa3R\xd1\x0c\
\x1f\x10 `+\xd10 \xc2\xd0\xe9p}\x8b\xa5\xfb\
\x1a@\xe0\xf1E\xd0m\x009\xc0\x00 \x00\x02t\xe4\
\x8c\xe31@\x98\xcb\x19d\xd8\xb6\x0d\xf7\xfb\x1d\xeb:\
\x82{\xd4RuF\xe0\x92\x02\x87\x0c\xcf3\xf7\xb1m\
\x0d\x9b\x00\x8a\xb1\xc5xlEv\xd9\xce[\x9f\xfb\x01\
(q\x1dH\x1ay\xbeS~oC\xd0*\xe5\x95\xf4\
\xb0\x03G\x9c\x0bFO\xe6\xd8Z\x0f\xa2` \xf0&\
 \xd0\xe7\xb2m\x8a\xc2\xac\xad\xf4\x07\x1dS\xe7\xfd\xd5\
\x10h\xdeVo\xde\xa0)\x07/\x1c\xfb7\xeb\x8a\xdf\
=G=_\xe7\xedu\xd0\xef\xf2\x8ay\xbe*\x90\xc7\
\xa4\xb2\x83\xf23*\xcfy\xcfw\x9e\xca\x16h\xab\xbe\
R\x09b5\x02M,\xa5\xb5\x99[!\x1d\xd7\x11\xd7\
\xac\xd2vY\x09\xf0\xf6\x5c<y\xe6\xe5\xfe\x9fu\x18\
;%\x18\x1d\x94\xeea\xf7X\xa7\x8c\xc9\x07\x8aOu\
\x1c\xe5\x22\x86\x17_^+y\xed\x00\x1c\x5c\xe1\x00\xfb\
v_\xec\x9e\xb5V\x81G\x1eL\xce\xf3:\x82d\xb6\
\x03\xda5\xe7#\x9fm\xeftI\xe0\xb6\xf9\xec\xf9\x05\
\x08p\xed\x9f[\x80O:\xe9\xa4\x93N:\xe9o\x9c\
N\xf0\xef\xa4\x93N\xfa[\xa4l\x88e#\xb9\xa4\xfb\
l\x88\x0e\x03,x\xfeY\x0c\xa3\xd7\x96\xacL*\x1a\
u\xa3f\x7f\xebF\xa3\xc8\x06\xe6\xae\x9f'\xc6\xa6\xcf\
\xdd3o\x83\xc7Q\xaf\xa7\xa4\xb6\x8e\x86\xb4\xa9\xf7`\
o\xad\x0exT\x8e\xc3\xc6anct\xda\xef9\x1e\
{)\x1d\xc0\xc4T\x0d\x1ev\xe6\x0d\x18\x9e\x82N\xde\
u%@\xab\x03~\xc3P\x1e\xe3\x92\xf7O\x19\xe7\xb8\
\x99\xcdQ&\x8dOc\xacS\xc5\x5c'\x94\x85\x81?\
.\xcbU`\x05k\xb3\xea\xe8\xc3\xe9\xcfH\xa6\xfdn\
\x1c4\xfe\xb5\xe5\xf7P\x96\xbc\xa5t\xebU\xef3\xeb\
\x8eIz\xda\xbd\x82\x8c\xd8Y>\x19\xf2a\xb2\xe7b\
\x88\x5c\x9a%@\x8b\xed8\xc7\x17,l\x80\xe73\xfd\
\x81\xc7\xf8$\xcd\xe0\xc1\x1e\x8c\xe8\x82A\x93\xb7\xd2\x83\
\xc7`\xb1\x8c\xf9\xaae\xe29s\xf29\x8a\xe4q\xd8\
e\xe6\xf5\xdbY\x19\x82e\xdb\x02|\x12\xab\x04\xbf\xfc\
J=\xea\x0f\xd3\xe9\x09\x1a\xc1\xba\x05\x81\x8a@\xad\xd0\
\xb6\xe5\xd1Gk\x9b\xbc\xfb|F\xa1dlO\xbf|\
\xady\xa3\xec\xc6\x0c\x14\xc4nS\xf7Nw\xf9\xd65\
\xa3h\xce\x03\xdc\xf6;\xd6\xc3Q\x07t-\xbd/\x85\
\xdb\xadk\x1dAY\xe6\x99[|\xa7iF-\x13\xdb\
\xb0Wo_3\xee\x9f\xc0P&\xf3\xd9\xdf\xf5\x8a\x18\
^\xac\xcc\xf1X)\xf3\x9a#B\xbb\x8f'\x94\xe7h\
\x08B\xcf\x99\xceW\xaa\x9e\xe7\xf9+\xe0]Z\x1d\xfd\
o\x81\x9ee}\x1b}I\x91\x9ay\xdf\x7f\xa7\xa0r\
\x00H\xbb\xf3\x13?]Ny\xbb\xf3\x83\xae\xab\x9a.\
{\x8a\xc69JP\xa7\xdc\xa6\xd7W/\xaeq\xfa\x07\
\x0c\xaf\xbd\x88\xb1\xed\xda\x9f)n\xd5\xfd{\xfdY\xcf\
\x03\xdc\x06\x5c\xd2\xf9\x83\xeaE\xae\xb2\xe5\x04\x00O:\
\xe9\xa4\x93N:\xe9o\x99N\xf0\xef\xa4\x93N\xfa[\
$\x1b=\xd9\x90\xfa\x8c\xb2\x91\xcb\xebG#\x14\xe8\x08\
\x97-@\xd69\xb4s4\xa0\x9fSoT\xef\xa3N\
)@(T\xc1\x80*e\x18\xf6\xf2\xcfiot\xee\
\x0dA\xa5\xea\xfd\xb1%\x8f=s\xe5\xbf\x03\xb8H\xef\
!f\xd3}6\xc6\x8f\x86h\xaf\x22\x80\xc0T\x0c\x11\
\x1alM\xc0D\x97g\x19]\x97\x90\xd1^T\xbb\x88\
\x0f\x8f\x17\x15\xa5\xd6\xee\xfd\xb7\x5c\xafx\xb9~\xe9\x01\
\x0d\xf6\x94\xefS'\x9f\x10\xf9\xd3\xb5\xdb2+.\xc3\
Av94\xb3\xd7\x0b\x0cc]B\xeb\xba4\x80;\
\xe7\x93\xa7\xacR]\xbf\x0c>J_\x0d>e(\xa0\
\xd7w\xbd\xee\xd5fPz\xb4\xcb6r\xc2\x1e\xcc\xc8\
z\xbd\x03\x15\x0e\xb4\xa5\xed\xc0\x99ry\xb7\x0b\x00\xa5\
TE\x98\xb5\xf0\x06\xaf\xc6f\xa2\xcb\x852\x82uH\
cG\xffK2LV\xd8A\xcf,\xe0\xf9t%\x07\
\x13\x11Ua9\x1d\x00,\x04DZ\x04\xc1\xbfmC\
4F(6?&\xdf\xfb\x1c\xb5h\x0d\x11\x1b\xcb\xa4\
\xa9&\xcb\x02\x0c\x01n\xe1\x85\xe6\xb0\x8fE\xcf\x9e\xfe\
\xfca\xe0\x12\xa7C\xe3\xe8\xeb\xa4V\x94:a\x9a\xe5\
U\xb9\x0c\xc0\xcf\xdb{\x1d0\xa7\xab\xce\x93\x1f%\xd8\
\xf7\x98\xf3#\xe54\xcfcI\x8fD\x80\xe7B\x86\xb7\
P\x972\xbc\xd1RsY/\xa8[`\xbf\xe0\xbc\xf6\
1\xea\xdd\xed%q\x1f\xa8\xa5\x0e\xf6\xe3\xc9\xe3\xc5\xa1\
\xefL\xd2\xa8qW\x08\xfeu\x9eR)O\x85yU\
\xcb\xd2\x0b\x97S\x8d\x08\xa0R\xf6\x969?\x8f\xa4_\
}\x1d\xa1_\xa3{\xd5n\x0fk\xef\xc8\xffN\x96\xbb\
\xb1\x93\xd8\xb6\xea6E\xae\xd6\xcbk\xc0\xef\xc3\x930\
\xce-\xc0'\x9dt\xd2I'\x9dt\xd2I'\x9dt\
\xd2_\x0f\x1d\x0d\xa5L\xcf\x8c\xdbH`\xc8\xa3\x81\x9a\
\x8c>\xbf\xe4\xe9\xd7\xdb\xfa\xbc;Q6\x22\xd9\x97_\
\xce\xe2\xd6\xc3dDv\xcf\x147\x9e\xaf\xf7\xb4\xe3%\
1Z\xba\x81\x9aH\xa0Q\xe7\xe8\x08\xe4(/\xb7g\
8\xc5\xe5\x8a\xca\xf1V\xfduc~On:X\x85\
\xa6\xbe\xd28~\x01\x9d\x96se;lJ=\xc7\xd8\
\x02\xca\x8c\x0a`2l\xd3\xbd\x0c\xc9\x03\x0d\xda\xc9g\
\xff]^1M\x06\xff\xfc\xca\x94\xef\xf7\xf2\x1dr1\
\xc3i@J8\x8ey\xdc\x8e-\xcd\xc8-Ghj\
\x83Qg\x83\xf3\x1a\x02\x85F9_|\x9a@\xd0@\
\xe7z\xa1K\x8b\x01[8\xd4\xe4\xb1)>\x1c\xb8\xa3\
\x94\x8a\x08\xe9H\x1f\x84\xdaQ\xdaH\x1f\xfa\xd0\xfb:\
\x00\x07H\x9eIG\xef\xa5R\xc0\xb3\xfc\x9a\xb6\xcb\xb6\
-y\xcc\x0dO\xa6\xa9rK\xf0<\xcf\x98\x0cHt\
p%\xba\xb7]\x07K\x82\xdb\x19\xe7iB\xd5\x1cg\
\x9e\x01\xc9\xe8\x09\xcf&J\xcc[\x7f\x09\xfey\xebo\
\x9f9\x83\x90\xbd-\xb6\xe7\xb3\xd6\x22\x80\xd6\x80h\xde\
\xbe\xcc\xad\xc1\xeb\xfd\x8em\xbba[o\xd86\x9f\x1d\
\xb8\x02m\x03\xb6\x15h\x8e\x22\xac\x80(\xd2\x00\xffS\
\xc7\xbc\x0a\xf6\x07\x10\xa5\xac\x13\xbd\xfc\xe6\xf9\x82\xcb\xe5\
\x8a\xeb\xe5\x05\x97\xcb\x15\xcb\xbchN\xa6\x11\xf9V|\
\xfe,\x1d\xca<\xc8R\xd4u\xc1\xfa\x1b\xd2\xafR\xd0\
b\xc3\xb61\xba\xb3=@s\xbb\xfb6\xf7sc\x99\
;R\xf3\x98\xcf\x03\x1f\xbb[\xdf\xd8\xbb\xd7\xef\xcaM\
\x00\xda\xe8\xdb\xf3\x97\xd7\x9d\x98\xd4\xba\xb4w#\xff\xea\
\xd9\xa3<\x04\xd1\xdc\xdeK\x18\xf8\x1e\x1e\xaf\xbb\x1f\x9e\
\xdcO\xdfr\xcb\xba\xbdl\xf0\x0cK\xde;\xaa\xf6^\
V\xc3\xebo\x80\xf2\xb5\x128g0\x16\xf7'\xdd\x91\
wk^\x8f\x96\x03J\xd9\xe9\xe9X\xb7\x81\x08\x9c\x1e\
\x80'\x9dt\xd2I'\x9d\xf4\xb7J\xa7\xf7\xdfI'\
\x9d\xf4\xb7J\xdd\x98zb\xf9v\xc3\xcao\x07C\xf7\
\xe1\x1e\xb4\x06\x0bh\xccu\xbf\x8f\xaf\xb5\xdd\x8d\xca\xb2\
;\x17o\x98\x8d2JS\x0e\x13h\x08\x873{\x81\
\xdd\xcd\xa74\x0cf\x96\xe5m\xaa\xd7\xc1?\xa5\x09\x10\
\xdcQ\x06\x8e\x90\x8bz\xec\xce\xcdcI\x86r&Y\
\xbb%\x15\x1b<\x0d\x1e\xf8\x1a\xc0\x93\xb7\x85\x02BV\
\x92\xbc\x0ct\xf5\xb2\xf6\x92\x0aG8]P\xa7\x05\xf3\
\xf5\x8a\x97\xcb\x0b\xb7\xfev\xc02\x8b\xc3\x17\x89\x97\xc4\
\xff\x90\x8b\xf3m\xf8'\x8f\xb8Q\x9c%t\xdf\xe5\xd7\
=\x1f\xf7\xf4 '\x03\xa3\x96\x8b\x1a0\x14\xb4+I\
4\x08\xe8<\xdak+\xb7)~S\xfd\xe8\xdeT\x9e\
\x88\x91\xee\xf1\x1cu:\xd7\xc9\xe0\xc3N\xcfw\xe0\x98\
\xd8W \x91\xd2\xc1?\x05\xf4\x10\xb8\x81\x02n\xdf5\
/\xa1\x8a\xc5\xdecE\x91oG?Yf\x96i\xd6\
\xef\xc1\x03\xf5\x90m\xb0<\x81?z\xcc\xf56\xd5u\
E\xa0\x16`\x9a\xb8u\x9c\xfaG}!P\xb2\xa2\xad\
\xeb\xe1,?\xf3b9k\xcd\xc4\x00\x0c\x11\xc3+\xae\
\xbfZ\x0c}\xd6\x14\x0c\x91\x0f\xd9k\x04\x02t\xab\xa2\
\x19\xf3<\xbfy^\xb0\xcc\x97\xbe\xbd\xd7AQ\x0c\xf8\
=\xac\xe7L\xd2\xdfr\xf4\x02\xf4\xd4}\xa5.\xc5)\
Y\xcb\xe3\xd1\x5cj\xd0\x023\xd9\x18\xf5d\xc8sO\
I_8\x93}M\x8f\xb4!eX_\xc4\xe8ho\
\x0fnr\x5c\xfb\xfbL\xecS\x1c\xe75\xd4\x01\xb7\xe1\
\x01\x08\x97L`\x5c\x07\xdc\x93\xdc\xfa\x1aQu\xd3\x11\
\x1c\xa7\x00\xe5\xb5\xe9gH)\xfa\x9cz\x5cG\x06\xab\
#\x08\xd6\xb5\xd60M<\xbb1\xba|=>\x06\xce\
\xd9\xb6\x8ds\xac5\xb8\x03\xe4%\xe6\xd6\xb6>w\x90\
\x1cB`a\xc1\xb9\x05\xf8\xa4\x93N:\xe9\xa4\x93\xfe\
&\xe9\x04\xffN:\xe9\xa4\xbfE\xda\x19\xdb2\x18m\
(\xed\x8cA\x19}Gr\x91\x5c4\x1b\xaa\xb9\x8d\xa3\
q\xd9I\x86\x9em\xd4T\x83/y6\x95]\xdb\xac\
w\xb0!\x9f\xdc\xb0\xb5\xa7c\x12\x15\xf7m\xe0\xd1}\
\xa8}\xb8Y\xd5=\xb6\xc1\xe2\x01$\xf0\xa8\xec\xcai\
\x1c\x1d5`\xd9\x02\x1a\xcec\xf8\x05(\xc1m\x97.\
V\xd5\xa7Z\x82dPJ\x91\xf7_\xe16\xdeR\x92\
\x8d\xddQ\xc3\x0e8\xf4yR\x1b\xe6\xafL3\xea4\
c\x9a\xafxy\xf9\x82e\x9a\xc7<\x94\xe3X=\x06\
\x8f'\xe7\x0d\x1a9\x1a\xd8'\xe4\xed\xbfy\xca\x0c\x08\
\x16\xa4\xb9\xdc\xdd\xec)<'<\xf4P\xddYg\xc6\
8Y\xe8\x13\x1d\xf6E`\x00%tO\xeb M\x10\
qp\xb1\x1d\xedt\xd2i\xc7{\xcd\x99\x81\x03\x83\x0c\
\x9c\xb7P@\x81\x86\x16\x12B\x18<Q\x03\xc5kU\
\xd1K\xcdW\x12R\xa9\xe3\x1c\xb9>&\x05c\xe8\x98\
\xba\x1d\xd0X\xa3\x8f\x8b\xbaG~\xba\xa7\xa2\x01\x19\x95\
\x89\xa0\xe7_-\xc0T\x0b\xe6yB\xd5\xd9\x80P[\
\xf6Z\x8c\xa63\x00\xd5[\xd6\x02o\xbb.\x05l\xd7\
L\x99\xc5$\xf3\xfen \xb4\xa9\xacd\xd1\xb7aG\
\x01\xca\x84\x22\x8f\xc8\xe5BO\xbf\xcbr\xc1<-\x98\
gGR\xce\xde\xad\xeeo\xf4}\xa4(O&\xf3\x13\
\xb2\x5c\x8f\x89a\xc0\xd9:\xa9696\x83Y,L\
}\x18\xad\xe4u\x0d\x10 \xf4u.\xc3\xe9\x1b\x1b\xda\
\x01\x0f\xec\x19\xd8=\xc8}\xf5gJ\xa2gz\x0d\x00\
\xb5\x9fA\x89>\x9b~\xce\xc0\xcfd\x01t-\x1au\
\xa4\x92\x07\xb7\xd9\xfb\xd5\xdc\x17=\xe3\x81\x01\x1a\x96\x04\
.\x1b\x10\xac\xf6P\xd4:b{\xacg\xd0\x1a\x8a\xd6\
\x1d\xe9\x1c@\xeb/\x05?\xc0\xbf\xd66\xfexRJ\
\xdf\x8e?\xc6\xc6\xe0<\x11\x04\x12\xed5\xeb\x09\xf3\x5c\
\x9d\x00\xe0I'\x9dt\xd2I'\xfd\x8d\xd1\x09\xfe\x9d\
t\xd2_&}f\xa0|\x95\x0c\xb4\x9c\xd4\xe5GC\
\xdb\xb2\xdc\x1b\x8b6\xd4\x8a\x8dQ\xd8:\x1a\x86\xd7(\
\xbb\xbb\xfd\x94\x8e\x86&\xdb$\xc0\x97sz\xb9B3\
\xd3i6hSv\xaa{\xe4\xe9+\xa0\xdf\xb8\x1b\xf5\
=\xde>\xd6,\x1b`\x18\xd4\x83\x8ap.\x83\x94\x05\
@\x14\x81\x1fO\xfaN\x11\x1a\xd4\xc7\xe0\x1e\xe0\xc1\xfa\
6\xa8\x09\xb9P\xd6\xf9p}\x02/\xe6\xd5/\xde\xdb\
x-\xde\x1eh\x0f\xc5,0\x81\x09S\x9dQ\xa7\x05\
\x97\xeb+.\x97\xab\xbcm\x1e\x89\x00ANyV\xea\
3\xfad\x9dfvbx\xd89M\xd3\xcc\xb1+\xba\
/`y\xa1\x07\x821\x82\x93\x8f\xe4\xeb\xc0\x82x\xe7\
\xf8{\x8e\xcePLe\xb3G\x1a\x00$p!Z\xe3\
\x0ct\x10L\xf5\x92^\x944J\xf7\xd9\xcb\xa8\xffH\
\xe0\xdf^\xa7\x0a\x01@\x81[\x06\xe0\xec\x11U+\xcf\
\xa5\x0b\x04\xda\xd6\xb0\xe9|\xb2\x01h\xb8\x95\x01\xe2\x0d\
Y\xea\x22u\xc7\xd1\xa6\x1b\x8d\xab\x16\x05\xc5P\xa4a\
\xea\x93\xd0)\x81\x7f\xc5\x81?&\x82-\xb5J\xf9\xe4\
\xe1\xd66y_m\x8f\x9e\xa8&?\x7f9\xbf\xce\xe1\
\xf6\xcc\x10Hdy\x01\x02\x84\xc8\xe6\x90c\x04\xb1\xc0\
RP\xea\x8c\xaa\xf3\xfc\xae\xd7\x17\x5c./X\xe6\x0b\
\x03y\x1cd\xe9g\x07\xf0\x0b\xb7\xf9&\xde\xcdO^\
\xff\x5c\x17\x1aOOMtL\xf4b\xf5x:\xc8k\
\xdd\x12\x80\x9b^\xcc?6t\xa4\xc4\x93t\x22\x8f\xb5\
\x08@\xc6\x91\xe7\xa7[~\xf7eL\x9d'\x16\xd0|\
)O3\xed\xbc\xd66\x00\xc1\xe8\xc9\x85\xe3\xf6c\x8f\
\xdb\xb7\x99\xbc%\x8fO{d6\x9d\xb9\x87\xf4Y\x1d\
^G\xe2\x95@\x9d\x7f<\xc9\xc0\xe8\xe0\xa8%\x99\xb2\
\xaeA?\xa6\xd3\xe3\xd6zQY\xd7`\xa4\xc6`\xe0\
\xb9N\x02=\xd3\x11\x02\x00\xb0\xae+\xca\xff\xfa\xbf\xfd\
\xef\xbfP\x95N:\xe9\xa4\x93N:\xe9\xa4\xbft:\
\xc1\xbf\x93NzN\xf9K\xb0\xcc\x8a\xf1\xdd;\x11m\
\x1b\x9b\xd8{#\xa4_\xab\x8c\x0bu\xe3SVE7\
D\xc2[\x80F\x1b\xa6|\xfd\xc7\x93\x0d\x9dd\xf4t\
\x1bzo\x04\xa1\x14A\x05\x87\xf4\x83\x01\xf5Y\xda\xf1\
\xfe\xdf\x8b\xb2\x0c\x9f\x83\x12\xfbr\xd0<9\xeaj\x9e\
\xec\xfd<\xf4\xcb\xa7\xf3\xf3,\xedx\x9d\x8d\xb8`f\
\x8aD\xa9\xf4^<:\xf06\xca\xee\xe9\xd9\xb8v\xd4\
U\xf79?\xad%\x18\xee\xb3\xb6\x82| X&\xe4\
\xe5\x17\x11(QG\xcb\x11:\xc7M<\x074\xce\xbd\
\xfc\x8b\xca\xd2\xcc\xd5\xd6\xcf\xe4\x1eg\xa0\x00\xd6)\x19\
\xe6\xa5\x14\xb4\xb6\xd2\xb8\x0d\x01\x90\xddP\x17\x80\xa3F\
:p2\xbf\xe0\x9bo\xbe\xc5</\xea\x9d\xbcgb\
SYw?\xd7\xe3>\xb6T\xbe\x04g\xaa\x97Q\x0b\
N\xa1,\x04r\xee\xb0@?'T\xd2s\x15\x05\xcd\
\x02\x0c\xb6\xd6\xdb\xcf:\xda\x93\xdcS.+`\x00\xf4\
\xc2\xca\xba\xc3\xb9\xe4=\xc1\x8c\xac\x8b\xe6i/\x83\xae\
\xe3\x8d\xdb:\x0d$\xb8\x1dv1\xce;\xeb\xf9\x00\x22\
\x08L@\xf3\xeag\xe0\xe0\xbba\xddF\xa4\xe0\xa2\xf9\
\xa0\x97\x1e\xf5\x81[\x80\xdd^\x1a\xbb\xe4\xd0e\x9c\xc6\
\x9e\xbd\x11\xed\xf5g\xb0\x03\x1a\x0b\xf9\xa7>\xd5Z0\
M\x95\xde\x7f\x93\xc7\xafv\xd6\x0d\xeb}\xc5\xfd~\xc3\
v\xbfu=\xcc\xe3\x1f\xcf\xf2\x07\xf1=<\x1bK\x07\
\x9c\xb8]7\x0a\xb7\xf7\xd6ZQ\xe7\x05\xcb\xe5\x85\xaf\
\xeb\x15\x97\xe5J\xc0o\xb2W\x22\xdb\xe2{n7\xcb\
tO{yK|e\x87\xd7\xf7|\x97\x0dp\x0b\xf6\
\xd7\xa8\xb7\x99\xbc8\x11\x81\xadq\x9b\xaa\xb7\xab\x02\x81\
\xa9\xce\xb8\x5c.\xda\xa6\x9c\x81\xad}[\x8f\xbcr\x8e\
\x9b\xb6\x8e{~\x9f\xd53\xf9\xda\xf3\x9f)\x0e\x00\xe0\
\xae_\xf5e\xb1F\xa4\x1f::\xb8\xb6\xff,E)\
#O\x1a8\xd5\x8am\xa3~X\xdf\xad\xdfu\x9a8\
\x03\xee'\x80\xb6e\x8fWwIy\xb6\x16|N\x17\
`\x9a(\xb7M\xe0\x9dy'\x00(\xd9\x80\x00\x1f=\
\x04\x09zG\x04\x9a\xe6\x82\xf2\x1d\xe7\x14\x1a\xdc\x8e\xbe\
~G\x10\x9b\x13\x00<\xe9\xa4\x93N:\xe9\xa4\xbf!\
:\x01\xc0\x93\xfe#Q6(\x8ei\xfeR\x7f\xbcG\
?\xafG\xdf\xd7\x0f\x86F\xff\xc2\xef\xa6\xc3\x96\xe8c\
\x7f\x114\x96K\xad\x98\xe7Y\xdb\x86d\xdc>\xa1\xcc\
\x13A\x92c\x09t+\x85}\x0d\xabe\xf0)\x96\x8a\
\x98bn\xaa\x9b\xaf\xf7\xc9\xd9\xee\xf3V\xb4\xbd\xe1\xf9\
\xfc\xbd\x14t\xc3\x8e\xf7\xfb2_\xbb\xfe\xb7\xa0<\x87\
\x06\xfe\xf2|>#\xce\xa1\x816\x1b\x97C6\xb9n\
n\xff\xb3\xb4\xcf\xfa\x1a\xf3\xe4\xfb~\xd5\xd3|O\x99\
\x8f\x89p\xdd\xf2\xd0\xbe\xcbz\xbe\x07\x0fJM\x86\xa5\
eM]l\xc1\xeb\x22=\xef\xa5\x0e\x068\xfbP\xdb\
a k\x8c\xc5\xfd\x0f0\xcf|\x10X\x8ah\xdc\xfe\
\xeb&\xf5\x1eE\xebG\xdea\x0fz\x91\x80\xbf\xb1\xe6\
\x1a\xb7`B\x9e6\xd6\xaf>:\x05n\xa83\xea\xb2\
\xe0\xe5\xe5\x1b\xbc\xbe|\xa3r\x07\x06zM\xbf\x93\xe7\
\xafQ\x97Kn\xef\xd8\x5c\x802\xf7xz\xb1,\x83\
1+\xfd\xcas'\x10\x98\xdb\xd6\xf7lu]\xa5`\
\xb5\xbe-c\x037\x83/\xb7\xa1\xe9\xe8\xa3l}\x0b\
\xb0\xc0\x0c\x95\x1d\xec\x8dAY\x1f:\x98\xae-\x8b}\
\xbe\xcc\xc4\x01p\x09\xb5\xef\xb4\x10\x18\x92\xb7.z\xbb\
o\x0b\x82\x13\x11\xd2\x07\x00\xa5\x0e\x0fA\x84\xf4X]\
v\x9d\x08\x9d\xad\xd7\x08L\x87\xdau\x1b\x11\xdavn\
}\xd2\xf2\xb6.w\xcf?\x00u*\x98\x17o\xa7\xb5\
\xbe\x05bkX\xd7\x15\xeb\xfd\x86\xf5~\xc7\xba\xde\xd1\
\xb6{\x97m\xd6\xac\x9d\xf6$}\x1e$/T\xff\x11\
\xf0\x17\xa5bY^\xf0\xfa\xfa\x05/_\xbe\xc1ry\
\xc14/\xe4\xa5{r\x15@\x1eo\xa4}\xfb\xbb%\
\xfb5\xca\xd3v\xcc\xf3\x98!\xf6\x0a\xbd\xdb\xacS\xf9\
\xf3\xea\x99\x8eX\xff\xc2\x9e\x8c[\x93\xbcV\x94Rq\
\xb9\x5c\xb0,\x17\x9e\xb1X\x0b\xbd#=O\xfd\xf9u\
\x18\x17\x0bt]\x0a\xd0\xf3\xcd}Y\xf8\x9e[^\x8f\
\xf9\xebk\xf53\xf9$y\xf0\xdd\xcfN\xdd\xfb\xf9\x98\
\x22\xe6\xba\xdc\x91\xfc\x1c\xad\x8a\xe0\x0b\xf0<I\xa0`\
]W\xb4\xd60O\xd3X/\xd1\x80F9\xf9;\x81\
eQ\x14\xa0\x83^}\x04\xf7\xe6\x99[u\x1d\xc0\x87\
]\x10\xdc\xdb6F\x0b&\x1f\x02\x1bk\xc54/\x88\
\x006\xf5_t\x16'\xe5\xa9\x80#\x8d[\x82;\x95\
\xa0\xde\x9d\x00\xe0I'\x9dt\xd2I'\xfdm\xd0\x09\
\xfe\x9d\xf4\xb7L\xfeb\x9e\x0d\x07\xbfr\xbe\x0dN\x7f\
\xd1v\xde\xb3/\xf6H\xf5\xbaq\x91\xfe\x02F\xdb\xd2\
u\x22\xb7\xdbtx\xf7\xb2,\xa8\xa5\xee\x8cZ\x08\x04\
\xc9|\x92G\x1b\xd5.\xe8_\xf1S\xc5\xdc\x88\x00\x1b\
\xf3\x99-\x9f1\x06\xb3\xe8\xba2\x92\xfa\xfb\x9e: \
\x05\x00;#4\x0f\xd5m\x0f\x000\xf2YEJ+\
\x85H\xc4\xd1\xd3+_C\xe0O\xbf\x7fr\x9d\xc9\x86\
\xe0Qv\xbe~\xa4\xbd\xccF\x19\x8es\xc8\x9c\xdb\xa7\
\x9c}l\x8b\xf3J\xe3\x8cY\xea\xd3\xc0[\x9e\xdec\
]\xe5\xefi\x0f\xa0\xa0\xd4T\xe6\x90\xb7#\xeb\xcd#\
\x7f\x9dz[\xc1\xb3\xa2\x02\xda\xca\xc8\xe4\xa1\x1b\xe2\xd8\
\xb2Ly\x19\xe0\xe1\x08\x02\xc4\x9e\x0aP\x08\xc4 \xe8\
a\x02\xf8\x9c1\x82-G\xea\xea{\xd8z\x86\xae\x03\
\x90\x1e\x94n\x1c#\x82\x00`\xac\x12\xactF\xff\xa2\
\x14\xd4\xc2\xa8\xa8\xcb\xf5\x8a/\xaf\xdfa\x9a\xe7\x04\x5c\
d\x19\x95\xa4\x03\x7f\x1c\x1d\xf9\xcd\xb4\xcb\xe9\xe3\x1fy\
\xa5\x17\xeaP\x9d@\x13\x8doh\xe1\x934\xdf7\x9d\
\xa7g\xe0\xba\xf5-\xa6\x1e\xa3Y\x1ck\xa2P+\x15\
\x9c\xc1m\x96\xf10\xe8\xa0\x85\xeb\x8d\xba\xe3\xf9\xf5\xa0\
',\xc0\xf6RZ\x07\xf4\xf4*\x07\xef\xbf\xd6\x08\xac\
El\x08y(\xe7>\x5c\xb6\x96\x01\x9a\x99\xbdR\xa8\
\x13\xb5\x94\x11\xe0 \xa8\x8fC\xbe\xa3\x9c\xe5\xd6\xe4\xb5\
\xd7\xc7\x1e\x0e\xfaA\xef\xbfiN[j1\x82'\xac\
\xeb\x1d\xf7\x1b\x01\xc0m\xbd\x0f\x0f\xc0\xa7\xc4\xd6{\x1f\
z\x160\x98\x8d\xe5C\xf0\xaf\xd4\x09\xd3\xe5\x8a\xd7o\
\xbe\xc37\xdf\xfc\x1a\xd7\x97\x17E\xaa\xae\x80\x02D\xb0\
\xc6\x13\x99\xeb\x99sX\xae?K.\x96[\xca\xd4\xe7\
|\x07\x00\x825\x0f}\xb8\xac?\xcbB\xb2\xb5n\xb7\
\xd6\xb0\xad\xf4\x9c\x8c\x16\x98\xa6\xe1\x058M\x06\xd3\xfc\
\x8c\xcd\x9fs{\xee\xdcO\x8b\xc0\x16m\x00\xe0\x96\xb2\
\x82\xccD\xf0)\xd9\xbdH\xe5\xd5\x17J\x83d\xe8\xf6\
z\xfb\x02\x15\x9b\x01F\x095\x82c\xf6so\x9a\x19\
x\x83\xf7\x05S\xe1<o\xd6\xab6\xea6\x01\xe5\x9c\
Om\x09\xdeZ\xd7\xaf\xb5\x09\xb4\x0b\xf4\xe8\xe4}\xcd\
@\xfa\x0fz=\xd3\x03px\x7fv\xf1\xe83\x8fQ\
|\xef\xca\xaf\x5c\x0f\x8d\x80\xe0<\xcf(\xa5j\xadE\
\x8fBm\xca\x9f\xcf\xac\x17\xfd\xb3\xe6<\x03\xf0\xa4\x93\
N:\xe9\xa4\x93\xfe\x06\xe8\x04\xffN\xfa[\xa0\x87/\
\xf0\xc9@\xed\xafm\xc3\xbark\x99\xd3\xf2u\xff\xb2\
}hkod\x0drz\x7f\xe7\x8d\x0c\x90\xd1\xc6\xcf\
\xd5\xb711<S\x00|\x05\x0c\xe3\xa5\xdbO\xdf\xfc\
}\x1d4\x12{\xaf\xc5FHM\xdea\xfb\xedV\x83\
Xnop\xb9\xb5\x91V\x88\xc9uc\xb3\x14\x03^\
Yv\x89\xa74'\xf9e\x99\xe7\xf9x\xfe\xe2\xbcm\
\x9a\xc3U\xf3\xe6\xba\x9b\x0d~m\x0b\x0b\x07\x0fHe\
>\xa7H{\xdf\xb2\x9c3P\x89\xee\x9dB\x0a \x19\
\x86\xe8:8\xda\xe9\xaa\xa0\xf6\x90`\xa7N\x85\x8dw\
\xf0+\xcd5\xe9\xa8\x8bP\xa5}\xfasz\x5c\x13\x8f\
\x94\x8d_\xa2\x07}\x04G^4\xe1\xc7v\x8e\xfc\xee\
!\x0a\xb2K\x8e\x9fxl%\xcaw#o \x1aE\
\xfd\x1f\xeb\xd6h\xa8\xa5y\xe6Tn\x04v\x98\xea\x84\
:\xcdxyy\xc5\xb2\x5c\xe4e\x95e\xe9\xf7=?\
\xbf\x94,\x8f\xe3xv\xd4\x87s\x90\xdd\x93y\x89\x04\
H\xa5T\x8aBw=/\x0c\x94\x0c\xdd+\xd2\xb9\x0e\
\x5c\xa4\xf6\xf7\xeb@\xc0\xac\x81\x93\x0c\x92t\xe0\x86\x94\
\xd7l\xbe?\xe6Cr\x88'\xe3\xca\xc42\xd9\xb3\xca\
\xa0\xc5\x86\xd0\x0f\x1a8\xc8\xb6\xf3\x06\x02\xc8\xc1\x02c\
|\x01\x81\xbe\x14\x90\xc7\xd6\xf3:\xf8\xc2\xf9\x87\x9e\x13\
\x11\x81\x220\xb4\x94\xc0TY\xce^i\x06h\xd4\xa8\
\x9eU\xe2Ug\xa7y\x0eb\xb7\x9d\xb4\x00Q\xb5\xb6\
#\xfd@\xa3\xb6\x04d\x06\x80Rg\x5c^\xbe\xc1w\
\xbf\xf9{\xfc\xfa\xef\xfe\x01\xdf\xfd\xea\xefp}\xfd\x82\
ZG\x14\xdf~\x86[\x8f\x88\xebu\xc0\xd7W\xc4\xfd\
uz\xa2\xbf\xcft\xba\xe8G\x9aQf\xd4\x1di\xe3\
\xbe\xe4\xfa\xa9X\x187L?\xd0pi{\x8e\xfd\x9c\
u%\x8fQw\xd1+\x10\xcc##\x80\x9f=\x9d\x07\
\x03\xbd{>\xb3f\x1f\x9f\xc8\xfe\x0cr\x91\x08.\xba\
\xe8[\x8e9\xbf\x05\xfc\xbc\xf6\xb3\xc9`e\xad\x15!\
\x00n]\xe5M\xa7:!p~\x9e&\x8e]\x9fy\
E@8\xbf\x8b\x10\xa4\x9b\xb4M\xb7\xbf\xc4\xb7en\
9\x99\xdf\x08z\xe8y\x0c\xd0\xda\xa7W\xe5\x90k\x04\
$\xdf\x00\x90\xbf\x03\xd1\xdb\x8fz?\xc0\xc7\xf1\xda\x80\
h'\x00x\xd2I'\x9dt\xd2I\x7f\xedt\x82\x7f\
'\xfd\xb5\x92\x0d\x87\xfc%9\x83H~\xcf\xaf\x96\xbc\
U\x8e\xed\xfcR\xca\x06\xd1\xb3{\xecL\x95\xe7t\xec\
\xd3\xbc\xdbP\xe8\xf6\xe1\x93\x96\xd8_\x06a\x044\xe9\
\xba\xbf\x15\xf0K>\xad\xa5\xf4b\xbd\xc1w/|\xb8\
F/\x9b\xeb\xb3[\x97\xa1\x17\xc2\xbeN\xee+\xa7\xe9\
\xea\x89\xbc\x908s>\x8d\x9e4\xc72\xf4xH\xbe\
\x00\x80\x0c\xf0\xc6\x1e\xeckH^V\xdd\xc8\x94\x11\x96\
\x8dZf\xe8f\x04\xa50\xcf4\x9c(\xc3,3^\
\xe6\xb1D\x92\xed>O-\xf1\x9c:\x8er\xe4\xf9\xd2\
\xdb\xcc\xc4\xf3\xe8k\xaf+\xa3\xee1\x1d\xca\xcbm\xef\
\x81\xb21W\xfb6X&\xb5\xa7:\xb9\xfe\x9e\xebA\
n\xcdj\xe12|O\x80\xe9\x81\xed\x92\xe6%S\xe9\
\xfc\xf0&\x00\x02y\xc9\xfb\xa9\x14m\x03\x05zZ\x12\
\x9c\xb6U2}*\x13\xc1\x95\xcb\x15//\xaf\xa8u\
\x16\x90q\x14\xe1\xb3\xd1\xfd\xdb\xd0\x9e?%&/*\
\xcaVw\x16d\xf2\xe4B\x06\xbbFu\xad\x01\x06 \
`\x9d\xe8\xed1\x8d^\x81\xae6\xc0\x92\xac\x0b\xc1\xf3\
\x0b\x95\xce\x00\x1c\xc3\xdb\x8b|\x12L\xcf\xfd\x9b\xe2\x00\
\xfcy\x8d=+S\x04\x9c(Q[\x8c\x1d\x11X\xcf\
\xbf:\xe6\x9f@\xc6h\xd7m\xb3}o\x17\x96\xc7\xa3\
A\x92\xe0v\xe8\xce\x81\x9e\x0b#\xc5\xa0\xcdx^p\
\x5c-y\xfeM\xf4F\x9b&\xd42\x11\xa8Ks1\
@\x91\x15m\xa3\xe7\x9fy\x22Q\xff\xd0S\x8a\xa0N\
\xea\xa6\x7f`\x09\x00\xa8\x13./\xdf\xe2W\xbf\xf9\x07\
\xfc\xfa\xb7\xff\x88o\xbe\xfb\x0d\xaeWn\xf7-\xf2v\
4\xd8U\xc4>\xac\xe6\x9aw\xca\x05(\xfd\x87\x9e\xe7\
\x94\x9f}\x1d\x04\xebb\xa1\x0e\xe4\xb5g\xb2\xdcw\xe0\
\x9f\xcb\x08X\xcde\xbb\x0e\x1c\xd2Q\xe8\xb1\xd7Zc\
[\xc9\xc3\x8d\xf50@\xce\x81\xad\xa9\xa3\xcc\x90/\xc8\
<?\x138\x86\x92t\xac\xeb\xa5<C\xcd'yQ\
\x9b\x875e~j5H\xec\xed\xb1<v\xc3?*\
\xf4\xb6\x0b\x01\xbf\xb6m\x9a\x03\xf6a}\xaeU\xdbs\
\x05\xde\xcd\x02\xd7\x22\x82?d\xad\xf4\xd2+U\x01A\
@0\xd0:\x16\xe9\xbbA4iQ!\xb7,C\xf0\
.v\x9f\x87[\x97ek\x81u\xbd'\x19\xf3\xf3l\
\xdb\xd6\xbe\x059\xad\x16\xca\xa1{\x10\xa6W\xdb\x80\xb2\
\xff\x09\xec\xa4\x93N:\xe9\xa4\x93N:\xe9\xa4\x93\xfe\
d\xb4\xff\x82\xbb\xf7\x16[\xd7\x15\xf7\xfb]_\xa8\x87\
\xa7\xd8g\xa0_\xa6l\xbcdr\x1d\xf7\xdb\xd3\x0f_\
\x963E7&\xf5-\xdd\xdf\xd6\xbbG\xce\xfe\xab\xf6\
\xf8BN\x1e\xcc\xbf\xcf@;\xf6\x94\x0d\x98\xbe-M\
\xc6\x1fix\xa2\xb0\xa0\xffd\x8f\x0a\xbeB\xde/\xa3\
\x17\x1bY\xec\x83m\x16D\x07\x10X\x87`\xd8(\xff\
5\xd9>\x18n\xa2\xa3L\x112\xe6\xb5\xa5\xeb\xd8f\
\x07.\x9c,\xa3,\xeb\x82\xbd)\xfa\xbc\xafC\x07\xdc\
\x9f\x8d\xa0\x1d\x15M\x8e\xf8$H\xb7'\xa6X\xf6Y\
\xae$7\xb9o\x9b\xb2-h2\xf5\xb3\xdct\x95\xcb\
\x176\xf4\xc0_\x22\xe6\xe5\xb6\xf6y_\xa9\xda\x89\xf3\
\xb7C\x97\xc6\x08\xad_\x07\xde\x9e\xb5\xdd\xf3\xd3{A\
\xe9\x06<\x8a\xfa\xb2x\x99\x80\xf2\xc4\xbf\xb4\xab\x89d\
@\x0f\xaeC\xfb;\xe2:\xab\xc1-w\xf4\xe8\x22P\
R|\xe6_)<K\xad\x16\x94i\xc2\xe5ra\x94\
N\x80|\xc6X{\x1e\x1f\xbbz\x94\xed3\xb2\xd4\x8e\
\xba\x9aiWF\xc5z\x1a\x04\xcek\xdc\xfbY\xe5U\
\xd7\xdb\x9e\xae\x5c\x03\x0a@\x17\xdc\x90\x92\x9e\x93Q\x10\
\xd0\x91\x02\x12c\x81\x22*k\x06<\xf6\xba\x8b\xbe\x9b\
\xd7\xbez)=\xb1\xcf{^\xc3y}\x0dy\x84\x02\
\x8e\x08\xbc\x90\xb7\x17y\xdb\xb0\xb5\x95\xafu\xe36\xda\
;\xb7 \xf6\xe7\x9a\xba\xcd\xe4\x91\x9a\x1d\xf3\xd7B\x81\
\x0b\xe4\x95\xb7m\x8ehJ\xb9sZ\xd97\xf3Wl\
\xfa\x9c0\x08X\xd0P\xeb\xf0\x80\xaau\xc2T\xaa\xe4\
\xd5\x95s0\x13mD\xfe\xed\xf3;\xca\x84=\x11\xc5\
\xb9g\xa8\x17\xad3\xae_~\x85\xbf\xfb\xc7\xff\x11\xff\
\xe9\x7f\xf8\xcf\xf8\xcd\xdf\xff'\xbc\xbc~\xd3\xa3\xf9\xf6\
\x96\xa4\x97}M\xf9|\xcd\xa4\x14C\xe6\x85\xfc\xf82\
\xb3{|\xf6\xa9X\x94\xb4-\xff@9eWw\xdf\
t\xea_\xcf\x8a>\xd6\x83N\x04\xa0\x83F{\x00\x96\
\x22\xb0\x8b\xf3\x12\xd8\xb6\xa13noO\x9cP\xa6\xf3\
Uk\xc5do\xca\x18\xf9\xfd%~\xf2\xbdk{\x1d\
\xb5\xd0\x0f\x87\x08\xf2U\x0c~{|^#<6!\
<\x91TD}f+XF4\xd4Ry\xac\x87<\
IK\xa9\xf4\xea\xd3\xfa\x0c}\x97\x01\x80\x08n)\x8f\
F\xc0\xd0[pY\xce[\x99\xd3Y\x98\x02\x1d\xd7m\
\xc5}]Q\xe41\x88\x07\x0f\xdf\x86m[q\xbb}\
\xe0~\xbf\x01\x88\xde\xd6\xb6m\xd8\xb4\x05\xd8\xb2n\xda\
\x82\x9f?3!~}\xee\xe4\xe9\x01x\xd2I'\x9d\
t\xd2I\x7f\xc5tz\xff\x9d\xf4\x97N\xfeb\x9a\xdf\
\xfd\xe5u\x07\xfe$\x03$\x8e\x86\xce\x9f\x8ab\x18\xe6\
e\xe7\x11p\x00\xc5dHd\x8e\x9e\xf1\xe7\xb1\x99\xff\
n\x04\x1e\x0d/\x83\x1b;\xa2\x81bb\xfe\x00\x06\xc9\
S\xcf\x1d\xafd\xcc\x8fz\xb4i\xf2\xfd \xdf\x7f\x96\
\xfe\xf3\xb4\x93\x0d$\x1f\xbdB[\xb8v\xad\x15\x0d\xef\
@\xc3@A7R\xf8\x1a}d\xfd\xc8\xaf\xcf)R\
gC\xce\x9c\x87!\x8f\x02&HZ\xfb\xb2\xe5\xd8\x8e\
\xaf\x04P=\xcc_\xe9\xf2\xeb\xd2\xdd\xb5\xf5\xc7\xd2\xe3\
\xf8\x8e\xf3X\x0a\x0er\x1eu\x8a\xc65\xb8R\xfaa\
\x8e\xb3\xaez\x8e\x22\x19\xd7\x8c\xe9\x0b\xd8\xe8\xd4\xa5\xda\
'\xc0\xd3\xe7^y\xb2Ny/\xa0\xb9\x97\xf7u\xc1\
\xc1KH\x86\xba\xe4Z\x05\x00R\xd6\x04\x18\x96\xcb\x05\
\xaf/_\xf6[9e\x08\x9b\xf62\xffW\x09~G\
\xbde5\x95\xe5\xe7\xb1x\xd9vL}7u{]\
\xb5<\x070\xc6\xe7O\xc1\xf0\xd2\x03(\xbe\xd0\xbbi\
?\x97c\xbd\x19\x14\xe3\xd8\x09\x0a\xeb\xaa\xf7\xef5U\
\x92\xf7]~\xe6\x8e\xfaC\x86\xae\xe3NYf\x5c\xb7\
\xe0\xb9j\xc1\xc5:\xb6\xe1\xf6y\x1b\xdcz\x18=)\
\x00`l\xfd\xec}6\xff\xa0\xa1\xf2\x96K\xe2\xd3/\
h\xcbn\x04\xc1\xf9R\x19\xa5u\x9e'\xbe\x04\x00\xd2\
K2\xf5\xad~Z\xdb\x18Au[\xb55\x92\xe3\xb5\
\xec9\x0er\xa1\xc5\xc69AE\x9d\x16\x5c\xbf\xfc\x0a\
\xbf\xfe\xed?\xe27\x7f\xffO\xf8\xf6\xbb\xdf\xe0rQ\
T\xdfJ\xef\xb01cC\xae\xbcc[\xa3\x0c)\xcb\
K)\x80\xc0\x5c\xe7\x14\xdd\x03T\x0e\xf2\xd9K\x7fB\
~\x1e?\x96\x08\xb7\xd1\xc7\x9b\x854\xb6v\x97\xe23\
\x17uT\xc3\xb6\x01\xa5$\x90\xcdzN\x1d\x19\xaf\xdc\
\xe7\xb1\x7f\xc9\x05\x1c\x04E,\x8f\xce&\x00\x10\xd4#\
\x9f\x11hP\xb1\xf8\x19\xac6\x02\x0c\xb8A\x1e\x08\xa4\
\xf9\x87\x02tO>z\xc6N\x93\xcf\x0e\x95\x5c\x12\x8f\
\xad\x8d\xa8\xbd\x06\xd4\xe1g\x8c\xd6,?\xd3Y/\xeb\
%4\x17\xf3\xbc\xa0N\xf2(\xec\xdb\xd3\x07\x80np\
\x1a\x00\xee\xeb\x1d\xdb\xb6a\xaa3\x96\x85 #\xdb\x1b\
 :\x00\xac+\x7f\x18]\x16z\x946\x9d\xc1\xd8\x03\
\x90\xcc3\xe6eAQ\xfd>\xa6\xc2\xbe\x9b\xb6(\xcf\
\xcb\x8cr\x02\x80'\x9dt\xd2I'\x9d\xf4\xd7K'\
\xf8w\xd2_*\x05\xadY^'\xa3\xcd\xc6C\x06t\
z\x1d}\xb1\x1f_\xa6\xbf\xee\x99\xf6\xc7\xe6\xb9\xfd\xdd\
\xbd\xbe\xc8\xef\x0d\x95\xf1\x05\xfaX\xc7d\x90kG\xf6\
z\xa2\x0f\x1fZ\xe3\xc1\xe0\xf9\x8b\xfc\xe7$cH\xe5\
8\xf6\xbd\x01\xb5k#]\x0e\x08s\x8c\x99E-\xc7\
\x04\xde\xa4\x8a\x16Q9\x80(L\xfb\x9c\xdf<?\xc0\
\x08\xfa \xce\xf9\x9e\x9a\xf3<>\x93\xe9\xb1\x9fR\xac\
\x13\x99\xcfad\xf1\xb5\xe9@\xf3\xb1\xd5\x8be\xf8b\
\x93\xd9\xb3\xd2\xcc\x14\xe0\xb8\xed\xdaW\x9f\x0c7\xcb\x8d\
\x86{A\x18\xe99\xa8\xd8\xb3&\x86X\x1f\xe5{\x1c\
{&\xe7\x7f\xad\x0c\x89\x86\xb3\xafM\xd4\xed<\xc2\xcf\
\x89}\x84<\x1c\xfb&V0u\xccu\x97U\x9f\x0b\
\x8d*\xf7\x9f\xca9\xcb)9\xeai\x11\xc8WJ\x02\
\x1d\xac\x13(\xc3\x03Q\xf38M\x0b\xbe|\xf9\x06\xb3\
\xb6T:x\xcd\xa3\x9c\xd4\xc6\x03\xf8\xf05\xfa\x5c\x1f\
\x99;\xd6z\xcf=\xac\x01z\xed:\x934\xd6\xa5\x13\
<'\x04\xe9P\x12\xc0\x92\xa4]\xc0\x01\x14\xc9\x99\x0b\
\x94\xde\x8e\xc0\x88B\xaa\x02\xa3L\x1b[p#\xa2\x83\
k\xcc\x1f\xf3\x10\xf6\xd4M\xeb*\x93\xf5\xc1uK\x07\
\xa1\xbcv\x08\xc4\xb8\x0c\xe4\xf1\x0b\xb1\xe49\xed\xfdu\
}\xc9\xfd\xa8\xad\x07\x111m_6\x8d\x03\xa1m\x9c\
\xd6W\xca\xb0\xd6\x8ay\x9a0\xcf\x15\xcb\xecs\xff\xe8\
\xb1E2\xe8\x06\x06\xca\xe9\x00\xe0\xcam\x9f\xf2\xd6n\
\x96\x95\xe654\x16\x80\xf2'\xf0\xf7\x1d~\xfd\xdb\xff\
\x84_\xff\xdd?\xe2\x9bo\x7f\x85\xcb\xe5\x82I@\xe3\
\xe3\xf6\xfc\xa3~\x1e\xe9 \x80\x1d\xa9\x0eY\xd7\xd8S\
\xd3\xe0\xfc\x0fI;i\xff\x99u\xec\xfb\x98O\x81\xef\
\xe7]\xb3\x96d\xcf|\xeb@k\xad{\xfey\x08\xde\
\xc6\xda\xdb\xd4Yt\xc7\xfe\xf7\xf2I)\xd2\xcb\xadm\
\xdd{\xb8@\xe0b/H\x1e\x07\xbf$\xeb\xc7T'\
L}\xde\x99\xd6A8y\xd5U\xed\xc6\xf6\xf8\xf8Y\
\xa2\xb2\x026Y\x8e\xe7\xf71Z/\xf3\xf2\x5cZ\x0e\
\x1dH\x0f\x02\xd0u\x99\xd1\x1a\xcf\x0el\xf2jw\x80\
\x8e\xa2gY)\x05\xdb\xb6\xe1\xe3\xfd\x1d(\xe8\xc0^\
hK\xb1\xd7\x97\xfb\xba\xdf\xef\xe2\xa9\xe2~\xbf\xf3%\
\xcf\xbfi\x9at\xbc\xc2\x98\x9b>\xeeh\xb8\xafw\xac\
wmQ.\xfc\xcc<\x01\xc0\x93N:\xe9\xa4\x93N\
\xfa+\xa4\x13\xfc;\xe9/\x8dh8\x8c\xeb\xfc\x059\
\xbfr9\x97}4\x12\x1e\xe9X\xef3zV\xcei\
\xfe\x92\xcd\x9bd\xe8=1\x9a\x0a/\x80\x82\x01\x84\xc8\
 q\xfd\x5c\xdeeB\x7f\x9a\xb6\xafu/\x02\xb7a\
#\xc6\x00\x88\x1a\x0by\x9f\xf8\xfa\xe7\x88 \xab\xdby\
V!\xa7\x15\xbd\xec\xde\xc2z\xd0\x10G\x99G\xda\xc9\
L\x94\xef\xdd2o\x1e\xdb\xd8\xc9\xe5\x81\x22\xe5\xb0\xa5\
.\xde47\xbe\xa7^%\x90C\xc6\xbc=\x81\x98\xe6\
\xb6\xf6\xed\x8c\xfb\x03\x9b\x1a@\x9f\x09eZ\xa6}|\
\xd6\x89\x00=\x8ez\x03H\x00\x91\xdc\x84\x9c\xde\xfbz\
6\x17\xbd\xe5\xfe>fe\xd0Q\x0e)\xa7_\x1ds\
\xe0zEL\xa4v\x1e\xca$P4J\xa0\x08\xa8\x8a\
d\x80\xf6\x0e:\x0f\x1aXo\xd2\xa0\x96\xef\xf3\x09j\
4\xe4\xd9\x94\xb6\xf6\x06\x80\x1e,gL\x88\xbb\xb3\xf7\
\x1fJA\xa9\x13.\xd7+\xae\xd7/\xf2\xeaa[\xc7\
\xf1\x14\x19\xb8\xa3\x9d\xc7\xf1f\x8a\xb0\x1b\x1eG\xfb\x9c\
\xf6\xf3\xdc\x89bS5\x82m\xa3-\x8a\xa9\xd7\xdc5\
`O?g\x84\xf6oz\xee\xa9\xff\xe3y\x22P0\
r\xd4V\xa5Zl\x02N\xd0\xd7\xc4\x00L\x9a<\x9a\
\x8a\xe4\xc31\x17\x81h\xcc/\xf6t\xb2L\x80\xc3\x11\
\x01\x99\xbcMw<\xc7)\xf7\xa1kd%\xc6\x96n\
\xd5c\xf94\xaaF^\xb2~s\x1c\xa9\xbb\xa2\xb1\x84\
\x85\x9a\xb6\xec\x02\xa8\xb5\xf4\xf3\xfe\xe8\xf97w/<\
\x03\xce\x04\xf14\x92\xa0\xa7\xe2\xd6\x1a6\x9d\xfd\xc7s\
\xdf$\xbf\xde9W\xb8\xe0E\xd4:\xe3\xf5\x9b_\xe1\
7\x7f\xffO\xf8\xbb\xbf\xffG|\xf9\xf6;\x5c\xbb\xc7\
\x1f\x01\xa7\xbd>r\x94#\xe9(\xc7g\xeb\xf9H\x02\
\xe3\x9f\xe8\xba\xe9Yz\xc0g?:p\xc9\xbe\xf7,\
o\xcae\xdf\x86\xe7\xd3\xfaB0Ju\x92g\x5c)\
\x8c\xd4\xcc\xb9f4\xdc\xfb\xfd\xa6\xfb\xd1\xc6\xe3\x0f`\
E\x83\xb2\xce\x93\xa4MZ;\xa3$\xc4S\xb5\xde\xf6\
g\xc9\xa0H\xd1\xa5!@\xbam\xf2^N\xd1~\xd1\
\xc7G\xbe\xb7m\xccAkl\x83\x91\xb7\xcd\x04\xc7\xb2\
\xad<\xa2\xa4\xea\x99URp\x0d\x83u\xdb\xb6\xd2\x03\
/\x80M\x9ey\xf7;\xb7\xe2\x9a\xafy^\xd8G4\
\xdc\xefwl\xdb\xaac\x0d$O\x01\x80\xf7\xfb}\x00\
y)@\xc8\xfd\xces\x00\xab\x00\xbfR\x0a\xb7a\x97\
\x82u\xdd\xb0\xa9?\xf2\xb6\xe1v\xbb\xa1\xb5\x8dg\x16\
*j\xf64M\xe7\x19\x80'\x9dt\xd2I'\x9dt\
\xd2I'\xfd\xeb\x88\x06\xc2\xfe\xd5Z\xc3\x96\xceq\xf2\
\xeb\x19\xf8g\xb2\xd1\xf0\xff?\xc9\xb8\xf8\x84z\xff2\
|\xcc\xf3.\xcf\xe3\xea\xd7=\xb9[&\x9d\xd7\x02Y\
\xe1c\x0b \x0d\x04f\xad\xdb\x8a\xdb\xfd\x86\xad5\x99\
\x84Cf\xdd\xe4\xe9\xc6\x12\x00\xf8\x97\x7f\x1b\xe1\xe9,\
@Q\xe73\xd0\xc7J\x8f\xa8\xc2-\xaa\x0fdc6\
\x8de\x1cl\x95\xc6\xdd\xbe\xde_\xa2<W;\x19\xb6\
\x06\xc8(t\x9e\xe0\x9f\x9d ]'\x82\xbc\xe7.\xdc\
vt\xd0\xe0H\xf9l%\xeb\x9c\x0d%n\x8bZ\xd7\
\x1b\xb6\x8dF\x98\x8d\xbf!c\x80F\xa4\xe6\xcd\xfc\xe5\
\xb4\xc2\x9cd\x82\xea\xdd\xfc\xa8|\xafk\x1a\x9eI9\
\x0d;\x99\xf5I\xa0\x17X\x19-\xe4\x96p\x90}\x96\
\xf9c[\x9f\x94\xa5\x80\xfb\xa5=\xeaz9\xe6h\xc0\
\xf62\xe3(\x80\xda\xf5$C##\x0a\xaa\xdauN\
\xee\x7fH\x94}\x8c?\x94\x0e\x9d\xda\x00\x8d\xfdxf\
c\x14\xeal)\x15u\x9a\xb0\x5c\xae\x98\xa6\xb2\x1b\xef\
\x91\xf2\xf8\xc7z\xf8\x1a\xe52F\x88H\x91{J7\
\xc2\xea\x0emKV}\x8d\xc5\xc3:2o\xc3\xbf\xd2\
\xff\x86|3\xf5\xa1$\xddpRD:+\xb31p\
\x0e\xa2\x01e\xbfm\xb03\xde\xd7\xd8#\xe7\xa6\xdd\x1a\
\xd6\xba\xf4s\xa9\x97A \x8a=\xa2F\x9d~N\x1f\
+\xf39\xdfBA\x0d\x8e\xcf\x13\x8dW\xcf\xfb\xaa\xf1\
\xb1\xfchg\xf4\xeb\xed\xa5l+\xecEY*J\x9d\
Q+\x01?{\xfc\xf9UJ\x01*\xc7O\x0f\xe8\xc3\
\x5c\xf4\x17\xe7\x8e%=7\x15\x0dDW\xa7\x89\xc0\xdf\
?\xfe\xf3\xff\x84\x7f\xfa\xbf\xfd?\xf0\x9b\xdf\xfe#^\
^\xbe`\x9e\xd87A\xce\xbd\xbc\xedq\xcd1<\x93\
\xf6\xd7)\xcf\xd2ha\xaf!Y\xd7\xe1\xb9\xf1M\x07\
\xf5\x18H%\x03\xc7&>3\x09\x02#\xc9{\xdf\x87\
u\x80\xdbU-7\xeb\x05Az Bz\xa8\xcfw\
~\xd6\x07\xb6F0\xcb\xe0\xd5\x03=I*\xa5\xd0\x8b\
\x0e\x02\xc5\xf3w\x8a\xee\xa9\xa9yR\x1e=\xe6\xf6i\
\xa1s\xf0\xdc\x7fn\xbf\x94\xd2?s\xa8+<\xb7\x97\
s\x07Pz\x04\xe0\x03\xe43\xe4\x99H`nC\x8b\
\x06\xd4\x92\xc0p\xf45\xe6\xcf\x1b\xf2C\xbd\xad\x95g\
\x09\xb2\xaf\x9b\x80\xbc\x0d\x97\xeb\x05u\x1a\xe7'\xba\xae\
\xe5\xe83\x91s\xfe\xa4\xb3P\xaf\x97+=0\xf5\xe3\
\x22\xd7\x1a\xc7\x18\x02\x0b\xd7\xf5\x8eZ\x0a\x96e\xd9y\
c\x9e\x1e\x80'\x9dt\xd2I'\x9d\xf4WF\xa7\xf7\
\xdfI\xff\xde\x94\xbfp\xfb\x9d\xdeX\xfb\xb3\xfdr\xfe\
\xce\x98\xd4\xbd\xf3\x9f\xd11/\xd7\xcf\xb4/w0\x8c\
R\xdeg\xf5M\x9f\xf1\x98\xed\xbbB\xcb\xae\xdf\x0f\x0f\
\x0b\x19PaO ^\xb7F\x8f\x93|(\xb8\xfb\xe0\
\xf8U?y%\x1c\xc7\x00\xa0\x1bc\x99\x8e\xf7\xcfD\
Y2\xee\xf6\xe9\xf0\x0dK\x94^h7\x1e\x97R\x7f\
=\xad\x14\x09e\x9f?\x9a\x91\xac\x0em\xe46\x8f2\
\xdf\xa5\x1f\x18\xde\x97\x1d\x9eF\xbcf\x9b\x91@A\xc0\
\xef\x06Us{\x1a\xe7\x01\xe4p\xda\xb8\xf6\xc5\xb8.\
\xc6\x8az]\xcb\xcfe\x05\xa8%y=\xf6\xad\xfe\x05\
>|>7{\xca\xfc\xba\xc9\xa3\x0e\xeeH|d\xb9\
\x91\xf6\xcaR\x94\xc2q=\x03\x91U>\xeba\x02\xf1\
X\x97k\x85m(\x9f\x15:\xdf\x06g\x8a\xb7\x00\x9b\
\xeb\xc0\xee\xbc@\x08\xfc+\xb5`Y\xaex\xb9\xbet\
\xef\xbf\xce\xd1A\xae_\x9b\xc7L\xaeWv\x83\x06/\
,\xaf\x9e\xd29\x1cr\xef/\xdeg\xf0e@zl\
;\xa0y\x0a'\xb0\xac\xd4\x16\xa5\xeb\xabA\x03{\x14\
1h\x00\x95</\xa1\xe8=:\xado\xa5Nc\x8b\
\x10W!9\xaaV-\x06\xd4\xc6\xfc\xfb9\xed\xba\x1d\
\x94\x93\xb7\x1f\x81t\xf2Q\xcah\x17Z_\x19`\xef\
\x0a\xe0\xb9\x07\x9f\x7f\xcd\xe3\x0b\xa7\x83\xe0n\xe1\xb1\x09\
}\xddJ\xae\x04\xf2\x92>ES0\xe4\x02\x14\x06\x9e\
\xa83\xb7\xfd\xf2L5\x02\x7f<\xfbM\x00\xe0\xee\xe8\
\x03\x00\x02uz\xb0\x91\x8d\xc0U\xf0AbQ\xd3\x0b\
\xb6\xceX^\xbf\xc3\xaf\x7f\xfb\x0f\xf8\xfb\x7f\xfcg|\
\xf3\xed\xaf\xb1\xccW\xb5=<\xfe\xfa\xbf\xa1:\x07\x12\
0\x9ct\xb5K\xde\x85%+W\xe5\xfbh(t\xeb\
\x14\xdf\x93\xd2\xf3\xb5\xe6'\x80\xe6\xd0\xcfAN\x97\xe6\
U%\xac\xcf\xdd\xd3\xcf:\xc0\xed\xfaP}\xcfqq\
\x90\x99\x0e2;\xcf\xc13\xf8\x83W\xb4\x86e\xbe\xa0\
H\xdeE\xc1-\x1e\xd7\xe3\xe3gC\xce\xe2\x9bt[\
\x91\x87\xad;\x90\xdef\xbeL!\xf0\xcc\xc4\xfc\xa1#\
\x00p\xdf\x08\x1a\x16\x14\xdc\xef+\xe7n\xaa\x88\x80\xc0\
\xdd\x8a\xb6\xf9\xc7\xa3\xa2\xc04\x0d\xcb2\x03\xb5Jo\
\xb8\x85\xbc\x14\xad\xb1RPk\xc1\xb6\x8d\x1f\xf1\x00n\
\xef\xb5\xcc\xd6u\xc5\xedvCD\xc3\xb2,\x98\x97y\
\xf7\x9d\xe9\xd9\x0f\xa5\x9e\x9fU\x81B\xaeW\xeaa/\
\xe7gJ_\xc7\x0d\xab\xb6\x1c\x1b,\xac\xd3\x84m\x1b\
?\xcc\x9e\x00\xe0I'\x9dt\xd2I'\xfd\x15\xd1\x09\
\xfe\x9d\xf4\xefE\xfeR\x9a\xdfm\x1cl\x1b\x7f\x15\xf7\
\x96\xa0#u\xe3Gy\x8f\xc6\xc0\x9eh\x88<\x823\
\x9f\x93\x0c\x9d\xbeEh\x187\xbf\x94\x8ee\x8f\xf7\xfb\
\xb4\x01|)\x87\xa9\xdd`\x95\xa1\x15\xe3p|\x1f\x98\
^\x0f\xbc\xe5~xiY\xf5\xe4>\xa6g\xb2\xb5\xac\
\x9eS\xa8\xbd}\xfec\x1d\x97\xe9.NO)\xd7\xa1\
Q9\xe6\xa9\xeb\xc5\xae\xfc\xe0\xe0\x19\x1d\x0d7\x83/\
n\xaf\xc8Fd\x1fG\x99\x1c)\xeb\xa7\x8d\xfa\x0cR\
\xec+\x1fe\xf6|\xdb\xa3\x80\xa2#\xe5Dc\x1e\xa5\
\x8c>J\xff\xf3d{v\x925\xd0\xeb\x94\x8e\x9d\x8c\
\xb6-\xdb\xa7\x94\x84\xf1(y\xa5\x1f@S\xa7\xe5|\
S\xea\xb5_=\xb4\x9b\xbd5wz\x9b\xb9\xee\x89}\
\x98\x84I\xc6x\xc6=\xff\x942\xc0\xa3>\xe6R0\
\xcd\x13^_\xbe`Y\x96\x07\xef\xd6gr\xc9\xcf\x8d\
gk\x05\x87z\xa5\xaf\xe3\xdc\x96\xe6\xc3W\xcaw\x89\
\xe1\x00i\x88k\xdc\xb39\xa6\xd2\x17\xb4?\x08\x12\xc8\
\xc7\x06\x86\xa7\xa8\x01c\x82P\x99B\xa0\x07\xd3\xdd\xee\
(w\x94\xc0^\xdfI\xa5\x08\xf8\xf2\x8f2\xa9\x9c\xe5\
\xe4\xeb\xea\xb3\xc4\x0c\xfei\xebck\x96+\xd9\x08\xcf\
\x1d;\xd5\xbd\xe6\xb6\xaf].\xd8\xb6\x8dH\xe5\xaeR\
\xb4\xf6\xab@\x99\xfc\x83\x11\xf3\x92\xde\xdb\xeb\xab\x00\xa5\
N\xa8\xd3\xc4\x1fT&\x02~\xf3T1\xe9:\x03\xcc\
\xac\xaey\x93\xb3[?#1\x1fK\x11\x03Di\x00\
.\xd7/\xf8\xf5o\xfe\x19\x7f\xff\x0f\xff\x8c_\xfd\xfa\
\xb7X\x96\xab\x22.[w\xfc\xca\x97yd|\xe9q\
F\x1e\x92LX2\x9e\xb4\x91\xe7s\x5cQ&\xe3\xe1\
\xe76s\xb9\xde\x9a.z/\x92\xdb\xf3\x87\xd8\xa0\xa2\
-\xad\x04\xec\x08\x18\x1f\xf3C[O\x87\xae0m\xdb\
6\xd4Z1\xcf\xb3\xcaP\x8f\x02<\x17\x10\xdav:\
\x8d\xc3\xf7\x10\x8a\xde\xed\xb6\x99vP~\xc8\x1b\xd0m\
\x09\xb4\xf5\xe7'\xacC\xc9\xeb5{\x1bZ\x1f\xf8\xda\
\xcb\x93b\xe19|\x11\x81yY0\xd5\x19(\xe8\xc0\
_$\xe0\xb3\x94\x822ULu\x22\x80\xdc\x1a\xda\xba\
b\x9e\xe6\x0en\xe6\xf1PN\xc3\x9b\x0f\x02,\x0d\xf0\
\xb9\xac=\x14\x9f\xf6\xa7v,\xd7m\xdb:\xa0\x97\xdb\
\xdb6\xafQnk\xdf\xda\x8aZ+\x96e\xde\x05$\
q\xfb\xed<\x03\xf0\xa4\x93N:\xe9\xa4\x93\xfez\xe8\
\x04\xffN\xfa\xf7 \x7f\x81\xf5\x97H\x7f\x19\xcd_(\
\xfd\xa5\xfa\xe7\xc8_l\x1f\xbf\xec?\x92\xbf$?\xa3\
\xe7\xf5\xcb\xde\xb0\xfaWR$\xc3\xb8 \x19\xfc\xb9\xcc\
\xa1\x97\x92\xfe\x94\xce\x1f-\xc0\x08m\x8d\xb5\xc1R\xf6\
|\xee\x0d!^\x8f\xe1=\x1b\xe7\xe0\xf1s\xca\xf5\xd8\
\xee\xb1\xce\xc3<\x98\xadO\xe8(\xf3\x02\x0d1\x01\xae\
\xbd\x0f\x1b\xab;8k\xb4\x91\xf9\xd8\xf3 &\x0e\xe3\
\xf7\xf6?\xa4mZG~(Q\x0f\x82y\xd9\xb0\xca\
\xd1EG\xbb)\xc5s\x96\xc6\xc3\xb7Qh\xcc\xd1Q\
\xf6\xbeW\xd9\x02ma},\xb9/\xab-\x8dJ\x8f\
\xbe\xa5p\x802\x9f\x91\xe1\x14\xb3\xd8\xe7!\xcf\xb1G\
\xd4\xd3\x9c\xf2\x84\xec\xd1\xf70\xba\xc4G\xe2\xc9\xc1P\
\x0a\xc6\xf6\xf7\x1d\x15\x9e[\x97\x01\xef\xceEQTQ\
\xf1[*\xcb\x0a\x16d\x99Z\xb0,\x17\xbc\xbc\xbc\xf6\
m\x88?GY\x0f\x7f\x8e\x86|\x87L\x5ck\x8c\x7f\
\xdfN@\xa8\x8e\xdb\xef\x80?A\x9a\xa1C\x1a\xcb\xee\
\xe1qh=\xf8\xc7\xbc&i\xf6m\xa9\x0d\xdc\x16\x1b\
|\x88\xa4s)\x13\x87\xae\xefr}l\xc3\x8b\xab?\
\xa3\x0fu\x9c\x0e\xcf\x89\x9e\x09\xdeR\xcf\xed\x95\x90\xf7\
T\x9e\x1d\xca\xc22\xe4\x9a\x17\x0f\x02\x19\xad\x8b\xde\x1e\
\x9aGX\xa7\x8ai\xd6\xb9d\xf2\x80\x8a&\xf0ow\
\x9e\x9e\xb4\xbc\x04\xcf:\xab\xdc\x12n\xc0o\xae\xb5\x83\
D\x19\x0cb\xf5\xf1#M\x11oH\xe0\x9f=\x13\xe9\
9\x05\xd4i\xc1\xaf~\xfd\xf7\xf8\x87\x7f\xfa\xbf\xe3\xbb\
_\xff\x96\x9eS^O\xd6\xd3\xe0\xb8\x9f\xaf\xcb\x04\x8e\
k\xfc\xa1\x1f/|\x8f${S\xec\xe6sxcs\
\x08\x9a\xcf\xc3s\xa4\x0f/\x01O0x\xbe+\xc9\x0c\
\xc2\xd1\xfb\xf5\x97\xe7=\xcf\xa3\xdb\xd8\xcdm*g\x9d\
)\x85\xden\x06\x00\xa7:i\xae8&\xb6\x9f\xc0e\
\x01r\xcf\xe8(\x13\xf6;d\xd6ZCli\xaby\
\xe7\x87\xbb\x0e\xb8\xdd|\x9fW\xbag \x03xP_\
\x0d2\x13\xfc[\xb7\x15\x8b\x82\xb8\xb4\xb6a[\xb9\xe2\
\xd3\x01\xaa\x00\x00\xff\xf4IDAT\xed\x96\xcf$\x06\
9)\x08\xd4\xa9`\xaa\x13\xeb\xdc\xef\xd8\xe4\x8dw\xb9\
\xd2\xd3\xd1A>B i\x06\xf6Zk\xa8\x13\x03\x8a\
\xf8\x85\x18\xe7v\xc2kT?\xa0\xce\xcb\xdc\xd3&E\
\x0b\xfe\xf8\xf8@D`\x9e\x19\xc5\xb7\xc8\x9b0o\xb1\
n\xda\xa2<M\x13\xae\x97W\x94Z;\xe0\xbdm\x8c\
x\x0d\xad\xdb\xe7\xb3p\xd2I'\x9dt\xd2I'\x9d\
t\xd2\x7fh\xca_X[\xfa\xb5\xd9_l\xf3/\xd7\
\xb0Q\xf2\x15\xda}\x01~B\xc7\xfcge\x8f\xf7J\
U:M\xa9}\xces\x00\xcfD\x7f\x9at\xafvh\
\xb0\xcadu\xd3\xf06$\x1b94(\x5cVV\x0f\
\xafm\x09\xd9P\x01\xb0\xde\xef\xe3\xc0\xf9\xc4g\x1eS\
7\xc0\xba\xe1\xe5r\x89\x89d\x8c\xe5\xbaY~C\x1e\
N\xa7\x01~,\xffK\xc9e\xc3\xe37\x89\xbdl\x14\
\x1ei\xcf\x93\xc54\xf4j\x97\x1f\x01\xbe\xb9?\x00\x02\
\xb6\xccn6\xf8r;\x08$/\xab\xc1\xd3\xd0\xd7\x15\
\xab\xceT\xda\xfa\xf9d\xa3\x7f\xb2~4\x8d\x0a7Y\
\xf6\xe8\x9e~wy\x93\xe5\xad\xf2\x91\xcc\xf0\x83L\x8c\
'\x1c\x89\xe3\x1b\xb0\x9eeiY\x0c\xb2^\xb0/g\
\xe7r\xfdj\xd7Q\xc8\xc7IrCh\xbbr\xd3\xc1\
\xf7\x8d2\xe9\xe7\xb6\xb1\xbc\xe7e\x18\xdf\x03X\xe9\xcd\
\xa6\xeb\x02\xf6\xcb\xf6\x99\xac\x91\xf4b]O\xfc\x16c\
+k\x91\x80J\xadX\x96\xab\xceZK@\xc7/\xa0\
g\xe5\xbb\x8e\xa52G*\xe2\xe5H\xd1\xb1\xbcB\x8f\
4\x8fFr\x8c\x9d\xfcy\x96\x22\xef\xb9\xf6x]\x11\
=\x8a/\xd3\x1d=\xb7\xcb\xd8[\x7f\xd94\x10\x15\x05\
\x93\x04\xa4y\x138\xe7\xf3\xc7\xb8f\xf8\xda\x1a\xbd\x81\
F{\x07\xbdx\x22\x83R\xc6\xaeo\xb6\xbb\xf1\xec2\
\xf0\x5c\xc1IQu\x03|\xe6\xaf:\x03\xad\xb7S\x92\
\x1c\x14`\xc3\xc0G\x18DR\x00\x82\x00\xb7ZN\xd3\
\xc4\xed\xbf-\xb0\xad\x1b\xa2q\xdc\x9c\xfb\xce\x1e\xc7P\
\x02\xd0\xb6\xdbZ+\xa6\xa9\xf4\xad\xbf\xf6 \xa4\xd7\x19\
x\xfe^\x05\x00\x9e\x7f\xd7\x9b\xc1\x00\xff(\x03\xc9\xa2\
\x05J\x9d\xf0\xe5\xdb\xdf\xe0\x9f\xfe\xc7\xff'\xfe\xe1\x9f\
\xff3^^\xbf%\x90\x88\xb1P\xad\xbf\xf1)\xf8G\
z\xa6wHr\xcf\xb2\x7f *\x91\xf8\xb6l\xb5&\
\x1e\xaa\xe5ul\x06\xc7g\xc2\xae\x1f\xb7\x99\xf2\x98\x1f\
(e\xfc\x88\xc7\x16\x88\xde\xe5\xf9\xcbm\xb9\xbf\xd0\x96\
\xd4m\xbb\xef\x80\xbai\x9e1M\x0bP\xd0\xcfcm\
\xe9<>\xb6\xf5\x5cFG\xd9\xf9:\xf3\x10~\xd6\xeb\
s\xe0~\xe7y\xaf\x80=\x0f1d'}^\xd7\xb5\
\xebk\x8e\xe8\xbbm+\xf5K\xe0\x19?#|\x0e\x1f\
\xe7y\xb2\x1e\x08\x90\xbf\xaf+\xee\xb7\x1b\xb6u\x03P\
\xb0%\xa0\xdc\xd1y=N\xb77M\x13\xb6\xb6\xe1v\
\xbfQ\xae\xdb\x86M\xa0\xe0r\xbd`\x9e'\xa0p\xdd\
\x95\x89\xe0kk\x0d[\x02\xf8(\x0b\xa6\xbb/\x7f\x97\
(\x02:[\x0b\xc4\x16\x98\xea\x8c\x00\xf0\xf1\xfe\x8e\x8f\
\xf7w\x06\x1bY\xd7\xfe<\x8e8\x01\xc0\x93N:\xe9\
\xa4\x93N\xfa\xab\xa0\xd3\xfb\xef\xa4?\x17e#!\x83\
~\x19\xfc\xfbc)\x1b\x11\x99\xf2\x97\xfb\xa3\x01\xf0\x19\
=o\xab<?\xf8?\xdd\x1e\x0d\x09f\x8f\x02\x11\xc3\
\x98\xa7U\xf3X\xcf\xe7c\xd9\x9a\x0dy\x84\xa8V\xe7\
\xbf8\xda\xa9\xda)j\xe7v\xbba\xeb\xe7\x13E\x07\
\xa1\xf8\x22\x0d/\x16\x8f\xa7\x08\x80R\xa7\xa2\xcf\xe4\xe5\
z\xb4m\x1ee\xf2L~c\xdc\x87\xf4'emH\
\x92\xf6\xe7\xdf\x1del#\x12I6\x96\xd5\xb3\xb6C\
\x06\x99i\x8c\xcf \xa0eE\xd9eC\x95E\x99\x9e\
\xdb6O-\x02\xf7\x8d\xc6\xd3v_{\xa4\xc6\xb1U\
\xabW\xe9\xf2\xc82\xe9\x9c\xd0\x9a\xde\xbf\x1e\xc4\xccq\
\x14\x19\xe9\xa6g\xf35\x88\x11xY\xfeQ6\x83\xac\
\x13l\xab\xd8\xf3\xc7m\xab\xbe[\xa0\xdc\xc6\x9a\xee\xf3\
!\x86\x8f\xfd\x85\xc0m\xca\xf20\xd4DE\xc0\x84\x87\
^\xc0?\x04\xcaX8\xf3P\x12\xc0\xd7y8`\x89\
\x06]J-\x98\xa7\x05\xcbr\xd9\x95\xff9\xfaZ\xb9\
g\xeb\xa5\xeb\xdb\x931R\x06\x92\xb1p\xa8\xbd\x92\xa8\
\xae\x96n\x93\xecX\xd7`*\xdb\xb6\xca\xb0\xb8\xcf\xc4\
;\xf2*\x90,\x1a\x80M@,\xd3\x0b*\x10\x04\x10\
;O\x19X\xf3\xdc6\xeay\x96{&\x97\xb3,\x9c\
\x1f-\xc4\xb3\x82m\x08\xec+\x00\x96iF\x9d\x08\x19\
\x108\xcf2c4\xdf>\x12\x01\x0cy\x1e&{\x87\
\xe9\xf8\x83I\x11zc\x0b\xb4\x1b\xa3\xf0\xf2yY\xfb\
\x8b\xda\xe29\x9b\x18\xd5w\x9a\x04F\xf25k[i\
\x9d\x08\x16KuP,\xa5\xfe\xbc!\xf55-9E\
\x04\xe6\xcb\x15\xbf\xfe\xed\xff\x80\x7f\xf8\xe7\xff\x09\xaf\xdf\
\xfe\x8a\xed \xad)\xc8\x9dM\xb3p\x94\xe73\xf2\xd0\
\xb3\x0c:/\xcf\xf43\x97\x03?,r\xa9c\x1d>\
\xf7\xb46\x992\xe6\x22\xfd\xf0\x91\xc9\xf7\xe6\xa3\xb5\xa0\
\xbeyli\x5c\x96\x91\x9f\xad\xa5oieZ\xd1g\
T\x00@\x9d\xe4%\xc7\xfa\xb50*\xb3[\xb3.\xac\
~\xee\xee\x02\x82\xa4gQ\xea\xbf\xebfz2\xb8O\
n\xe5\xf5\xf3\x7fC)@\x95n\xf99^kE\x03\
\x9f\xf5[\xdb\x00\x04Z[\xb1\xaew\xfdxD\xa0\x9c\
\xdfe\x08\x04\xae\xeb\x0a\x00\x0c\xae\xf1r\xa5\xa7]\xde\
\x0a/\x0f?DC\xa9\xc0\xbcL\x00\x1a\xd6\xf5\x86\x8f\
\x8f\xf7\x9d\x9c6m\xc9-\x0a\xbe1\xcf3\xa0\xa0\x1c\
\xdb\xb6\xa1\xd4\x8a\xcb\xe5B\xef\xbeR\xb0\x05\xd7Zl\
\x0dS\xa1\x5c\xd7u\xc5\xc7\xed\xc6(\xbe\x0a\x22by\
y\x1e\xa0\xe7\xa2AG\x80^\xd3\xe4\x83\x91\x8boj\
\x03\x01L\x13\xb78\x973\x08\xc8I'\x9dt\xd2I\
'\xfd\xe5\xd3\x09\xfe\x9d\xf4\xe7 \x7f\x19\xcf_2}\
\xedW\xa6\xaf\x19C\x91\xbc\xc1\x8e\xf5\xfeX\xfa\xac\xfe\
3\xe3\xe1\x91\x82\xd6\x5c2,\x1e\xda;\x1c\x9e\x0e\xda\
Fl\xb7\xc8\x22\xfa\xcc\x88\xcb\x86b\xa2\x22\x0f\xa8!\
7\x1ai\x96\x0b\xcf\x0d\xea\xac\xb9V\xafk\x83\x86u\
K\xcf\x03v\xf6\xe2\xcf\xd03\xb9p\xfcG\x99\xd9\xf0\
\xb4!\x99\x86\xcd\xfc\xcfd\x9c\x0a\xba\xdd\x88\x81\xea\x1c\
\xe7(B\x81\x08L\xd9\xf0Le\xddN\x965\xef}\
~\xd2h\x0f6H\x95o\xeac\x12\xadm\xa3\xf04\
\x0f\xd1\xf9\xe2 \x06+\x9a\xcfto=b\x99,\x99\
\xe3d\x8c\xb9\xde\xa7}\x9d\xf283E|&\xfb\x9c\
\xb6\xaf\xcb\x9c\xa4\x91j;o#\xe4\x5c\xa5<\xcb\xde\
r\xa5\x90\xba><\xa3\x10\xd0R!\x0f%5\x1e\xdd\
\xcbD[{\xcbh7\x8f\xa5\x08\xc0*\x02\x86\x82\x0c\
\x01\x95`\xd0\xcb\xcb+\xae\x97k\x97\xfb'l\xec(\
\xeb\xd9\xcf\xd1ge:fn/F\x0f\xed\x00V\x92\
\xbaD\xbb\xe4\xc8(\xe1&j\x92Ar=\x0f0\xbc\
\x0c#Uq\x1e\xcb\xed=\xd5\x90\xf8\xe5\x18\x05b\xe5\
\x88\xdbl\x92\xd7O@ \xec\xe4O\xfe\xe8MH\x0f\
(^k;\xa1\xb6v\x160\x80\x02\xf4\x9c3\x00\xe4\
\xce\xbc~\x8e<\xee\xfb\x22\x11\x1c\xa27!\xe4\xf9\xd7\
b\x1f\xbd\xb8\xa4\xe7n\x11\xa0\xe2:\x06\xfd\x0c\xfc\xcd\
\x13\xcfe\xabU\xa0aa`\x99\xec\xf2\xcd\xa9\xd0X\
cD\x1bn\x00./\xdf\xe07\xbf\xfd'|\xf3\xed\
\xdf\xa1N3\xf5\x0c\x9cw\x8e\xea\xf9\xb3\xf23\x1ae\
\xb3\xdc\xf7u\x9f\xb5\xf5,\xedH\x99\x8f\x80<\x22u\
\xa6\xde\xf1\xb3\xc7?\xd0\xed\xdb\xf5\xfc\x0c\xe0\xb9\xc8\xab\
z\xa7'%\x8d_\xf5\x0d\xf6Q\x94\x83\x0f\xce\x13%\
U\x05:u\xafTy\xab\xf9\x0c@kh\x95\x17\xe7\
`\xcd\xed\xed\xc7\x90\xfbi\x8d\xc1+ O=\xf2K\
\xbd\x9f\xe7\x19\xb5N\xea+\xb0\xad\xec\xdb?\x0e\x85\xce\
\x9e\x0c\x10$\x0e\x00\xeb}E\xeb\xe7\xe4]0M3\
\x8at\xb0V\x83\xea\x05m\xdb\xb0\xdeW\xdc\xd7;n\
\xb7\x0f@\x9f]<\x8f\xd4\xf2\xa3>MuDJ6\
\xf8W\xbd\x85\xb8\x10\x8c\x03\x80yY\xb0h\x1b/\xc7\
CO\xbfm\xdd\x80(\x98\xe7\x19\xdbF\xe0\xaeV\x81\
\xc1\xd1\xb0mw\x04\xb8%\xb8\x16\x9e\x99\xd9=\xfb\xb4\
\xedx\x9e\x09J\xce\xf3\x8c:\x15\xac\xf7;\xd7\xd1\xc4\
cG(\xa3\xc69H\xb2>\xe9\xa4\x93N:\xe9\xa4\
\x93N:\xe9?\x18E\x02\xf8\xfc%\xd1\x9e~~\xe1\
hP\xfc\x8c\xcd\xd2\x8d\x95'Fh\xa6_b\xfc<\
\xa3\xdc\xee\xb3>F\x9a\x8cS\x1b\xa8\x19\xd4d6h\
 \xa6k\xbfz\xe4\xcb1\x96v0\xack\xa9\xa0\x01\
\xbf\x07\xabH\x042\x8a\x00-\xd2\xf8\xc5\xdel\xb1.\
\xf3v\xb5K\x91\xa1C\xa3\x8d\x06G\xce\xfb\x9c\x06\xcf\
\xc7\x9c=\x0dY\x88\x7f\xcb\xe9\xd0\xfc\xe3\xd8hV\xed\
\xeaj\x04\x01\x82\x0a\x81@\xf1\x81\xf0I>\x96cS\
=\x1bR\xbd\x8f\xd4w\xe7O\x80\x15\xcf\x82\xb3\xe1J\
\xfb\x93^!\x83?{y\xf8\x8c%\xcb\xc2^X-\
\x18\xfdsUD\xc6\xfb\xfd\xa6H\xa7\x03<\x04\x08\x00\
\x14\xb1\xb3\x97\xe7`p\xcc\x83\xe7Fsm/\x96\xe2\
\x16\xf6t\x94\xe7\xd8b<\xca\xba\xbd'\xa2\x17\x19\xb4\
\xdc\x97\x19\x9b\x88\x87\x02D\xa4-\x91J\xb3\xa7XH\
.~\xf1\xbe+\xa7\x9b=\x90\xd2}\xde\x97\xbd\x96\x04\
\xf6\xf5\xb3\xd3\xfax\xd8x\x07h\x0b\xbdU8\xa9\xe8\
g\x01\x1a\x19\xa8u\xc6\xb2\x5c\x00\x1d\xde\xcf\xb6\x1f\xe5\
x\xa4\x9d\x1e}Fy\xbd\x1f\xb3\xc05\x7fX\x8a\xd4\
\xf1\x94\x98\xf5\x1d%y\x07z{pP\x0en*@\
\xbd\x03\x1aJ4\x896\xc9\xa7\x8f]\xdbh7\xad\xa1\
 \x88b\xe0\xbb\x14\x81,A\x0f\xc3\xddX\x05\xbc\x0e\
\x1e\xc6Y\xad\xecB\xed\xe7\xfa\xfa\xe7g>\xf9\xe2\xf3\
\x88\x00Fa`\x01y\x7f\x9bW\x9f\xc7\x87\x04\x92\x8e\
`\x1f\xec\x8b\x00%\x01\x99i\xaaX\xe6\x05\xcb\xbc\x8c\
1\xa0\xf1\x1c\xc9\x82\xe1\x0a\x9a\xd7M\x07\x00Y\x7f\x9a\
\xf5\x9a\x98Vj\xc1$\xf0\xb8\x94\x22/\xc9\xb1j\xad\
\xd7\x16I\x7f\x8e\xd4\x19\xdf|\xf7\x1b\xfc\xf6\x1f\xfe\x07\
\xbc|\xf9\x0e\xb5zs6\xf9\xe6\xba\xf1P\x9f(\xc9\
\x81\xf2\x1c\xf09E9\xff\x82\xaa\x9d\x8emH\x13w\
D\x99@\x0a\xa7\xb2z\x86\xf2z\xa8mno\x04!\
\x1a\xe0\x1f\xd3\xf33j\xf4HoP\xe6\xef\x7fX\xa1\
\x8c\xac\x0b\xdb\xb6a\xbb\xaf\x94\x9bA\xc2\x00r\xe4c\
\xf3T\xd4\xee\xf8\xec\x1b\xbcx^L\xc7\xe70\xd3\xd8\
\x92y\x82\xf8\xb3\xden\x1b\xb7\xd37\xd0\xbb/\x1a\x7f\
\x80 \xa87a\x9e\x17\xa0T\x9d\x83\x17\x98\xe7ex\
\xe7\x81\xdf\x0b\xe8\xe5' \x5cg\xfd\xf9\xbc\xbf\xfc\x1c\
]W\x8e\xdd\xfd#(\x13\xcb\x8a`\x1c\x03w\xf8\x5c\
\xbeM[\x81K\x0f\xfcA\x19l\xeb\x8a\xa6\xf6\x03\xf4\
\x94\xbc\xdd>$\x1f\x01\xee\x85g\xa12\x9a\xf0D\xef\
\xc0\x8f\x0f\xbc\xbd\xbdaU\xbb\xd3\xc4\xf3\xfeJ\xe1\x19\
\x99\xeb\xb6!\x14\x81x\x9ef=S\x1a\xb6\xb5a\xdb\
\xce  '\x9dt\xd2I'\x9d\xf4\x17M\xa7\xf7\xdf\
I\x7fJ\xf2\x97o\xbf\x0c\xf8u\xa3bg<f#\
\x04\xfaZ\xff\x9c\xf2\x17\xfa#E\xf6\x14\xfb\xa5F\x96\
\x8d\x88~\xf7\x9cr\xbf\xa5\xf0W\xf6\xdc:\xcd\x08\x99\
:\x05\xe9\xa0\xfcaL\x15\xd0+\xb0\xca\xb8e;\x8f\
mg\xb9\x95R\xe4a5\x0c\xaa\x92\x8c\xe3\xd0\x00\xbc\
%4bD\xba\xdc\xc9\x16\xf6\x82\xc9\x06dt\xa3*\
S\xae\x9by\xcb<\xd9hR\xce\xc3\x18\xb2\xec\x8fr\
\xda\xdd\x1f\xe6\xac\xa7\xcb\xcb\xc9el(q\xab\xf4\x93\
y-\x04\x9e\xfa\xedn\xec\xfb\xf6\xfalK\xf6f\x95\
\xc6 \x12^\xb4\x9f\x0b\xcb\xd7\xe5\xcd\xf3^.\xbc\xcf\
\xc6&\x0d\xcb\xf2 \xe7G\xca\x1b1\x8fc\xd8\x83\xbd\
Y\x5c\xbb:#\xb9\xd3\x18\xcf\xfe>\xa7\x0d\xa2&\x9b\
\xdc7\xaf\x0f\xa5\xd2\xf8ihJ\x16\x06\x04\x980Z\
\xeb\xe5\x05\x04'a\x0e\xfe\xd5\x9f\x01rw*\x00\xa5\
\x16m\xc9\xcceQ\x18a4\x01\x0fy\xbd\xb0q\x02\
9\x97\xcb\x15\x97\xebK\x07\x16z\x81\xa7\xb2xN\xd9\
\xe3\xf1\x98NJ\xb9r\x1c+H\xae\x86\xa1\x22\x12\xd1\
3}\x92\x08P\xba\xea{\xac.;\xca\xef\xf5!\xfa\
\xcb\xed\x14\xf5\xd5\xe75\xcd\x89\xd7^k\x8d\xc0b\x8b\
.K\x16\x0d\x1a\xfd\x8d\x00\x84\xcf\xc6\xebk\x13\x04\x12\
[l\x00\x14\x00\xa3\xd9\xfbN Z-\xda\x06\xac \
\x1duD\xd5\x85\x80\x1f\xf3\xc29WdV\x7f^D\
p\x8b\xae\xbc\xa1J\xd1Y}\xcb\xcc\xb3\xe1\xb4\xad\x92\
\x9eZ\xde~/\xc1u\x11Q&\xb5P\x87\xe6\x99\xde\
~\xd3\xc4v\xc9\x97\xa2\xc3\x1e\xb7\x0bS\x9a]\xce~\
\x0e\xa8I\xaaq\x9d\xf1\xe5W\xbf\xc1\xb7\xdf\xfd\x16\xd3\
\xb4H\xff \xbd\xd3z\x13\xefbH\xefIW\x9eP\
\x97\xc9\x03\xed?\xe7\x86.\xa4\x12\x07 \x8e\x89\xe6h\
OQ2Vj\xd4\xdd\x99\xbc\x09\xb0@\xd5\xb1\x11\x04\
\x9a\x95'ax\xcc\x81\xe0\xd9s\xbc\xed\xde\xd9E@\
\x9c\xcf\xb3\xa3\x9c\xf7\xdd\xf9\xd99\xcd\xb3~\x08\x1b?\
\x90\x11 C?\x8f.\xc4\xaf=\xf8\xe8u\x97\x03\xb6\
\x0c*E\x1e\xb3e\xcc\x03\xe7\x92\xbd;\xa2\xaf\xbf\xab\
\x94B}-:w\x10\x88\xaeo,J n[W\
Dc@\x1b\x96%\xe0]\xe4e7\xce\xe3d;!\
\xef\xd4\xcc\x83\x01\xc7Z\x15\xd4\xc3[\xc9\xe7Y``\
`\xb9\x5c:@jY\x84\x80\xc1&\xcf\xbdi\xe6\xf7\
\x8e~>az\x16\xac\xeb\x8a\x02F\x11\x0e\x04\xa6\x89\
\xc0\x1f\x22\xb0\xaew\xfdh\xb5\x02\x05\xb8^\xafZ\xa7\
\xf4X\xacu\xc2\xb2\x5cp\xbf\xdd\xfb\xd9\x9a\xdd\xeb\xd5\
?&\x9cQ\x80O:\xe9\xa4\x93N:\xe9/\x97N\
\xf0\xef\xa4?\x15\xf9\xcb\xb4\xbfX\x1f\x81?\x93\x0d\x13\
\xa7?\x18\x1dO\xe8\xd8\xc63zn,=Ro\xeb\
\x17\xb4\xf9i\xbf\xb9+\x01\x14a\x0f\x17\x8f\xe7\x00\x14\
B\xc0D6\xc2\xb2\x91\x96\xaf#\x81m\xbew\x19x\
\x8b$\xbb\x96\xb1!C^[\xe2\x0c<\x0dO\x8da\
\x14Q\xf6\xbc>\x0e/\xcfK\x08,(e\xa0\x1e\x8f\
2.\xe9\xf5H\x1eG\x84,L\xf5\x97\xdby>\xee\
G\xd9\xe7:\xb9\x5c\xcfO\x5c\xe418\x91iY\xf7\
\x5cf\xb4\xc76-\x1f\xb7&\x83\xf0\xc1+px~\
B\xfce}\x1f\xfc\xb3\xdfQ\x7f\xf4\xcdz,\xd3K\
\x1f'\xe5P\x9e\xb4\xe7\x85I{y\x0c\x19\xed\xcb\xed\
\xc7\xfa\x8cr\x1d\xbe\xdb0\x87\xea\xe7q\xc3\xf7*\x9f\
F\xb2\xcb\x1f)\xea_\xa5h1\x8b\xff\x9e\xe8\xeb\x82\
\x12\x09y=\xe8A\x1f\x87\xeaw\xe0\xc6e\x94U\xeb\
\x84\x97\x97Wz\xed\x88\xa2\xcf\xf0(\x8b\xdd\xa3H\xdb\
mw\xfd\xf5\xcbN\xd61\xd7s\x91\xa3\xc7\xebW)\
7\x5c\xe41%\x1d\x1db\xe6}\xee\xe9QW4?\
.\x97t\x91|\x0e`;\x97?\xeaC\x9fc\xcd{\
\x06\xed\xf8\x97\x86\xff\xb6m\xfd\xec\xb7&\x0f\xc3\xaa\xf3\
\xf8x\xc6\x1f\xb7PF\xf0\xdc>\x08\xfc(\x07>\xbc\
n\xdc\x87\xfb\x9e\xea\x84\xcb\xe5\x82yY0\xcd|\xae\
1b/\xaf\x09(\xf1|\xb4\xb6\xad\x88\x8d\xdb:\x0b\
8|o\x94\xae\x05\x98*\xc1\xc3y\xe6\xabG\xfa\x9d\
\x0c\xfc\xe9\xf9\xfcd\x92\xc9f\x92\x8f\xd2\xa6\xe5\x82o\
\x7f\xf5[\x06\xf9\xd8E\x95>\xb6E\x19\xed\xe9x\x8f\
]\xb9g|@\xfd\x1e\xf9,\xfd\x87\xa1\xb1\xae,c\
_;\xc7r\xefm$]\x18\xf2\x1f\xf3\xc12\x92\xa7\
\xfb\x0c\x96\xc9\xab\x85\xfa\xc8\xe6\xcc#\xc72\xf8\xdc\xb6\
\x0d\xef\xef\x1f\x80\x80\xd8R*Z\x04\xd6\xfb\x1d\xa1\x08\
\xb5<\xca\x82u\xd6;\xcf\xd9\xa3whA\x9d*\xc2\
\xdb_\xd3\x1a\x01\xd0\x83\xb8\xe4q\xc3\xf2\x82\x9f\x11N\
\xe4\xdb\xf0\x88\xf5.\x85\xb6\xe3\xa1\xf9\xec=\x00\xcb\xbc\
H\xe7\xb8\x9d\xd6:[\xe7\x09u\x9e\x09\xf05\x9e\xad\
G\x19\x03\xb5L\x88 (w\xd7\x18\xebT\xfb\xb9\xbd\
\xbd\x9f\xc6\xb3\x03?>>\xd0Z\xc3\xb2\xd0\xab\xf5\xed\
\xed\xad\x97\xf9\xe9\xa7\x9f\xb0\xad+\xb7\xaa\xcf3&E\
\xf3\xb57\xe0\xb2\xcc\xf4\x00T\xe4\xe0\x08\x82\xe0\xad1\
\xda\xf54\xcd\xd8Z\xc3v\xd7\xd9~\x92\xf1}\xbda\
U\x00\x92\x97\x97\x17F\xaa\xae\x8ah\xbcr[s\xa8\
\x9fP`\x93R\xe8\xb1\xbbm+P\xe4M{\x02\x80\
'\x9dt\xd2I'\x9d\xf4\x97G'\xf8w\xd2\x9f\x8a\
\xfc\x85\xd3\xaf#8\xf2)\x95\xfe\xe7\xab\xd4\x0d\x8f\x03\
\xed\x8c\x94\x9f\xa1\x9dQ\xb0\xcb9\x10\xad\x97c\xea\x8e\
\xbc\xd3.\x92wY7x\x06\xe64\xa8\x80m\xa6\x8e\
\x83\x96\x09p\x00\x19\xd0\xcfH2\x94R\xc8N\x11\xe3\
;C\xd9\xaf\xe8\x87\xedWo\xa5s\x97\xc9`\xdcw\
\xf3\xc0\xe5\x8e\x02c~\x0c\x84\xfc\xec|\xfe\x02\x0ay\
%\xec\xd2\xd2\xfd\xb3~rZ\x9eo\xa7q\xdc{`\
\xc1\xe5\xe8\x81\x92=\xf3\x02\x90\xc7Jn\x93\xef\x96'\
\xb73\xd2krl\x11\xa3\x918\xb6@\xe6\xfa\xee\xd7\
\x14\x09\x04g\x7f\xa3\x9dQ\xces\xb0\x1f\xff\xd7\xa8t\
\x0f\x92}_Gz&\xc7\xaf\xa5C\xfa4\xae\x1f\xc7\
\x83\x10\xb4\x94\xc6\x1f\xa1\xc0\x14\xe0\xf5\xae^x\x884\
\x88\x0d\x8a\x8d5\xe3k\x19\xe8\xbd\xbb\x9e\xcaB\x89,\
\x9f\xeeY\x94u\xbbo\xdf4\x10\xcf\xb5<\xcf\x0b\xae\
//\x8a\xc0\x89>\x1f\x9d=\xe8\x22\x8d\xbf$'2\
S\xe7\xdf\xe33o\x09\xbb4\xe84\x12\x93\x0cs\x8f\
\xbbq\x1d\xe4,\x1dE\x08\x84\x8c\x90w\xa5e>\xea\
\x85\xf9\xa4\x00\xc6cF\xcf\x05\xf6\xca\x0a\x96]d`\
>\x91\xe7.\xcfa\xd6m\x02~\x1bB\xeb\xa95z\
ryL\x06\x0a;\xb02\x98\x1b\xc3\x0d\xce]\xee\xe3\
\xf8\x0ep<\xf4\xd0\xd3y\x81\xd09\xa7\xea\xabm\xf4\
\xc0\xda\xeew\xac+\xc1\x09>\x1b%z\x83\x8dU\xdb\
\x85\xa7\x19\xf3\xcc\xf6\xaa\xd2\xa6\xa9\x0e 0\x81\x9cH\
3\xb2\x97\x10\xa9\x01\x98/\xaf\xf8\xe6\xbb\xdf\xe0ry\
\x95\x0c~\x8e\xf2|\xef\xef9\xec4\xef\x87\xb2\x9c/\
\x97y\xfc\xbc\xb0.C5K\xe6\xff\x939v{\xbe\
v\xb1m\xe3\x16S\x80`n\x9e\xbbR\xb4\x0d[z\
G>\x08\xc4\xb2\x1f\x0a~\x9a\xf8\x13U\x80\xdb\xf2#\
yF\x87\xcf\x9d\xd3\xb9}\xe6\xa7\xea|;_\x87<\
\xd7\xeaT1\x0b|C0J\xef\xc7\xed&\x80\x98[\
\xca9f\x82k~\xc6z\xac{y\x0e\xc9d\xb9x\
\xabn\xad\xb3~$ \x00F\xefB\xfe\xf83M\xfc\
\xf1\xe0\xbe\x12\xc8k\xfa\xf8\xe6\x0f;\x05\x11\xe4'\x10\
\xb8\xddWl\xada\xea@\xda\xa6\xad\xb4\x8c\xd8\xdd\xda\
\x90\x01\xcf\xf7\xa3,[\xe3y{\xf3<\xf7\xad\xcd\xb5\
r+\xee\xfd~g\x94\xdfE\xb2\xd0\xe7\xd1\xfd~'\
 X\xe5\xe1'y\xfa\xb3\x87\xfd\xd0\xdb\xcf\xf9\xdai\
\x9f\xd66\xb7\x07g\x00\xb5\xc5\x08\xd0\xe6\xcf0\xeaJ\
\xfa<\x84\xbc\x83\xeby\x06\xe0I'\x9dt\xd2I'\
\x9dt\xd2\x7f\x08\xca_6#E\xf8\x1d\x06\xc1W(\
[\x84_\xa1\x88a\xc0>#\xf7\xf3Y\x7f\xc7t\xde\
?\x03\xf9d\xf8&#\xf9\x19E\xd0\xa8\x1d\xf9\xd9\xd3\
Om<12|\x96\x15Ky\xfc4H,\xc7\xdd\
X\xe4\xb9`6\x8fr\xd8\x1b\x81lk\xdb\x9a\xbc\x13\
\xf8\x8b>\x8d4\xf4>\x5c\xb6\x080\xc9\x9e\x1e\xa4=\
\x1fp\xbf\xe2\xa7\xdf\xa7\xf1\xf1\x1c\xb2A\xbb1\xf0\xca\
#\x1ee\x12\xeb\x11\xb4\xa4(\x93q\x8e\xdc\xc8\xd7\xf9\
b\xbb\xb4\xc0\xd6\x080\xd0x\x91\x17\x91\x22\xa5\x9a\xe7\
,#\x1f\x80\xfeH\xe4/\xfa\xd9h\x8c\xe28\x0e\x87\
\xd78\xd3\x99f\x10\xd8A0A\x06\xb0t\xde\xba\x1f\
Z\x0fw\x9d\x0bh\xaf\x8f\xe7\xb2U?J\xeb\xb3\xa1\
\xf4\xcc6\x8b\xef\xe5y\x04\x04:Y\xc5>\xa11\xbe\
\xe7\xe9\xbe\xf6\x8b\xf2\xd6\xb5\xb6\x7f\xee\xce\x8f\xb3fP\
\xa4}<]\x97\xa9}\x88\xf4\x82\xd9\x0c\x02k.7\
2:+\xa3\x0d\x8d\xb7\x9f\xf9\x97)?Wd\xe4N\
\xd3\xdc\xa3\xc6>\xa3R\xec\xe5\xc4\xa8\xc9\x08=\x07\xdc\
\xff\xbeI\xa00\xc0H\xd7\xd4$\xbf\xbe\x99;\xcd+\
\x92\x1cza\xcb\x12\xd4\xed\xe8\x02\xb3\xec\xfc\x8fg\xdb\
\xb1\x0a\xe5\xecB\x01\xebt\x01\xa20\xf6w\x9eL\x09\
\xd6k\xc2\xbai#\xdfE\x9cg\x1d\xef\xe5\xc4g\xdb\
6\xbeb\xc3&/\xa0\x16!\xaf7\x82\x1f\xd0\xb3\x83\
\x9f\x01wl[C4\xca\xb6T\xf1\xa0@ \xdb:\
\x22\xbfWm\xc7e;\xf26\x0d`\xaa\xf4\xc4j\xad\
\xa9\xbc\xb6\x1f*\xc2\xe9*\x0f\xa5\xb6m\x80\xb6J\xf6\
ak\x0a\xe8\xf9\xa4 \x1f>\xebO\x9ed\x0e\xa6\xd0\
_\x9e\xe6<\x97i]\x8eM\x95\x15\x97\xeb\x17|\xfb\
\xdd\xdf\xe1\xb2\xbcvmu;\x8f\x94\x15\xc8\xf7$\xaf\
\xa5]\xa7O\x88\xed\x8ev2_\xe6\x0d\xd6\xbc2\xd6\
D\x9f\xe3\x03o\xbc\xd6\xb3S/\xf3\xd1e\x97\xd7\x91\
\xeb\xe8yk\x1d\x1a[\xc6\xe9\xb1\x19\x0e\xe8\xc2\x14\x96\
\x97\xa7\x9eu\xacN\xf4\xba\xb4\xaeD\x07\xfc\xb4\xa5\x1c\
|\xb6o\xf2\x90\x9b\xe7il\x0bo|>,3\xa3\
H\xd7I\xe7\xe5\xb6\x86\xfbz\xc7\xfd~c$\xdf>\
R<\x91\xb7x\xeb\xe7A\xd2\xa3n\x91\xa7i\x0bn\
S\xe6Ve\xd7\x1b\xc0h)\xd2\x1f\xb5y\xbf\xdf\xb1\
\xden<;R\x9f\x05\xdbFP\x8f\xeb\xa8a\x96\xee\
m:\x07pV\xe4\xe9U\x91v\xfd9\xf2\xe5\xcb\x97\
\x1e\xb4\xc3}\x05(\xa7\xab\xbc\xf3\xc6\x1ac\x19\xcbo\
\xdd6\xdc\xef\x042\xbd6\x02\x81(\xc0\xdaV\xdc\xee\
\xf4Z\xb4\xde{>J\xa9h[\xc3z\xe7\xf7\x06~\
N*hO\x1b\xdb\xfc[4\x94Z0/\x0b\xaa\xd6\
e\x91L\xa7rz\x00\x9et\xd2I'\x9dt\xd2_\
\x1c\x9d\xde\x7f'\xfd[\x93\xbf\xd4\xfb\x8b\xa4\x8dF\x1b\
\x1d\x9f\x91\xf3iP\x1cs\x0fdC\xc7F\xc91\xff\
g\xe8\xc8\xcb\xf1~Oj\xfd\x17t\xd2\x01\xac'\xde\
~\xf9\xbe\xd0\x92B\xa8\x1c\xbf\xd0\xbb\xd0\x00\xba\x5c\xc7\
\xc6\x9b\xe5\xc8a\x17v\x14\x03\xb4\xa4\xf1\xb5\x1f\x8f\xaf\
C\xdep<\x13\x89u\xf7v\xa9\x8dA\x03\x10\xb9\x8d\
\xa6nd\xd6F\x9e\x83\x01\x02>P\xd1\x9f'\xf26\
\x9f\x0f\xb2\xcf\x00]\xe7/\xfaD\x0f\x99\x10\xe8(\xa9\
}\x82N\xc1\xb1Un\x0b\xeb\xf2J\x86)\xfbe\x1b\
\x94\xe1#/,'\xf0\xa3\xd1\x94f\x1b\xe4\xc0\xe5\xdd\
V\xcd\xc0Ao\xe5\x00\xbc\xa8\x1e\xc1\x8c}:\xe5j\
\xa9\x9b/\xcd\xad\xfb\xb1.\xe4:\x9d\xdc\xde>\xf5H\
\x9fMU'\xc9+\xc1\x8dJ\xce\xe3%\x7f!\xf0\x0f\
z\x85\x02.0\x8fm\x01\x9a:\xcb\xce\xba\xcaD\xcd\
\xa9\xff\xb1\x1f\xd7Q\xc7\xbcM\xdeL\xbd\x8e#`&\
\xb9\xb0\x0f\x009hC\x19\xed\xf7\xbcZq\xbd\x5c0\
\xcf\x17v\xa3\xbc,\xc5\xb1S\xde\xbcR2G\xdaI\
\xea \xfe\xe1\xddx\xa0\x87\x04\xd2H\x0eVV0\x99\
\xaeU\x92\xc7~.\x5c\xab\xf4\xeb\x0c\xa2\x8e\xf9\xd1\xab\
\x09\xb6\xeaS7d\x9c\xc9\xba:\xfa!\xf5R^_\
\x85\x03\xa5\x87\xdfX\x0b\xa1\xad\x86\xac;\x00a\x0b\xaa\
\x88]z?1\x1f\x87\xad\xc5\xf0\xe3M\x80\xc643\
\xd0B\xa9\xf4:#\xb0\x22\x00\xdd\xde\x88\xdb\x8a\xd8\x06\
(j\x1d\x98\x0a\xb7\x8c.s\x8a\xf2+\x90\xa5Vy\
\xfde\x9d\xe9\xba\xaae\xe8q\xc3\xf3\xe0\xb1T\xcc/\
\xaf\xf8\xf2\xe5W\x98\xa7\x05x\xf2\x99t\x94\xadR\x7f\
\xe6\xfe3:\xce\x93\x93\x8b\xf4f_\xc4ke\xaf3\
ZS\x87\xb9\xed5\xec\x95\xec\xfb\x1e\xbdvlif\
]\x06\x81\x18\xc0)\xdb\xf5\xf6U37M3\xe7Z\
\x80-\xe7u\xc8\xd8\xe7,\xb6F\xaf3\xb7\xdf\x1a\xc1\
\xb0Y^\x9e\xe6y]\xef\xdd\x13\x8f?l\xe9\x8c@\
y\x09\xb2\x1d\xae\x9d\x08\xf4\xb9w\x1b$\xcdo\x7f,\
\x0d\xf9y,\x08\xe0v\xbf\xef\xb6\x1d\xdb\x83/\x22\x1f\
\xe1\xa0\xaa\xf2\xca\x0bm\xeb\x9df\x8d[g\x15\xce\x02\
9\xa1\x1f\xa7n\xb7\x0f\xac\xeb\xaa\xf3\x02\x8b<\xff\xc8\
\xe3z_\x19\xcdwY\xd0Z\xa3Gk\xf2\xe6\x9f'\
z\xf8\xc1\xbb\x03\xf4\xd9\xf9\xf6\xf6\xd6A\xc4\x82B\xd0\
N\x01A\x0c\xa0\x02\x05\xb7\xdb\x1d\x00\xfa\x1a\xb0,\x10\
\x81\xf5\xbe\xe1\xed\xfd\x03@\xc1\xe5zA\xa9\xe8\xe7\x02\
\xae\xeb\xcah\xcc\xd2\x93I\xc0+\x0ax\x1e\xa0\xda\xbc\
\x5c\x96\xd3\x03\xf0\xa4\x93N:\xe9\xa4\x93\xfe\x92\xe8\x04\
\xffN\xfa\xb7\xa6l`\x18\xfc\xb3\x01\xf9K\xe9ke\
{\xfb=![?\xa3\xccg\xe4\xfa\xc7\xb4_D1\
\xbe\xe7\xf7\xa4c\xdd\x18\x07\xa7?\xa3^>\x81t\xc3\
\x00*=z,CI\xaah\xf7(bB\x04\xbd\xeb\
(c\x1d\x96\x9f\x0c\xa6\x08\xf4\x80#\xfc%\x9fy4\
6n2\x22F[c\x08\xec\xa3\x18T1h\xd2\xc1\
\x9b\xd4w\x12\x07_\x079\xa8\xb9`H\xcc}r\xbf\
/\xdd\x00\xebcMe\x8a,n\xfb\x84E\xd0\xd3#\
\xcbB!7{\x1d\x04\xcfA\xac\xa5\xb2\xac\x0cM\xf7\
e\xe31\x83\x1a\xc7{\x83\x09=\xc2\xaf\xce2C\xa9\
@\x99\x802\xa1\xa1\xf0\xa5\xa8\x9f\x94\x97\xe4s\xd0{\
\xca\x8c|\x8f\xb1s>\x0c^x[\xd7C\xdd$/\
\x1b\x85\x99\xf2\x18H.3\xb6_\x1e\xa9 M\xdc\x13\
*\xb2\x86\x09\xb7Y\xb6~)-8\x1f-\xe8\x19\xd9\
b\xc3\x16+\xa3\xad\x9a\x1f\xcb=\xf1\xbc\xe7\xf5Hl\
\xdb\xf3\x0d\x88YFi\xe8`?\x9b\xecp\x98\xda\xd3\
\xb6\xc22\x90\x17\xe7\x0f\xe8Om\x1atGQ\xa4\xe7\
D\x01\x94\x1e\xdd\xf5\x89\x884\xae\x02\xa1A\x8f\x05F\
\x9a\xf9\xb5\xc8\x8e\xc5{\xb9\xe7s\x0a\x81\x09\x06\xb1 \
\xfd)\x90GdO\xa7\x8c\xfd\xb3\x00\xeb\x8f\xb5\xd2\xda\
\x06\xc8k5\xf4\xcc\xe0\x8bu\xb3N\x8d2{\x8f?\
\xcf\x99\xf3\xec\x8d\xeb\xf4\x16\xc0\xba5\xb4\xadu\xd0\xd4\
\xcf\x11\x03\x0b\x06\xc2[k\xd8\x1a\x03\x12dp\xbc\xcf\
S\xd8k\x8c\xd1U\xa7\xa9b\xd6\x16\xc7\xe5r\x91G\
\xd6\xac-\x8f\x09\xdc\xb8\xdf\xb1\xdd\xef\xfd\xbc?\xe8\x07\
\x0e\xaf\x1bG\xf7]\x16n\xf9\xb5\xb7\x95y\xec\xcf\xbc\
\x03\xf8g\xe2X\x93,\xc0h\xd7\x15\x13./\xdf\xe0\
\x9b/\xbf\xee\xdbA=\xed\xb9\x9d\xcf\xf5\xfeq]\x1c\
\xfb\x1e\xda\xf3y\x1b\xa4\x94\xdf\xc8\xdfX)$\xf7U\
\xf4,<\x12\x93\xa8K\xc99\xbd\xd7\xcbu\xf8\x03\x89\
\xef\x03\x11\x8c|\xdb\x9a\xbd\xa5\xf9Y\xe1y\xae\x95 \
_\x04\xba\xc7hO\x9fx\xee\x9f\xe7m\xf4\xc1\xb3\xf2\
\x22\x82\xe7\xfdUn\x89]\xd7\x0d\xadY\x9f\xf8\x83O\
\xad\x13f\x9d\x93g\xa09\x14\x11\xf8\xe3\xf6\x81m\xdb\
v\xeb\xcd\xc7C\xf4\x00/~\xce!:Xv\xbb\xdd\
q\xff\xb8a[WT\x10t\xb3\x1c\xbce\x16\xe0g\
\xae\xf9\xb1\xee[\xc6\x9b\xa2\xf9V\x9d\x9bG\xfeW\xbc\
\xbd\xbd\xe1v\xbb\xf5\xb2\xdb\xb6a\xd3\xe7\xab\xd7\x1f\xeb\
0\xe2\xf0\xba\x11(\x9c\x97\x09\xa5j\xecj\xd7\xfd\xae\
\xf2,_W\xf2?\xc6J\x8f\xc6\xd7\xd7W\xcc\xf3\xcc\
\x1d\x01\x1b\xcf\xd3,\x8a\xa6n}m\xd1\xf0\xfe\xf1\x8e\
@\xe0r%\xf8\xf8\xfe\xfe\xde\xcf8d \x16y\xe5\
j\xfeC[\xb3[\x04=\x02\xe7\x19/\xd7\x97\x13\x00\
<\xe9\xa4\x93N:\xe9\xa4\x93N\xfa[&\x7f1n\
\x07\xe0\xef\xd1\xa0y\xa4\x9d\xa1\xf2K\xca\x0b\x048\x1a\
8G2\x0f\xcf\x8d\x9dl\xcc\xec\xf3#\x04\xda<1\
\xba\xb2!\x94\xaf\x8f`\xd7\xc0\x09\xf6\xad\xb0\xbcsx\
oy\xd9(\xa2A%Yn2\xe8\x0d\x8c\x95\x82-\
\x86\xe7\x9f\x8d\xa6,\xefl\x84\xf8\x15\xdds\xe2\xb8=\
w\xb0\xde\xeb\xf5m\x94\x05\x11\xf4\xe6\x09ZG\xbdp\
\x81\x01O\x82\x94\xdclK\xef\x22\xb2&0\x22\xe9\x85\
\xef\x9b\xbd\x90\x8a\xa50\xfa7\xafY.jM\xd7\xe4\
\xc7\x14\xf2\xf4(\x95F\x9dA\x13\x07+h\x02.\xe9\
1B\x1e\x0c\x82X\x16\xc3\x90\xe3\x05\xc1U\x1a\x9dS\
Q\xd0\x09\x059@\x1b^\x98\xa5\x18@0\xdf{]\
\xb2\x9e\xe6\xb4>\xaf2\xe0\xbc=\xeb\x08\xba\xe4W\xaf\
\xdb\xaf\x9e\xad\x13\x97\xf5\xeb\xf9\xda\xb3\x8cM\xb9\x8f\xbe\
\x9d\xb7\xa7K?\x04\xee\x91on\xb1\xa4\x07\x16_\xc8\
\xe3\x96\xe7\x9a\x12{[\xa31\x96\xcb\xfd\xfa\x9a|\xc9\
\xabSm\x8ev\x87\x00\xf6r\xd8\xdft0\xa9\x93\xd6\
\x8a\xbd\x02\xa15\xa1(\x9f\xac5\xfe\xe6~\xfe\x18*\
1\xbcQ\xdd\x84\xd7\x08\xfc\x14Hl}\x1a\x10\xa4\xaf\
5\xe9\xac\xb6\xb0\xbb\x0d^\x19\xe4\x1d`\xe4^N\x02\
\xf2\x04\xb4q\xde\xa4\xffx\xec\xdcskyG\x02\xc3\
\x9d\x9f\xaf\xad\xbfM[x\xe9U\xb8_\xbf\xc8\xde\xbc\
\x87ua\x90\xc8\xc1\x0a\xf8\xcc\xe0z\x02\xb8\x15\xb7\xce\
3.\xcb\x82\xeb\xcb\x15/\xaf\xaf\xb8\x5c\xae=\xc8\xc1\
8:a\xf0\xba\xae7l\xf7\x1b\xb0q\xbb'A\x8f\
\x09\xcb\xe2 \x1f<Gm\xf2\x99\x7f\x8e`\x9c\xa2\xa4\
\x1f\xd7\x06\xbc&\x8a\x9f\xe2\x1aW\x00\x0d\x15\xf3\xcb\x17\
\xbc~\xf9\xae\x9f\x93\xc6\xb1\xef\xdb\xf0\xb3\xf0\x99bY\
&\x96\x19_\xbb\x22c\x9e\xfb\x8b\x94\xeb\xee\xcb\xb2\xd3\
,o^\xbb\xfc\xfe<\xbcQn\xff\xdc\xce\xbc\xb2\x5c\
\xc3\xb6\xd1\x0b\x8dey>\x1ct6^\xc8\xe3\xb3)\
\xe8\xcb<\xcf\xbd\xdd\x08o\xfb\xdd\xeb\xdah\x9f\xcfp\
t\xdd\xe0\x0f#\xf7\xbb=\xe2\xd0\x9f\xdb\x11\xdc\x92:\
M\x05H\x91w\xf9L\xe2\x99{\x06\xce\xbc>\xc6\xf6\
\xdd,o\xf7\xad\xcf%\xcdO\x8b\x86u[\xb1m\xf4\
:up\x8dI\xa0\xf14\xd1\xd3\xd0\xf2\x99gz\xd5\
\xaf\xeb\x1d\x1f\x1f\x1f\xbd\xfd\xa6\xb3\xf8n\xb7[O[\
\x15\xf8\xe3~\xbf\xa3E`^X\xd7\x9f\x8d\x8er\xec\
vQ\x80\x0f\x01z<\xf3p\xc6\xb6nX\xef\x0c\x0e\
\x02\x81\x85^\x03ooo\xdc\xba\xbc\xcc\xa8S!\xd8\
\xde6L\xf3\xac@\x1e\x0e6\xb2bY\x96\xbe\x9e\xfc\
|X\xd7\x15\x1f\xef\xef\x00\x02_^_0M\x15\xb7\
\xdbG\x1f\x83\xe7\xd4\x9f\x9b\x9e\xcbue\xb0\x13\xae\xb3\
\x05/\xd7W\xbc\xbc\xbc\x9e[\x80O:\xe9\xa4\x93N\
:\xe9/\x85N\xef\xbf\x93\xfe\xad\xc9\x06a\xe8\x1c6\
@\x96O\xe1\x97\xf4\xcf(\xf4\x1d}\xf7\xfa\xbc\xf8W\
)\x1b\x14\xa6]s\xb6\x93\x02;\xd0\xa9S7VS\
^\xb2\xad\x9e\xb5o\xb2y\x88\x82\x0e>\x84\x8c\x0b(\
=\x1frO\x83\x97\xdb\x17#\x1b\xca\xdd8\xe1\x06\xd7\
c\x9f<<\x9dFR-\xdcv\x13b}\xc7\xb6\xda\
\x8b\x18^\x806\xc4J?\xb0\xdb\x067\xf3wv\xa4\
\x01\x82\x83\xe1\xee\xfa\xbd\xa8\xb3$h\xf7\xd5{\x8c\xb4\
\x1f\xae\xe4\x9c\x9c\x96\xf9e\x83\xe3\x1d\x9do\xe0Q&\
\x94\xd3\xb8F\xc8\xe3\xa4p[\x19\xd3m\xccf\xa33\
\x1b\xe9Y&\xc0\xb6\xb9o\x96\xefc\x92\x90y\xcb\x01\
\x13\x88\x18\xc0\xc9\xb3q\xb4\x08n\x99z\x08\xf61\xc6\
\xedk\x8f\xd3c}\x00\xf9JI2\xa4a\x9c\xf9\xe3\
\xe5^>\xcf\xe8(\xe7gi\x1e\x13\x01\xa8\x0d\xd1\x01\
T\xcfG\x01\xe41\x17P\xb7\x07v\xcd\xcb\x11\x943\
\x08\xf7@\x96\xadu\xa9\xe3\xdc\xf2\xf2S]\x17\xedc\
\xe6\x8d\xda\x1d\xfd1\x8f:\xd8\xfb/E\x07\xe7\xd3 \
v\x7f\xcc\xee.\x82\x0f\xb4\xe3\xf7P&\x80\xbd\xfbo\
\x12\xfb\xb1\x1a\xfa\x0c[6L\xd8=\x93\x82\xa0\x1a\xa9\
\xf4\x06#\xa05\x95\xd3\xac{\xa3:\x04d\xf8\xa1\xc0\
2\x5c\x1b\x14\xc9(\x1c\xf2\xea\xc3\xc1\xb07YoM\
\x9b\x82y\x94\xc2m\xb8\x0009\xd0B\xf7\x1e&\x19\
\x18\x84x\x7f\xa6\xa3L\xd3\xabV\xcc\xd3\x82e\xb9`\
\x11\xf0\x12\x90w4\xb8\x0d\xf1~\xe7\x8f\x18\xdb\xba\x12\
\xa8i\x8d\xba\xd9\xb4\xce\x15\x9d{\x9a\x09\x00\xf2\xcc8\
\x818\x0a~P\xe5\x8d\xe6u\xe9\xfe\x01\xea\x89\x01I\
\xb6'\xd0Oc\xe0$\x00\xcb\xcb\x17\xbc~\xf3+L\
\x0a\x8a\x91\xc9\x91\xd69\xe6]\x96\xe8\x90X\xf8\xea}\
f]x \xf1Y\xc6\x9a\xd8\x91\x9eCq\x9cg\xcd\
i\x11\xe0\x94\x89\xe5\xf6\xcfD\xce1\xbd\x9b\xcdOk\
~V\xf2\x87\x16\x83\xcb\xfc\xbd(\xe9\x89q\xe9\x00\x0a\
\xa8\x1b[\xdbp\xbf\x13H\xb2\xbe\x94\xc26C2\xdd\
?_\xa8{\x8e~K\x90W\x8144\xa7\x11\xfe\x11\
\x82\x9ep\xb5\x10\xd8\x8f\x08l\x02\xfc\xfc\xbd\x84^\x82\
\xf4\x14,\x1d\x00\xccz(9p\xba\xf9\xb9\xa1u\xc5\
\x1fz\x0a\xe6yb\xdb\x8a\xaa;\x09\x10{\xff\xf8\xc0\
\xc7\xfb;\x22F\xb4^\x8f#\x14\xc9x]W\xbc\xbf\
\xbfw\xd9\xcf>+v\x93\xd7\xa0\x8e\xa8 \xc8\x09,\
\xcb\xc2\xf1\xae\xf7\xbe=\xfa~\xbf\xa1\x94\x82u[{\
\xd0\x90P\x00\x95\x8f\xdb\x07\xde~z\xc34\xcf\x98\x97\
\x09\xf32\xf1,L0(\x8fA\xd0\xfb\xfd\x0e\xa0`\
\xb9,<wQ\xcf\x8a\x88\x86\xdb\x07w\x09\x5c.W\
,\xcbBY\xc8\xbbp\xd19\x7f\xdb\xb6\xf6\xb38k\
\xad\xa8\xd3L\x1d\xa8\x15\xf32\xe3z\xbd\xe2\xcb\xeb\x17\
,\x97\xcb\x09\x00\x9et\xd2I'\x9dt\xd2_\x02\x9d\
\xe0\xdfI\xff\xd6\x94\xbf\xe8\x1e\x0d\x8b\xaf\x1b2\xe8\x06\
\xdb\x133\xe6\x17Pn{_?@\x83\xe2H2\xcb\
\x8e\xc9\xc9\xf0\xfa\xe3(\x0c\xfa\xd8\xb8\x15\x1f6`\xcc\
\x06[\xb7\x91cS_`\x9a\x01\xbftm\x8f?{\
\x96X\xbe\xeck\xf0\x19\x8d^j\x1e\x7fK\xdb~\x07\
\xf0\xc5\xf4\xd0\x99vH\xe7\xfe\xec\x8c\xb64~\xd9c\
\xdd\xe0\xf5\xdc\x9aG\x96\xc9\xc6\x93\xd2w\x22\xcc^V\
\xca\x10v\xe1\xba\xa5o[\x1cF_&\xa6\xdb\x88\xde\
\xe7g^\x86L\xca\x005\xbb\xe3\x97y\x18@\x03d\
\xcc:m\xf4M>\xb6\x8d\xb2*2vG\x1b$z\
\xebq\x9b\x9b\xef!\x835{\xf25\x9d\xbdh\xe3\xee\
\xa9\xcc\x1e\xee\x05\xe6\x04\xfa\xbc\xee\xfb\xf78R\xca\xa1\
\x9d|}\xe4\xdd\x94y\xf1uO\x0bzP\x8e\xe0\x0e\
\xde\xfa\x99\xeb\xa4v\x13\xaf})\x16h\xb2\xf7s\xd0\
\x19/\xbeW\xb9\x03\x0d\xde-\x83\x94\xfe\xa4L1\xc8\
Wy\xcd\x88\xc0\xe3\xda\xdd\x01\x8c$\x9b\x01@\xb3\x9f\
\xb4HW\xa4\xbe\xf6r\x9a\x9a\x93\xe4vi\xb9dQ\
F\xd1\xd2u\xfe\x90\xe4(O\xf9\xfb\xa5\x9c\xa7@\x0f\
\xd7\x85\xa9\xf3\x16D/Z\x8f~\xbb\x7f&Y^.\
\xcf\xb9\x1ds\x7f\xccwz\x1e\x7fk\x87\xe06E\xd1\
Z;\x0bZ\xcf\x84\x16(\xd7\xbe\xde\x07\xaf%m\x13\
68w\xb9(\xf0\xc24\xa3T\x82!\xb7\x8f\x0f\xdc\
o\x1fh\x02\x90\xeewn\xc9\xdc\xb6t\xae`k(\
\xd1P\x14\x04\x82g\x05\xca\xe3Omw\xc0\x22\x81~\
~G\x1a\xb3\xf5\xc9s0\xe6\x06\x92{`Z\xae\xf8\
\xf2\xed\xaf1):l&\x83\x7f\xbc\xd6\x9c\xf7\xe7l\
\x91\x87\xa0\xf3\x0f:\xae:_\xa3\xf1<\x1c<\xa6\x5c\
\xfev\xa3d\x8f\x89\xf2\xf7\xf8\x92\xbe\x88\xcc\x07\xe7\x8e\
i\x5c\xeb\xfelRZ:\xe3\xd1%Z\xd7m\x96\x0b\
y\xa3\xa1\x14\xcc\xd3\xc2\xba\x85\xcf\xc8u\xa5\xe7\x19\xbd\
\xe6\xd0\x9f\xb3\x06\x12!`\x99\x00!\xcf\x91Cp\x1b\
\xaf\x9f\xa9\xcb<\xa3V\x06\x9c\xb0\xae\xd9\x9b-\xc0\xe7\
\xef\xfd~\xe7\xb6\xdd\xce+z\x08o\xeb\x9c\xa4\xbd{\
y\xad\x14y\x0b\xb3\xfd\x86R\x80y\x9e\xd46=\xf2\
 `\xf0v_\xf1q\xfb\x00\x82\xc0\xa4\xd7k\x7f\x0f\
\x06\xcc\xd9\xb6\xad\xebc)\xdc&\xbb\x03\xd2\xea\x84\x88\
\xa6\xb6\xb4\x8eZ\xc3\xbc\x10t|\x7f\xbf\xe1\xbe\xde\x09\
\xda\xb5\xc6s\x15\xb5\x95\x19h\xf8\xf1\x87\x9f\xd0\x22p\
\xbd^0MS\x07@\xe9IH\xef\xc3UGM\x5c\
\xaf/\x98\xe7\xa5\x83\xe6\xb5V\xdcow|\xbc\x7f`\
\x9ag\xbc\xbc\xbeh[vC[\xb7\xfeH\x0a\x03}\
\xf2zDa\x04c\x04\x01\xc2\x97\x97+^\xae/\xda\
\xa2?\x9d[\x80O:\xe9\xa4\x93N:\xe9\xa4\x93\xfe\
\x16)\xd2\x960\xa4\xaf\xd34F\xf9\xc5\xf1hp\xf8\
\x8b;o\xf6e\x9f\x91\xcb\xb2\x99\x00z\xb0\x01\x1a,\
\xbd\xad\xd4\xc4\xd3-v\xa9\xdcH\x1a\xbc\x1cs{z\
\xef\xff\xb1\xd1\x9ew\x1c\x97\x0d+\xb0a\x83zC@\
\x03\xfc\xb2\xfc|\x1d\x07\xc0!\x1br!\xa0\xc9F\x1b\
\xcf\x1fb\x1d\x1a62\xc0D\x99\x1f\x08\xac\xf2v\xa8\
c\x9e\xfbq\xdb(\xe8\x1e\x02\x06\x0a\xfe(\x8a\x907\
\x93\xc0Oyk\xd0\xcb\xc1\xf3\xf7\xf5\xd7\x91\x8e\xe9\xad\
{\x19\x89\xe7\x18\xdb\x7f\x01\x06'\xa0\xac\xedm\xc2\xf4\
a\x08\x92\xcd\xa1\xc3\xc13\xc3&\x1a\x9a<S\xcf\xd4\
'\xafo\xff\x85\xcf\xb1r\xe4\xdf\xccs\x9a\xf7l\xb0\
\xf6\xec\xc38\xe9\x013\xa2\xe8r\xeb\xf2\xd0\x0d7z\
l'\xd31\xfdY\x7f\xc7\xfc\xfcr\x7f\x04WT\xde\
\x87\xf0EE\x89\xcam\x9a\xa9\x0d\xeb\x8a\xcb\x08e\xe8\
`C\xc0;\x83\xd5^\xaf,H\xf1\xc9X\x06\xaf\x02\
\x1ec\x00y{\xfdTs\x87&4\xcd,\xc3Jc\
\xee\xac+\x9d\x11V\x1ek\xee\xf9\xfa\xcb\xe4\xe1\xe6\x94\
\x0e\xb6\xb9i\x83\x8ae\xf0\xc7\x11eRJ\x97A\x91\
\xce\xed\x01\xfa\x88~:\x22\x02\x06\x06\x1dyX\x1di\
\xbb\xbe\xc9r\xb2~v\x9d\xd7\x1a\xe1<\x0f\x9dpy\
\xebA~\x1f\xba`/0\x02w\x11\xc0*\xd0\x9bk\
\xdb\x07\x01\x180\x1e/\xcd6\xa053\xe9|\xbf\xcb\
\xe5\x82\x97\x97\x97\xbe\xcd7\xd0\xb0\xae7||\xbc\xe3\
\xf6\xf1\x86\xf7w\x9e\x97\xd6\x83\x19\xacwD[Q\x0c\
\xfc\x15\xa0N\xda\xf2{\x99q\xb9\xec\xc1\xbf\x9a\x80\xbf\
*O\xc5~\x88[\xd7]\x8e+\xc2gQz\xda|\
\xde\xa7\x22\xda\xd6\x09/\xdf|\x87j\xf0\xefA5\xd2\
\xe4\xf7W\xa6\xfd\xec\xe74\x89\xf7I\xfd\xdc\x8e\xe5I\
\x0f\xb5<\xdf\xc3\x1f\x9a\x94\xe7\xd6\xef\xee\xcb*\xcdy\
\xf3\x8fw\x9a\xa7\xb0\x07\xb5\xe7}\xe8\x15\xf5\x81\xde\x81\
\xfcq\x83\xd5\xc6\xb3U\xfc%\xdda\x7fE \x97\xd7\
\xb6*\xea\xf3j\xdb6y\x1c\xf23\xcd\xe7\xfd\xd1\xc3\
sx\xaeV\x05\xbc\xf0V\xda\x08\x06!a\x04`m\
\xa7\x95\x97 u\xeb\x8a\x22\xcf\xba\xfb\x9d\x91\xd7\x9b\x8e\
x\xc8z\xed\xd7X/\xf4\x16-\xa5b\x9a\x16\xb4\x16\
x{{\xeb^|\xb5T\xac\xf7;\xde~\xfaI\xdb\
_\x09\x8a\xf9\xf3r]\x09BB\x01J\xae\xd7+\xe6\
y\xe6\x99\x84\x1f\x1f\x08}^W}\x96G\x04\xea4\
\xe1U[o\xb7mc\xa4\xf2\x89g^Z\x8fK)\
\x98fz\xe2\xad\x02:\xd7;?\xcf__\xae\x98\xa6\
\xd2\xc7\xe9\xef\x01\x061[k\x98\x0a\xe5\xe2#\x1c\x10\
\x05\xdb\xdapWP\x90eaT\xe1{\x0f~\xc2\xf3\
\x04\xa9\x1fz\x9e;\xe0\x8e\xe6\xe6r\xb9\xe0\xcb\x97W\
\x01\x8b3B\x9f\xa7\xa7\x07\xe0I'\x9dt\xd2I'\
\xfd;\xd3\xe9\xfdw\xd2\xbf5\xf9K\xf3\xf1\x8b~\xbe\
~FN\xff,\xff\xeb\xc4:\xc7\xb3\x96:\xb9o\x9b\
:\xa1\xed[\xbb\x22\xc3\xd8\xebi\xfa{\xf4\xfe\xc1'\
|\xee\xea&#+`{m\x80\x15\xf0\xbb\xbd\x02\x00\
\xf6\x93\xad\xb7D\xb9?\xf3\xfa\xc0o\xee\xb3\x97\xb1g\
\x9b\x0d5\x97\x1f\x80\x86\xcby+\x9c\xbb\x1a}\xba\xaf\
\x86mkX\xb7\x8du\xe4Y\x95\xe5\xe3:\xe6\xc1\xaf\
A\x04\xfc\xa2\x83\xc0\xe6\x95C\xdf\x97=\xca9\xd2\x5c\
\xdb\x0b\xe5\xb9\x0c\xc0\xac\x94FO\x92\x0c^\x184F\
\x02\x1fB\xdb\xb9(\x1f\xf6O\xa3\xcfmY\x9f\xdd\x81\
=b(#\x1bE\xe8r\x1d\xf9\xa6,\x13\x1b\xa7\xa1\
\xf29\xaf\xea<2PJ\xd2\x8d\xdc\x0esL\xc5\xfa\
\xd5\xf3\xf7\xb2\x0c\xe9\xfd1\xefx\x9dy\x08\xafe\xcd\
\x13\xd2\xb8\xfcb\x1a\xba\x9e\x14*\x05J\xe1\xda\xe9e\
,/\xf7\x05\x82x\xd0\xfbp\x94z\xbe\xe6`\xe0\xae\
K^\x00\x9b\xe6\x89\x19|\xef\x90de\xe9\xa2\xfb^\
\xde\xbc\xaa-n\x01\xe6V=\x97\x87\xc1:d\xde\x06\
\x05\xd4_bu\xf0\x97\xd6\xf2a(\xfbYd\x9d\x9d\
\x9a\x83\x93K\x99\x1f\xd3{\xf6>\xa9\x90\x97>wa\
\xd0\xdb\x10\x9bu\x94A\x17r\x7fyM4\x0d)\xcf\
\xbf\xf5\xb2\xe5\x1fuR_E\xdeK\xcb<\xa3 \xb0\
\xb6\x86M\xa0\x99\x1a\xd9\xfd@\xe3v\x5c\xd7\xc0\x8c\x81\
?\x83\x1b\xeec\xdb\x18q\xf5\xe3\xe3\x03\xb7\xf7w\xb4\
\xfb\x0aD\xa0N3j\x01\x22\x9dMX\xb4nk\xad\
\x8c\xee\xab3\xfe\xa6\xb9b\xf2\xf3\xad\xca\xd3\xafN@\
\xe1\xf9\x82\x90\xde\xd6\xae\x17\x9a\x94.\xe8!p\x8a\x97\
\xdei\x81\x8a\xcb\xcb\xb7xy\xfd\xb6{\x1a\x1f\xe7\xf7\
\x91\xf6\xcf\x83|\xedq\xfcL\x03\x89X\x90\xb2\xb26\
\x8f\xea\xbe\x8b\x08z_\x06\xb9s\x9f\xf4\x0aG\x1a\x9f\
\xe7Z\x01\xa5:\xe0\xdc\x18i}W??\x13T\x0c\
>\xda\x02\xca\x97\x978\xf8l,\xdd\xcbR\xad\xea|\
?\x82x\xac\xe3\xb4i\x9aP\x00l\x1b\xcf\xfd\xb3\xc7\
z)\x9c\xc3\x90\xe7\xfa\xd0\xa5\xc1\x03\xfc\x1c\xd3yt\
S\xadx}\xfd\x82R'\x9e\x99\xb7\xdey\x94\x81d\
Dp8y\x07\xa6y\xe1\x8f0n\xd6?\xaa\x01\xb7\
\xdb8\xcf\xcf@\xdc\xbaR7\x19\x8d\xd7\xb2)\x04\xd7\
7\x9eG8_.(\xa5\xe0\xfd\xfd\x1d?\xfe\xf8#\
Z\x1b\xdb\x84\x1d1\x18\x8eb\xac\xcf\x94\xb7\xb7wl\
m\x03\x14\xc5\xd7\xc1\xbbJe\xfb\xeb\xba\xe2~\xbb)\
\x0a/\xc1\xc2:M\xa8\xb5\xe0v\x1f\xc0_\xd1z\xf3\
g\xdd\xba\xae\xfa\xc1\xd0\xde\xe9\x00\x10x\x7f{\xc3\xfd\
v\xc3\xf5\xe5\x82y\x9e\xb1\xea|\xce\xd6\xbc\x0d:y\
\xcb\xea\x19b9\x5c\xae\x17\xbc\xbe~\xc1\xf5ra4\
`\x00?\xbd\xfd\xc4\xad\xda'\x00x\xd2I'\x9dt\
\xd2I\xff~t\x82\x7f'\xfd)\xc8\x06\x9e\x8d\xbb\xfc\
\x85\xda\xf4,\x0d_I\x87\xda=~9\x1f\xf7?o\
r\x0d\xca\xdeFJ\xc9\xd6\xb4\x8cnB\x00*\x9b\xb3\
\x0fd\xber\x1b\xc3(J\x86V\xcf\x1d7!#\xbf\
\x97\x15cG\xd9\xf9z7~\x9dk\xe4\xb2\xdd\x1b/\
\xd8\x22\xcb#\xc1-4\xa0 \xa3\x89E\x99\x97\xdb\xa1\
\x11\xe4/\xf6\x87~\xf5+~\x01\xb7?U\x8c3\xbf\
F;\xf4\x06\xe1\x8bF\x99\xdbg\x99\x01\x90\xe5~\x1f\
\x22\xb0\x8a\xf6\xb2u;1\x8c\xed'zVt\xe0{\
\xc8\x1b\x01 \xb8\xe9\xba\xa3\xbd1\xbe\x92\xb6\xa4A[\
\xa0\x5c&\x04L\x0e`p\xf0\xd4\xe4\x19\xd7\x14\xe5\xd2\
FQ\x06UL\xdcB;\x0c%H\x1e<$\x7fx\
}xLU^J\x06\xdf\x22@})\xe0d\xb0\x85\
>\x0e\x80\xcb\xc0\xe3|P\xf4D\xc7\x9c1?\xeek\
\xff2\x1d\xeb\x01\x10:\x96\xf9\x1a\xe5\x99\x12\xa8Jj\
H\xa0\xdf\xa1=\xeb?0@\xb5c\x7f\xd4i\xa7\x1b\
\xa8;\xae\x95\xe1\x8fX\x8a@>\xa5\xbb\x01\x03\x80n\
\xd4g\x00\xa2\x14\x94\x90\xbfWI\xc3zJ\x87q\x86\
d~\xa8@\xc7&\xcf\x07\x03F\x00\xba\xedy\x16K\
>[\x8e\xa9\xe3\xe7\x0a\xae\xed>\x1f\x12%\xbb\x13@\
\xdc\xe7\x8ck\x10\xfd<\xaf\xd1)\xf5\xd3e\xec\xe9\xa5\
\x1e\x0e@\x9f\xebx\x0d\xf4\x14\xaf\x8f\xc3\xfa\x0b\x9dG\
\xba\xc5F\x19+1\x83(\xd0|L\xd3\x84E\xc1\x08\
\xfc\x9a\xedAx\xbfc]\x09\xec\xad\xeb\x8a\xdb\xbb\xb6\
\xfd*\xb8\x03J\xe1VH\x81En\xb3\x16`\x9e\xb8\
%\xd1g\x06N\xd3\xc4-\xf7\x02\xfej)=\x8aw\
\xa9~\xde\xe9\xe5g\xc2a\x12\xc9\xfb\x0019\xd0\xc0\
<_\xf0\xfa\x0d#\xfe\xba\xce\xe7\xfaB\xeaz\x97(\
\xcb\x16p#\x8f\xbadr\xf9\xd2\xc1o\x17\xf4\x0f\x05\
\x8f\xcf\xce<\xa6=\x0f\xaa\xaf\xb6\x5c\x8e[I]\x9e\
}F\x9fo\xa6\xb9\xee\x93!!\xfaV]ii\xd0\
\x93\xbaVF\xf8\xdd\xb6\x15\xeb\xd6FZ\xb3\xce\x92\x8f\
y\x9av@\xa4\xfb\x88\x1e\x90\xc6C\xcd\xdbs\xb9N\
Jap\x0b\x7f^-\xcb\x05\xd34s\x0b\xf9\xed]\
\x1e\xef \xa8\xa9q\xdb\xc3\x9b\xfd\xe4\xef\x1b~\x96\x8f\
\xfeo\xf7;\xee\xf7\x9b\x8e\x15\xd8\xff\xe09\xeb\x1c\xc0\
\xd0v\xdbZ\x09>\xcf\xda\x82\xde$\x97\x8f\x8fw\x94\
\x02\xbc\xbc\xbc\x0a\x00T\xf0\xaa\x84=\x7f\xdcox{\
\xfb\x09\x1f7\x9e\xf5W+\xe8\x05\xfb\xfe\xde\xcf\xdeD\
\xe1gz\xa9\xa5\x07\xb2!\xbf\x0d\xf7\xf5NY\xce3\
\x83\xa1\xf8\xf3\x0e<7p\xdbx\xacC\xc4&\xe0]\
^\x8coo\x98\xe6\x09\x97\xeb\x95k\xf0\xceu\xd7\xd2\
\xf9\x7f\xf0<\xcd\xf4H\xbc\x5c.x\xb9^q\xb9\x5c\
1\xcfK\x07\x8f?>\xde\xf1\xfd\x0f\xdf\xf3\xf3Q\x12\
=\xe9\xa4\x93N:\xe9\xa4\x93N:\xe9o\x80\xfc\x05\
||\x11\x7fN\x9f\xe5=M/\x82\xb0\x0e\x16\xc6\xbe\
\x0f~\xe9\x7fF\x0fm\xa6\xa2\xb9\x0d\x1a\x136\x1eR\
kO\x9a\x1du\x1e\xdf\x9f\x8d\x9d_\xb8u\x00\xbe\xb6\
\x7fF\xd8\xc3\x87ARr\x0d\x1aX\xe3\x95\xd3\x07\xb0\
\xd4\x13;D\xe0h\x874\xb0\x14\x89/yEz\x0b\
\x93\xdbB\xe2y\xebQ\x16\xf7Q\x81)\x17\xc8\xc8\xe3\
6\xd8y^R@\x0d\xd6\xdf\x03^\xe35dA\x83\
\xc4e-\xe7\xc7r#\xcdT\x92\x07RN\xcfF\x97\
\xf3\x9b<\xea\x10\x0e\xc81\xe4\xb6m|!\x9dy\x08\
m\x09\xde\xb6\x86u\xf5Y}\xfb\xb9\x8ch\xfd\x90w\
\xf6\xc3\xe0\x17l\x93\x00\x84\xf9pZ\xce3_&\xb7\
\xe3\xf1\xbb\xad,\xc3|o\xf9\xb4\xb6\xa1i\xbb\xe3\xb6\
\xadhm\x95\xc1<\xea\xf5\xf2I\xa6#]\xbajY\
\xef\xea\x1c\xc7\x9c^j+\x1a\x03\x98\xe4<\x9f\xb9\xe6\
w\xa6\xcb\x90w\xdb\xe1-\xa0\x9e?\xbfw\xf8[\x92\
\xf9\x0a\xa9H\x09\x02t\xc3\xd5n\x0f\xfe\xb1\xa8Q\xc2\
C\xbb\xc5\x80\xcaH\xd7\xc8G\x91\x9e\xf7\x9c3J\xe3\
H\xb9\xff$\xdfC\xcbT\xac\x9e\x90\x9e9)\xc1s\
\xd4%\xb4\x07\x80M\x1e^\xe7\xef\x90\xe7\xfbP{\xd1\
\xb7\xe8\x0d]E\xee\xeb0\xaf\xd0x\xb8\xf68\x9fY\
\xce\xa5\x0c\xb0\xc1\xf5\xad\xaf\xb5\x14\xd4\xa0G\xd7&\x9d\
qp\x18>C&\x5c.\x17\x5c/W,\x0b\xbd\xa1\
\xe0\x1fRZ\xe0\xf6\xf1\x81\xf7\xf7w\xdc>\xdeq\xbf\
1\x08\xc1\xed~\xc3\xfd\xf6\xc1\xad\xbeAT\x96[\x16\
\xc79\xa4\xd3\xc4\xa0\x03\x06Z\xe8\x01\xc5\xe0\x1e\x03\xe4\
#\x0f\x10XX\xe5-\xda\xe3\xb5\x14\xceC\x9ee\xca\
c\x00\xac\xb0n\xa3`\xb9\xf0\xec\xb4\x1d\xf8\x97\xe6b\
\xd4\x1f\xd7~\xe5g\xb0\xafGA\xf3\xf1\x9c8\x0e\xb8\
`\xea\xc3r>\x80\x7f\xd9!\xf5\xf0\xa3\xcc {\xee\
\xf9\x99\x8b^\x17d\x07\xd1\x03^\x18\xa8#P\xe86\
\xfd,\xec\xdbu7>Oke\xb4\x5c\xea\xc9\xa6\xad\
\xa4\x0d\xf3\xb2`\x9a\x17\xac+\xa3@\xd3#\xad\xe0r\
\xb9 \xbaW:A\xb9\xa2\xe7\xf8\xc7\xc7;\xee\xf7{\
\xe7\xab\x94\x82\xfb}\xc5\xedv\xef\xe7\x90\xae\xeb\x1dP\
\xb0\x91eap\x0b\xf2s\x8c\xfe\xcb\xed\xef\xf7\xfb\x07\
n\xf7\x0f=\xa79\xe6\xfc\xdcf\xff\xec\xef\xbe\xae\x1d\
XC:\xef\xd5\x9e\xac\xfe1\xc7^\xac~\xb5\xd6\xf0\
\xf6\xf6\x86\x9f~\xfc\x09oooh\x11X\xe4\x0d\xc8\
\xb59\xce\xce\xbc\xdf\xefx\xff\xa0\x87\xe0\xedv\xc3\x97\
/_\xf0\xe5\xcb\x17\x04\x02\xdbz\xd7\x0f\x80\x04\xff\x0c\
\xc0\x01\x9c$\x7f\xee@`d\xadu\x1c;\x11\x81\x8f\
\x8f\x0f\xfc\xf4\xf6S\xdf\xfa\x1c\xc1\x1f\xaej\xa5\xa7\xe2\
\xfb\xfb;j\xa9\xb8\x5c\xaf\x00\x181y\xdbx\x0c\x85\
\xc7Y\x04\x02\xbe\xbc\xbc\xe0\xcb7_\xf0\xed\xaf\xbe\xc3\
\xeb7_\xf0\xf2\xf2\x82\xab\x00@\x00\xf8\xe1\x87\x1f\xf1\
\xdf~\xf7\xdf\xb1\xde7l\xebvz\x00\x9et\xd2I\
'\x9dt\xd2\xbf\x17\x9d\xde\x7f'\xfd)\xc8_\xaa3\
\xd8\xf1`\xd8\xfck\xa8\xf0E{\xe7\xb0\x7fM&\xd2\
.\x00\x81s\xc4\xcf3\x03\xebh\xfc\xec\xb3?o\x0b\
\xdd8\xda\x1bun\x7f\x18\x16G#\xec\xb1\x9c\xb71\
E0*\x1f\x0e`F\x06\x81\x9c\xdeA!\x1b\xcc2\
U\xfb/\xfb\xa5\xf0\x8b\xbc\x80.\xf2\xd0Y@\x08\xa0\
\xa9\x95\x06\xca\xf0\xbc\xc8\xe3\x1b\xe7\x10=P\x97i\xc3\
\xb6%\xef\xa1\xd8\x9f\xe1g:6\xe1<{)\x90\x8e\
\xf3\x19=m\xc8\x90^\x1d\x19pp9\x8f\xbb\xc58\
\xeb\xcfA6\x5c>\x8f\xb1\xcb(8\x8en\xe8\x15\x06\
\xe7`\xfb\x9e/_7\xf5\xc5\xb3\xc5j\xe16\xab\x08\
z\x98\xe4\xf9\xde\x8f\x7f\x8c\x8d\xf35d\x10\x01\x81;\
\xbd\x08\xfbC\xa3\xe7f\xf7\xee\xd1\xfc\x9b\x0fy\x89\x0d\
_\x9d!/6B\xc0\xe5\x99\x1e\xc3:`>:/\
#m\xf7\xca\xe7\x8a\x85\x80\x17\xc9\x86\x80^\xd2\x9d>\
\x90c\xfbCO\xcd\x91K\x96\x9e\xa8\xc8\xae.PX\
\xea\xe9\x08\xbb\x5c\xf6\xef\xcf\xd2z\x95\x0c\xa6\x97\x01\xf3\
9\xdd\xc0v)\xf4\x1eE\xe6Q\xef\x83F\x8a\xcbp\
r\x94\xa59\xeb%\xdd\xed\x93\x96:u\xd1\x0d\xe0:\
\xeb\xd1\x10\xad.\x128\xb4\xd3'\xcf\x8d\x8cu\xcf#\
\xcf\xab\x1b\xedQ\xaf\x0fs\xadv\xfc#\x82e\xd3\xec\
\xe5\x1a<\xe7\xac\x14F\xe7-\x87u\x05\xf8\x5c\xbcq\
\x0fy<\x12\x94[pY\x16,\xf2\xce\xab\x95^K\
\xd1\x18X \xe4\xed\xf7\xe3\x8f?b\x15\xc0\xd2\x22\xfa\
\xb9f\xad\xad(\x8ap\xca\x1f2\x02\x00\xc1&\x83~\
\x8c\xf2[1\xd5\xd2\x7f\x10\xf18\xc87\xbd\xffj!\
\xffE\xc0NIS\x17\xba\xe7\xb0\xac\xc3c\x9c\xcd\xdb\
 \xa7\x05/_~\x85y\xbe\xf4I\xce\xb20\xed\xf4\
\xf0\x89\x0e\xe4\xfc\x07\xca o\x22\xf6\xe3\xbe\x0e%\xd2\
3\x13Yw\x12\x1d\xd7H\xd1\x9a\xe0\xf3\x88\xdbU\x0d\
\xeca\xa7c|\x16\xb9\x9e\xdb\xa6g\xdd~;l\x93\
G\xf4\xb2,\x0a\xe0B\x00\xce\xf5k\xad\xa8\xd3\x84\xb6\
Y\xb6\xec\xaf\x94\x82M[f}.\xe5<s\xab\xaf\
\x83V\x98\xe7Z+\xda\xb6\xe1\xbe\xae@\xa5'\xef\xb6\
\xf2\x88\x8a\xab\x00\xac\xa63T\xb7m\xed\x9e\x82\x06\xc8\
\xec\xe4h\xfd'\xe0\xb8\x97\x9fy\x8a\x90>n\xdc\xe6\
[\xe4U\x1f\x8a\xf4\xeb\xcf4\xbf\xee\xf7{\xe7\xf7~\
\xbf\xe3\xfd\xfd\x1dooo\x88\x12\xdc\x96^+\xcf!\
\xbc\xf1G7\x02kZC\x01\xdcn7\xdco7\xbc\
\x5c\xafX\x96Y?`\xf1\x0c\xc1:M\x98*\x81\xf4\
ibD\xdfm\xa3\x17\x9f\xd7\x11\x22\xfaY\x9c\xeb\xb6\
\xca\xeb\x92\xe0\xa0\x7f\x98\xca\x9f\xf3\xe1\xf2\xdb\x86\xe5\xc2\
m\xf8M\xf3\x000\xc2\xf1\xa2uv\xb9\x5cp\xbd^\
q\x95\xc7\x9f\xfb\x9d\xa6\xaah\xc2\x13\xde\xdf\xdf\xf0\x87\
?|\x8f\xb7\xb7\x9fp\xbd^q\xbf\xddO\x00\xf0\xa4\
\x93N:\xe9\xa4\x93\xfe=\xe8\x04\xffN\xfaS\x90\xbf\
\xf4\x1aL\xf1\x97|\x1b\x0e_\xa3\xcf\xfd\x1cH6o\
h\xa0\x0c\xa3\x85\xc6\xc8\xb1\xd4\xde\x08\xfb\xb9\xb6q(\
?h\xf4\xf1K\xe9X\xf6x\xdf\xc1(\x1d\x98^\xc0\
\x01QV\xb4\xa6\x5c\xc7\xef6vj\xad2\x06\x0b\x0d\
\x04\x81B\x05\x04\x86\xecy\x11\xaaC\xa3\xa5Zb2\
\xd4\x9b<1\x068\xe69\xf3\xfc\xd9 \xa0\xd7E\x02\
M\xc8\xd5\x8e\xbf\x16<\x0f\x10\xdaj\x18\xda\x22L\x22\
\xc86\xa8\x00\xf60\xd9m\xdf\xb5\x11\xe9\xb6Y\x8ed\
 c\xa4\x87\xf0_\xb25\xe6(\xb4\xd5\xd1@(\xdb\
\xde\xcf\xa1\xef\x99o\xaf>\xf1[\x0c\xa8Jg\x02:\
\x0f\x09\xf0\x90\xaa\xb6qUm1\xb6\x11u\xec\xe38\
\x87N\x87<0\xf6\xebB\x1a*\xe0\x86\x0a1\xc0\xbf\
\x92\x00\x80\x12`\x88\xcd\x04\xfe\xa8\xa0d\xa4{]K\
\xa5v\xe4>\xa2\x03E\xf2\xeaK\xfc:\xddr\x1dm\
\x07\xa2\xa4\xb4`;\xce\xef]9@\x82&\xab\xcb\xdd\
\x85\xc6\xf4\xf6\xcbq\xe1k%\x04<\xd9C\x0e\xa5\xf4\
m{YG\xbb\xae\x0a\xcc(V\x94|\x9f\xf2}\x0d\
\x81\xe1\xf4Z\xc9\x8c@\xe3tY\xbf\xcb\xeb6\x8f%\
\xd1\xe3L\x1cs\x8e\xe9\x18\xed\xa5y\x81x\x1e]\xa4\
y\x90 \xb3\x8e\xb1^C\x13\x18\xbf\xa7\xd1\xde\xb1\xfd\
^\x22\x81;~\xb5\xe6\xf6\xfc\x1c\x1a\xc7\x07DP6\
\xbdl4\xdc\xdb\x86\x000O\x13\x96e\xe2Q\x01\xb5\
`Yf,\x17F{\xad\xd3\xc4\xad\xf0\x9aC\x06\x17\
\xe0v\xcd\xfb\xfd\x8e\xb7\xf77\x06\xd7(\x85\xdb\x0e\xb7\
\x15\xa1(\xc6\xf6\xea\xe3\xf9\x92\x04\x03\x07\xf07\xc0\xbf\
Z\xf9\x0c\xcb\x00`\xd5\x5cw}H\x80\x13e\xc1\x17\
E\x15\xddS\xf5\x08\xa6F\x10\xa4]\xae_\xf0\xf2\xe5\
\xbb\xbeu8\xd3S\xf9\xaa\x8f_DCUw\xf48\
\xaf\xe8\x85\x9f\xe5\x8d\xb4\xa1/\x99'\x7f&\x8d\xb2I\
\xdf\xa5\xc1y,\xb9\xbe\xdf\x190\x84\xa0\xdb\xac\xed\xaf\
\xfcL\xb1\x07\x1f=\xd0\xb6\x8d@W\x95\x07Y-\xdc\
\x0a\x1c\xc13\x00\xa1\x1fs\xb6F0k\x9a\xf8\x19i\
\x1e\xd7u\xe53\xbe\x7fF\xd1km\xd3\x19\x82(,\
\x03\x00\x97\x0b\xcf\xd430\xc6\xe8\xe5\xe4\xdd\xdb\x8a[\
\xe3\x16\xd9\xa1\xdb\xf2j\xfd\xec\x07\xb0\x00V\x05\xb5\xf1\
\x835\xc2\x80\xf4\xf8,]\xd7\xb5\x07\xdc\xf0\xf7\xa1\xf7\
\xf7wl\xeb\x8ao\xbe\xf9\x06\xd7\x97\x85@d\xe3:\
\xb6W\xec\xb6m\xb8\xdd>\xb0m<\xa3\xf0~[q\
\xbd^p\xbd,h\xfa\xbc\xb9\xdf\xef\x00\x1c\xe5\x98\x1e\
\x95\x04!\x99\x06\x108\x5c\xef\xdc\xde\x8b\x96?+\xf8\
=\xc1\xc1\x5c\xa0\xf92\xbf\xfe\x1e\xb0\xcc\x0b&\xa5\x03\
<N\xc1\x9f}\x97\x97\xab<w\x17\x81\x7f\x8c0\xcc\
\xf9\xdd0)\x1a\xf3\x0f?\xfc\x80\xdf\xff\xfe_\xf0\xfe\
\xf6\x13\x08D\xae\xf8\xe9\xed\xc7\x13\x00<\xe9\xa4\x93N\
:\xe9\xa4\x7f\x0f\xfa\xff\xfc\xbf\xff_\xc7\xa4\x93N\xfa\
7!\x1bG\x99\xf2\x97\xe8\x87/\xd4\x9d>K\x1fT\
\x04&<\xa7\xe7\xe9{Nh\x00\x1d\xc9\x9e]6l\
\x9e\xd8PO\xe98N<\x19\xdf\xd1pj:\x1f\x0b\
\xa13\xb4\xa2\xf9{\xf80\xbeXS\xc6\xe80\xce\x18\
\x0c\xc2\x1ed\xae\xcf\xb6\x87\xd1\xaa9\x90\xd1\xea\xc8\x87\
4\x92\xe8\x89\xc0s\x90h\xa4\xf8\x8b\xbf\x8d$\xb6\xe5\
\xc3\xbd\xd9\xbf\xd3\xcc\x13\xc0q  \xa3\xaaq+\x9d\
\xea@\xe3\xdd\xcb\xa2\xa0\x94\xe0\xb9c\x02.%\x19\xf5\
\xc1y\xf0\xf6D\x8f\x89\xe0\x03P@\x83\xc5\xfa\xc5\xf2\
\x00\xc0m\xb6\x11\x1b\x10<\x1f\x89\xb2\x96\xc1\x9e\xb7\xac\
Rr\xea\xd3|\xd2\xe8\x84rBFkQD\xe08\
l\x95\xf3\xf8Cg\x22m\xe9\xec1\xf3\x8d4\xefy\
\xfeK\x01\x02\x94\x81\xf3\x22t\x9fT\xa95z\x83\x92\
\x07\xf31\xda\xa5\xb1'~a\x04M\xf2.H\xd1*\
d\xf8\xa5\xb6\xa9b\xf2\xaa\xe9\xdbu\xc7\xcb}\xe4w\
\x0e\xd9\xf3E\x90u4:\xd0\xd8Hu \x0fE\x14\
\x02\xd4f-\xf3\x82\x0e\xe2\xeaV\x85\xec}\xe5\xbf\xce\
\xdbi\x93\xf5\xabp\xae\xc8B\x9fT\xc9\xc1i\xa3\xee\
(\x93RU|\x9e\xe8\xd9\xe2:AE\xe8e\xfa\x8e\
c\x0a\xbe\xf7\x01X\xb0\xfbr{J\xf9=)\x0b\xc3\
\xe0_N#\xe5u\xc4\xb5\xc3+\xe5\x8e<\x03\x7f\x07\
OWH\x97\x8f\xbai\xca\xe9y\xee\x8f/\x8eYg\
\xad\xe9\xcc3N\xbf\x05\xa1\xb5\x8d\x82\xcb<\xe3ze\
P\x0f{\xe1\xcd=j\xe9\x84\xb6\x05\xde\xde~\x14\x10\
S\xf0\xf6\xd3OXo7D\x04\xb6\xd8\xb0\xdeoj\
\xaf\xa1\xad+\xc1@\x05\xf1!\xe8S\x15\xd8c\xea\xf3\
Vk\xdd\x9fq\x96\xaf\x0d\xfe\xf5{\xce\x7f\xe1\x90$\
\xd3\xe33K\x13\x1d\xbc\xde\xc9Cg\xda\xbd|\xfbk\
\x5c.\xaf]\x97\xb2\xfcLE\xf2\xd2\x1d\xf3\xd5\xcd\xae\
\xb7TG\xa2~\xa0\xfd\xbcf\xe2}\xe1\xc0\xb8u\xb6\
\xf0\x99K\x9eYf\xcc\xd5\xa8\x93\xdb\xdc\xcd\xf7N6\
\xa2]\x1e\x9f\xdd\x04\xff\xbc\x85t<O\xb9\xf5\x97\xde\
\x99\xf6$4\xc0T\xe5\xb5GY\xeaY-^\x1a\x80\
m\xddPu\x06 \xdb$\xa8\xd5Z\x0aF\x14\x94j\
\xedg\xbb\x02\x1f\xef\x1f\x88\xd6p\xb9,\x1d\x18,\x85\
^i@A\x1c\x22\xcd\xaf\xdb\x8a\xf5.O@\x07[\
R\x00\x8fi\xe2\xb3 \xcb:\xfc\x5cK\x9f\xbbM\x9f\
\x01\x10@\xb9n+>\xde?p\xbb\xddv[\x82#\
\x02\xd7\x97\x0b\xae\xd7\x97\xfe\xc3\x5c\xad\x15\xcb\xbc\xa0V\
\x82\x7f\xf7\xfb\x1d\xd3<#\x1a\xb7\xe9NS\xc5\xe5\xc2\
\x1f%6\x01\x89\xdb\xb6\xf6\xe7\xd4\xban\xb8}\xbc\xe3\
\xe3\xe3\x9dg\x9e\x16\xe0\xf6q\xc7\xfb\xdb\x1b\xc7^\x19\
\x1d\xb8\x83\x95\x9a\xb7y\xe6\xd9\x97\x10 \xb8jK\xf4\
<\xf1\xcc\xcc:O\x88F\xf9\xcd\x95gg.\xf3\x8c\
\xeb\xf5\x82WE\xe6\x9e\xe7\x05\xf3\xc2\xf2\x00\xfa\xb6\xfd\
\xb7\xb77\xfc\xe1\x0f\x7f\xc0\xf7\xdf\x7f\x8f\xb7\x9f~\xc2\
\xfd~\xe3\xf7\x84\xed\x8ee\x9aN\x00\xf0\xa4\x93N:\
\xe9\xa4\x93\xfe\xdctz\xff\x9d\xf4\xa7\xa2\xfc\xc5\xfa3\
z4\x5c2\xd9${N\xcfZ=~9\x7f\xa0C\
\xda\xb3\x22{c\xfai\x81N\xcf\xfa\x88\xe4\xd1\xf5\x19\
?\xdd\xb8\xc28\xe0\xdb\xc6\x18wjr\x1b\x9c\xdb\xa0\
\xc1\xc4\xfc\x96\x0c$\xd8\x83\x8c\x8d\xee\xbc\xdd\xcc~k\
\xfc\x15\x9e_\xf6\xed9q\xef\x1e\x1a6\xc2\xcc\xa3y\
f\xbf\xd9\xb3b\xbc\xcc\x0b\x8dr\x82T\xaeO\xfe\xc6\
X\xd96\xcb\xb3i\xcb$\xba\x07b\xd5\xb9K\xe6\x1f\
\x02\x14,\x97\x01\x0a\x12P0\x0fY\xbf\xd8\xf7\xd8\xc6\
T+\xbdE\x9c_J\xd1\xe1\xe6\xacS\x13+E\x91\
P\xa1\xb1\xb0\xcc\xf0\x5c$XQi\xb8\x08p\xa4\xdc\
\xc6\xb9\x7f\x9e\x97\xaa\xf3\x16#\x82\xdb\x22c\x0fTs\
<\xc3\xb3\xd0\xfdA\xbc\xe61\xb9=\xd6\xa1QZj\
Z\x15\xad\xa1m\x8c^\xa9Y\xdb\xfd\x95\x0a$b\xaf\
6\x96\xcd?\xb7Js=\xe4\xbe\xf3\xb5\x12|A\xe0\
p\x97/o\xaa4\x0e_C\xeaX\x8a\xce\xecK\xb5\
\x80C$\xdf\xa4\x7f&\x9f\xc7\xe6\x94]^\xba\x86\x01\
\x1d\x90E\xcb\xba$\x80'\xd7\xd9\xbd\xa7\x0e\x0a\x0a\xa6\
y\xc6\xd4=\x00G\x1f\xc1\x02\x9d\xca!\xad\xeb[\x12\
\x8d\x01\x1f\xf35\xd2\x99\xe7\xe6\x22\xc6\xba\xcd\x8d\xee\xc6\
\x98\xe4+\xc8\x0a>\x17\x90S\x1b\x9a\xc7\xb1]\xb2\x80\
?\x10X\x1e\x83\x89g \x0f\xfb\xb2>\xe7\xfe\x06\xb1\
\xdf\xd2\x7f\x80 \xf8\xd7A\x9f\xa23H\xa7\xca-\x82\
\xcbB\x90\x01T!{\xedq\xdd\x04\xd6\x95A\x06\xda\
FP\xef\xe3\xf6\xa13\xd5*\xc7\xa1@<|&r\
+j\xb5\x97\xa6_\x0e\xf0!Oe>K\xe4\xc5\xd5\
\x7f\xc0\x18 \x9f\xfe \xa4\xb3\x05\x8c\xf8\xeb\x02;-\
\x1d\xae\x98\xfd\x0d\x11(!\xc0*\x02\xa5Nx\xfd\xf6\
7\x0a\xfe1\xe6\x1c\x87\xf9+%\xa1\xbeJ\xb6\xae\x94\
\x88\x91\x98\xe81e\xa7F\x89\xf8\x83\xd5^_\xac%\
\xe2\xca\xba\xd3\xd7\xc6(\x9bu\xa0\xeb\x01\x1b\xeck\xcb\
:E\x10\x8b\xb2j\xea\xb3\xb5\x86\xd6\xb8\x9d\xb5\xa0\xe8\
sf\xe8\x11A5\xf6\xbdi\xdbiMG8\xc4\xee\
\xdcH~&\xb4\x16=`\x06\xe7\x93\xdb[\xed\x8d\xb6\
\xe9\x07\xb4\xdb\x9d[\xc4\x97e\x11\x1f|./\x0b\xb7\
\xa7\xa2Vy\x91\x12\xa4\xdc\xee\xf7>&?c\xfdL\
'\xc0lU x\xcc\x88\xd1\xfc\xf1\xac\xa4\xcf\x9eR\
jOom\xc3m\xbd\xa3N\x15\xeb\xb6\xf2\xdc\xca\x1b\
\x01\xaf\xcb\xc2-\xb2\x93\xa2\xedr\x8c\xc3#\x92\xf59\
^\xf3\xbf(b5\xa3\xf6\xae\xac?\xcf\xb8\xaf\x1b\xde\
\xdf>\xd0\xda\x86*\xef}\xcb\xf4v\xbfa[7\xcc\
\xda\x82{\xfb\xb8\x01(xyy\xc1\xe5zU\xc4\xe0\
\x11\xec\x83\xe7!\x8e(\xc0!@\x96\x11{\xc9\x1b\xb7\
\xf3\x12D^\xe6\x19\xcb\xe5\x82\xe5z\xc5\xeb\xeb\x17\x5c\
.W\xd4\x89\x9e\xbd\x88\xc0\xfd\xbe\xe2\xa7\x9f~\xc2\xf7\
\xdf\x7f\x8f\xef\xbf\xff\x1e?\xfc\xf0\x03>\xde\xdf\xb1\xde\
n\x80\xce\x0d\x9d\xe7\x09/\xd7\x05\xd7\xeb\xe5\x04\x00O\
:\xe9\xa4\x93N:\xe9\xcfI'\xf8w\xd2\x9f\x8a\xf2\
\x17\xf9\xbd\xe1H\xcaF\xc7\x91\xc2F\xf0W\xe8Y\x9b\
\x99\x8e\xf9\xfd~gx\xf1\xc6Y\xfeR\xcf\xf4=\x03\
\xae\xff5\xbe\xf1\xa4_\xa7=\xa6\xcb;\xa6\x1f\x98n\
cz\x9c\xfdG>2\x88x0\xd2\x8f\xed\xcavm\
\xdd+\x82\xde\x08\xado\xb1\x026\x19E4Z\xfc\xa2\
\xa1\xdcZ\xc3\xac\xc3\xc3\xfd+\xbe\x0d\x0b^\xcb\xd3F\
\xdb\xb5\xa0\xb1Q\x94\xd1=\xf6Z\xda\x0e5\x04n\xcf\
Ez\x80dY3\xda/y\xc0.z\x22\x8d+\xf2\
0\x8cD\xa7QO\x08}\x80v(\xbd\xe5\x04\x0cX\
6\xd9\x00-\x02S\xb3\xf9\xec\xb1d}-Eg\x83\
\xa9\xbf\xa9\x0a\xfc\xdb\xe8Y\xd8Z#\xfc\xf1\xe0\x11(\
\xc0\x22\xcc\xd0\x00gq\xd4\x85n\xf0\x0e\xa3<d|\
Y\xce\xc38\xa6\x9eLSE\x85\xf5\x03@[\xb1\xae\
\x1f\x80\xc0\xdc!gip!\xd8\x90\xc1\x08@}[\
\x9f\xe4\x15\xc4\x1a,\xd7y\xdcU\x19s\xca1z\x9d\
\x1a:\xd9A&\xe6\xa0_\x9a\x9f\xae\xda\xca\xdey\xc8\
\x1d\xd9D\xaa{\xa0\xa1\x979\xd7ki\x94\xf1].\
7\xea\xb2\x0e\xff\x0a|W\xc6T\x17,\x87-\xc0c\
\xccNxz\x09\xf4Z\xd2\x8b'\x8f\xb4\xdcV\x06\x0b\
M\x91\x12\xbb~\x1cz\x09y\x0a\x1e\xd3\xa9zi\x1d\
&\xb0\xc7|\x84\xda\x1d\xebm\xc8\xc5\xfd\x1d\xc9m\xf0\
\x1a\x92\x1a\xe7\xb4TE\xd7\xad\x95\x80\xc9T1\xf7-\
\xbf\x0e\xb8\xb0a\x13p\xd3\x14\xbc\xe1\xfd\xfd\x0d\x1f\xef\
\xef\xb8}\xdc\xd0\xb6\x0d[kX\xd7\x1b\x02\x8d\xafU\
G\x0ah]\xd2\x1b\xabb\x16h\xc1\xf7Jo\xdfZ\
\xf9\x9c\xf2X\x05\x96\x97Bp\xba\xcb\xa0\x14\xceP\x97\
\x09\x03\x80\xect\xa4+^Z#\x14\x9a\xae\x03\xe8\xcf\
\x8c\x86\xba(\xfa\xaf\xb6D\xb3,\xbby&\xcb#Q\
\x9c\x85\xf3~T\x96DlI\x0d?\xa1<\x87L\x18\
j\xc0\xf4\xfd\xf30\xcfu$`\x10\xfd\x99\xc8\xf2\x14\
\xc5x>:\xd1\xe5#\x188\xa9\xea\x1c\xbfm[\xb1\
\xad\xf4\x86\x0bm\x8bu_\x11\xf4\x9a,\xfd\xb3@\x0c\
%\xdd\xe3\xd6r=\xf3\xaa\x9f\xab\x09 4\xa0\xad\x01\
\x96Zq\xbd^U\x96mX\xf7\xfc\x03\x8d\xbd\xf3Z\
k\x8c\x0co\x9d\xd2\xe7]D\xa4\xc0O|\x8e{<\
n\xcb\xe5L\x14\x05\xd7\xe6\xc7}\xc5z\xbb#\xc0\xa8\
\xc0\xeb}\x05\x02=\xa25\xe4\x15x\xbb\xdd\xb8\xd5X\
+\xb7m\x0d[[{d\xdd\xadq\xcb\xef\xba1\x08\
\xd7z\xbf\xf1\x8c\xcci\xa6G\xdf\xfb;\xd6\xfb\x1d\xa5\
\x92\xbfe\xe1\xf6f\x8fsRP\x1d\x7f\x96/\xf2\xcc\
k[\xc3\xc7\xc7\x07\xb6&\x8fJ}\xde\xd72\xd6g\
\xad\x8c\x98\x0d\xfd8\xb0,\x0b\xbe\xf9\xf2EAz.\
\x02\x12/\xb8,\x17\x9e\x0bX\xb9\xdd\xf7\xe3\xf6\x81\xdf\
\xff\xcb\xef\xf1\xfd\xf7\x7f``\x93\x9f~\x22\xf0\xb7\xde\
\x05\xfc\x81\xdb\x84/\x0b.\x17n\xd1\xaf\x95\xbe\xfc'\
\x9dt\xd2I'\x9dt\xd2I'\xfd\x95S\xfe\xa2\xef\
\xfbc\xdegt\x84\x112\xb9^6\xd4r\x1e\xf3\xfd\
j\x88\xd8\xfa6\xd20X\xd5\xcb\xf2\xfah0\xd9\xb6\
SI\xf0\xdc'{\xb5\x0d\x90\xe88\x86#o\xc7\xf1\
\x07\x02-\x18\xd90\xfa\xd9t\xf4\xa2\x18\xef\xf4\x22\xd8\
\xb4\x05\x17\xf2vk\x8d\xdbWi\x8c\x0d\x0f\xbb\x1d0\
&`\x86F6\xcf\xc7\x02\x80yY\x000Rc-\
\xf4\xca\xb11c0m\xdb\xb6\xbe]n\xdbx\x08y\
\x91g\xc4\xfd~\xc7\xc7\xc7G\xf7\xe6\xb0\x01\x96\x81\xb5\
\xc1\xcf\xc1\x0b\xd1\x80\x0cm\xed\x83l\x5c\xdf\xd7\x92+\
\x18\x05y\x94\x1d\xe0\x9cik\x1b\xb6\xc8\x11\x94\x09>\
\x9ag\xf3i/\x93\xcdQyu\x18\xba\x0fU\xafu\
F\x04\xb0\xae7l\x8d\xdb\x9e\xcc\xef\x98?n\x0dk\
:D\x1d\xf2N\xa9Se$\xdbb\xeb\x98c\x81\xa2\
/\x13\x181<iCq\x8c\xbd5z`\xe4\xad\xb7\
\xd5\xe0\x86\xb60\xbaL\x80\x01I\xdc\x1e\xd9\xd0\x16\xe9\
uE[\xef:\x17\x8d\xdb#{\xdbm{\x00\x87`\
\xdd\x0f\x81\x83\xd6\xd1\xa4\xdb\xe6sT\x19:O`\xe6\
\x08R\xd0\x88\x8f(\x0c\xbes\x088\xe2+cZ<\
7pW\xe4sJ|\x98\x1e\xd6\x7f\x81\x00\x1eN\x01\
\xdbf\x19s\x92\xc73H\x00\x114u}\xfb\xb5\xda\
\x12\xed\xeaFz\xe5\xfc\xdc\xbc\xb1\x22\xe4=\xbe)\xfb\
\xc0KH\xf7s~\xeff'\xfb\xd4\xbd\xf5\x09\xd4\xc9\
\xe3\xdc\x15\x10\x003hA=k\xf27\xa4~\xba<\
u>\xcdW\xba\x0f\xad\x09\x03.#\x9f \xf5\xd4\xcf\
\xdc\x1b\xafE\xe7\xef9@H\xb4\x0d\xf7\xdb\x07\xde\xdf\
\x0c\xf6}\xe0\xf6\xf1\x81\x8f\xb7w|\xbc\xbd\xe1\xfe\xfe\
\x8e\xb6mX\xb7\x15\xb7\x0f^G#\xf8\x17mCQ\
\xa0\x9dy\x1eQ}'y\xfcU{\xfb\xea\xf9\xd5\xbd\
d\xed5]\x0e\x08r\xf1\x8c\x0b\xbc\x8c\x11\xf5\xd7\xf3\
\x06\xcbU/=\x06\xd2\x5cP\x96\x96i\x8b@\x9df\
>\xc7\xf3\xfc\xfeB\xf0\x0f\x18\xed\xef\x92\x8eu\xfb\x9c\
\x8f\xbf#e\xaf\x03\xbb,_\x1e\xf4$?WG=\
\xe6\xfb\xf9\x19-v\xde\xbe\xfb\x1fc\xbc~\x02m\xd3\
g\x03\xc0\xe7e\xf7\x88f\xb4_{\xb7\xf9\xb3.4\
7\xf7u\xc3\x87\xb6\xf3R\xc7\xc4E4\x94\xc2\x1ft\
\xd6\xf5\x86\x1f\x7f\xfa\x11oooX\xd7\xb5\x83T\x9d\
OE\xcb\x8d\x14u\xd8\xfc\xfa\xf9o\xf0\xaf\x14`Y\
\xf8|\xbd\xcb\xb3n]W\x02c\xdb\xd6\x7f \xda\xf4\
\x0c\xbd\xcb\xdb\x90\x80\xdc\x8a\xedk?l\x82\x9f\x9f\xeb\
\xed\x8e\x12\xc0\xf5z\xc1\xa23\x10!\x99\xbd\xbf\xbf\xe3\
\xa7\x9f~\xa2\xfcPp\xbb\xdd\xfa\xf9\x80\xa5P\xef>\
>\xde\xf0\xfe\xcem\xbbS\xad\xb8,\x17\xcc\xcb\xa2\xad\
\xb9\x0d\x97\xcb\x8co\xbe\xfdB\x10N\xe0\x9f\xc7\xdeZ\
\x93\x17l\xed?\xf8\xad\xeb\x8a\xf5~g\xb4\xe4\xf5F\
\x9fa\x05\xca\xa9\xb5\xe2\xbe\xde\x05\xd6\x8dh\xc8[#\
\x18x\xb9\x5c\xb0\xcc\x0b.\x97\x0b^^_P'\xca\
\xb9N|F\xae\xdb\x1d\xdf\xff\xf0\x07\xfc\x9f\xff\xdf\xff\
\x13\xbf\xfb\xdd\x7f\xc5\x0f\xdf\xff\xa0\x88\xc2\x1fhm\xc5\
T\x0b\x96\xcb\x8c\x97\x97+\xae\xd7\x0bf\xc9\xde\xdf\xf3\
N\x0f\xc0\x93N:\xe9\xa4\x93N\xfa3\xd1\xe9\xfdw\
\xd2\x9f\x8aB\xdbR\x0d\xf0\xd8Px\xf6\x85\xf9\x19\x19\
\xb0\xf8\x1a\x10h\x1aF\xc9\xb1\xac\x8d\x1a^\x1b\xe8\xca\
M\x86v6e\x22\xaf\xfb{\xb3M\xc3\xa7t\xb0\xca\
}\x14m\x1d\xf2\xf5H\xe7}\xe7Q^\x0c\xd9\x83\x8d\
Y{c{S\x10\x0d\xf2\x22o\xaf\xa0e\x1a\xe0v\
\xa4\xb6\xad\xe2\x7fxp\x0c\xb6yU\x80n$\xd3\x90\
\xa07\x05\x92\xb1\x00\x1d$n\xef\x8cU\xe7\xfe\x01\x05\
\xa5NX\xb7U\x87\x8c\xdb\xe0\xe7\x97w\x03$\xec\x1f\
}\xcc\xddhL\x06\x12\xe56\x0c\xcfH\xe0\xe1(\xe7\
\xc0\x13yK\xac\xe53@9S\xdfv\x97\xc0\xc6\xd0\
\xf9R\x06\xffXs\xe8R\x11\xb8\xe9{\x02\x07\xf4\xfc\
hm\xa3![\x0a\xc16\xf7\x010@\x89\x83X\xc8\
\xc0\x95J\xc88f\x82\x03\xa9\xf4q\xa7\xc3\xea#\x04\
\xe4\xc9P\xe5\x14Qv=\x8a\xaa\x07XT^\xc6\x5c\
DC\xad\xe8\xa0m\x84\x00\x9f\xd6\x10\xdb\x1d\xdbz\x93\
^\x15\xa0\x07\x92\xa1r\x17{\xc8\xd0\xb2\xcc\x07\xea\xed\
\x81A\x8d\xc1i\xd6y^\xe7\xb9\xe4\x1c\x8d<\xea\x0a\
\x1e\xc0\x0b\xf5\x97\xbd\xd8FN\xe7a$\xa6\x84\xdc\x8c\
\x024pr\xf4vX\xb4\x1c\xb7\xaa)O\xa3\xd6\xbc\
3=\xcb7?[(#e\xf44\xea:\xcf\xfd\xea\
\xc9\x80\xe4\x91\xe7\xb9\xa7{\xb8\x03C$\x951\x1f,\
\xb8\xaf\x87\xa0D\x8b\xc5\xd1\xf3\xb5\xe6\xb5\x16v\x82\xd1\
\xe5\xe0\xfb\xd0&!\xc5\xae\xf7L\x12c\xe2\x87@\xc6\
xn\x1d\xe5j\xf28\xad\xcb\x06\xdc\xb8\xe5vx\x10\
{\x9b$\xbd\xa9\xf8\x83\xc3z\xbf#Z\xc3z'\xc0\
r\xbf\x13D\xb1~\xdfn7l\xf7\x15\x11\x1b\xe7$\
\x80\x82@5\xef\x0a\xc2``\xb1\xf6m\xbe\xf4\xca-\
\xfdH\x02E\xf1-\xc5\xf1\x844\x9e\xf1\x9c\xea\xf7\xd6\
\x8c\xbe>\x90\xf4\x8f4d1\xe4\xaae\x87\x12M\x9e\
\x7f\xfe!\x84\xcf\x94\x97/\xbf\xc2\xf5\xe5\xcbN\x8f2\
=O\x15\xa5\xb5\xb7\x9b\xce\xa7s\xc2\xcc]\xcea\xd9\
\x1c\xe7\xb2\x1c<\x9c9\xa7\x8fs>\xee\x0b\x00\xff\xa8\
\xe2\x5c>\xfb\x8a\xbc\xc5s]n'%\x80'!u\
=\x1e\xc1\xa3\xdc>G\xca\xe74\xcfw\x8c\x08T\x9d\
\xcb7\x80Cz\xe6\xb5h\xb8}\x10 sP\x8b\xd0\
\xe7\xd7\xba\xfa\xfc;c\xf7\xf2N\xec\xcf\xab\x82m]\
1\xc9k\x9d \x1b\xb7\x00\xdf\xef7|\xbc\xbf\xf7\xe5\
\xb6\xae\x8cF\x5c+\x7f\xdc1\xbf\x1e\xab\xf5\xbeV\xea\
\xda\x91\xa2q\xfb\xeb}\xbd\xa3\xd6\xfdV\xe4\x92\xbc\x0c\
\xdd\xcf\xbc\x10\x18\x9dj\xc54s.\xd6UkB\xe0\
\x1b\xb7\xfcN\xa8\x0a\xaa\x11\x11\xb8\x5c\xb5\x95\xb8G\xbd\
\xa6<n7z\xd0\x1a\x5c\x0by<n\xdb\x0a\x14\x02\
\xa1w\x9d\xab\xb9\xcc\x0b\x96\xe5\x82y\xb9\xa0\x96\x82\xfb\
\x8d\xeb\xd4^\xb5\xcb\xb2\xe0\xe5z\xc5\xeb\xcb\x0b\xae\xd7\
+f=\x07\xd7m\xc3\xfb\xfb\x1b\x96\x89<}||\
\xe0\xfb?\xfc\x01\xbf\xff\xfd\xef\xf1\xf1\xfe.\xafOz\
1\x02!\x8f\xc1\x11\x18\xc4\xbcq\xd5Q\x0fN\x00\xf0\
\xa4\x93N:\xe9\xa4\x93\xfe\x0ct\x82\x7f'\xfd\xa9\x89\
_\x00i$\xdbP\xa0\x11\xf0\xcc\xa0\xf9:\x0d\xf0\xe1\
\x8f\xa9k`\x8a\xd7\xae\xeb\xb6\xb2\xf1\x9e\xdb-\xc9\xb0\
\x1fE\xda\x83\xb1D\x90\xea\x91'\xde\xeb\xcbm\xb2\xf9\
K1H\x02\x94il\xeb\x1cD\xe0\xd1\xc6$ee\
@\x89`\x17\x0d\x09y\xb7mM\x07\x99\x1b\xb0\xb4\x9c\
ih\xd1\xc0\xa6q4\x00E\x1aI\x8c\xb8I0\x8a\
\xf3\xc33\xebn\xb7\x9b\x0c\x93\x19\xa8\x13\xeewn?\
Z\xe6\x19\xd0\xf9y\xa5\x18\x88\xd267\x91\xc7i\xc3\
,\xe5\xecdO\x0f\x10\x97\xe7u\x04\x10A\x03+\xc0\
`\x1ac<\xc0f\x1d\x0a\x8e\x0d\xfd|@\x01\x9a\xc9\
\xb85@\xd6\x8dH\xc9\xd0\xe96\xe0J\x07\xc6\xd0\x0f\
\xc6\x87\xc6Q\x8a\x80=\xcdC\x03\xb7hM\xd2\xdf\x16\
>\x17K\xa0\xa3\xbc*\xcdG\x93!l\xa3\xb3\xb5\x86\
\xfb\xbab[\xd3\xc1\xf8\x02\xf0\x8a\xd6\x88AS\xeb\xc9\
fo\x1a\x01\xd2\x8eh\xea\xb1\xf9\xbd\xb5\x15\xb1\xd13\
\x91\xfa2\xbc\xb44\x02\xc0 )H\xa5\xff\xa1\x09\xd6\
A<U\xeazi\xb0@\xb7@*6\x0a\xb9\x95]\
\xc3\xcc\xcf\xa0\xb4\xe6\xdc\x09\xc5}EO\xcce\x07)\
u\xff\xd6\xc7\x98\xc7e\xaa\xa5\xa0$\xa0\x93\xe7\x12\x8e\
\xf2\x10\xaf\x03\x04\x949\x9a\x18\xa8\x1d\x00\x1c\xdb\xdd\xb1\
\x1b\xf7\xf3{\xa5\x1e\xee\x13/\xca\xb2|:\x85\xe4\x97\
\xab\x06\xba\xb7o$\xa0\x9c\xf7\xb9\xea\xb8w\x99\xe0\xa2\
\xa2|\xfc\x0e\xe9\xad\xbc\x01\xbdFJz.3;(\
\x93$\xe3\xe3\xf54s\xdb-\x0a\xd0\xb6\x15\xad\xf1\xb9\
2M\x13B\xe0\xdf\xed\xe3\x9d\x80Ck\xb8\xdf\x19X\
\xc8\xebc\xdd\xd6\xee16\x9ey\xc0TJ\x8f\xd8\xdb\
\x83z\xf4h\xbe\x8e\xe8k\xd01y\xfb\x19\xcc\xcb\xd7\
\x18 \x8e\xb8\xd78\x8e\x9e\x8ci\xe2\x8fdD\xd7:\
n\xf0\xaf1\x0ar\x9f\x97R\xf1\xe5\xdb\xdf`^\x1c\
\xd0\xe1\x09\x95\xa4\x07]\xca\xba.\xba9\xe8\x00\xf1\xf3\
\xf4\x19\xbaK\x1ft\xb8\xedd\xfd\x8c\x90\xd7n\x22\x8f\
}<g\xc6s\xc2\xcf%\xfa\x8b\x92\xa9\x0c\x18\x9b\x86\
^r|M^\x91\xf34\x03:\xdf\x15\xfa\xccr\x9b\
\xf0\x8f<\x00B@\xd7,plk\xf4\x8c\xaf\x02\x9b\
\x11\x81M\xa0\x98\xcf\x01\xb4\x0e\xf9\x99y\xbd^\xbb\xae\
\xd72\xce\xce\xad\xf2^\x7f{{\xe3\x96\xd6R\xba\x97\
\xdf\xa6\x00\x1b\x81\xc0\xb2\x5c\xf8l\x0a\x08h\xe6\x96\xd9\
:\xf1\xacA?\xcf\xf9L\xf7s}\xff\xa3Mh\xfb\
\xb3\xdbv\x80-\xaf1\xff\x08\xe7s\x0b\xeb\xc4s\xf0\
&G\x17\xae\x8c|\xfd\xf1\xc1`!\xf3<\xe3r\xe5\
\xd9z\x06\xd0\xa3\x0d/\xf0u]\x09^\xaam{0\
\x86>_\xb7u\xe3X\x96\xb9\x9f\x89\xe9-\xd9/W\
\x82z\x0cF\xa29\x09\xee\x14\xb8\xc8K\xef\xfa\xf2\x82\
\xeb\xcb\x0bf\x05,qT\xf8\xdb\xed\x86\xdb\x07\xf9\xbb\
}|\xe0\xf7\xbf\xff=~\xf8\xfe\x07\xdc>>\xe8\xa9\
\x8b\xc0\x5c'\x5c.<\xdf\xefzM\xc0\xdfq\x9d\xe9\
\x07\xbf\x13\x00<\xe9\xa4\x93N:\xe9\xa4?\x03\x9dQ\
\x7fO\xfaSRD`\x8b\x86\x9a\xb6\x989\xfd\xe1K\
`\xa2\x5c6S7L\x9e\xe4?3\xe0\x92=\xa2\xfb\
c=\x83P\xa3^.c\x83\xc8eI\x8f|\xe7\xbe\
\x8f\xc6\x00_4\x98\x0cz\xb5\x8d\xdb=i\xdc\x14\x19\
\x1d6\xaaX\x1e\xa9\x7f\x03>4f\xd8\xb6\xd3\xa6i\
\x1f$\xc4F'\x0d\xa3\x11\x8d\x968@`Yfl\
\x9b=\x82\x084F\xf7l(\xb8\xddo\xa8\xf28\x88\
\xc6m\xb2\xb7\xfb\x1dm\xdbpY\x16\xdc\xd7\x15\xadm\
\xddC\xc0\x00\xe0\x98\xd3!?\xf7\xcd9\xe3\xbd\xe5Y\
\x12hg\x22\x0f\x00\xa0\x88\xb2\x8a\xbaX\xb4\x1d\x1aE\
\x87\xf3\x83e\xf2\xdcX>6\xb4\x06?\xbc\xb6\xf1\xe6\
\xf9\xb1a\xe9m\xb2\x91<!;\xb8j\xa3\xb7o/\
\x1b\xd1\x90#\x18\xf1\xb8V\x06\xf7\xc8mf\xbd\xd9\x95\
\x17`\xdb\xcb\x16\xf2\x9e\x0f{\xdf\xb73\x02\x8a\x94\x22\
\x0f\xa8\x85\xdb)\xb7uE\x18\xd0E\x10\x88\xd8Vn\
\xe92P\x11V~\xebY\xd2\xf3~%\x9d\x0f\x00A\
>#\xda\x00 :\xf8wX;\x09,\x1d\xf3@\x0a\
v\xbf\xeb\x0f\x87>\xe1\x95\xa4\x22\xbd\xac\xdf\xfar\x13\
X\xd2+k\xbd\xf4\xec|\xe3\xb7q\xe6[U\xf9\xc2\
?\xbdn\xae\xc7K{\xa3\x8cv\x9cI\x0f\xb7=\x00\
h:\x8e}\xa4\xf95\xde\x0aE\xdc\xe5\x9aj<\xd4\
\x19\xed\x0e\x10\x8f\xe0M\xce#?G\x168\x87AO\
\xadc\xa6\xc8e\xf2\xbcz|\xd4Y\x00\xb0\xa7\x13\xbd\
\x96\xac\xcb*\xdd\xd3Q\x18Lh]\xd7\xbe\x9d\x10E\
\x9eU\xda\xea\xdb\x04Z\xdc\xef\x0e\x06\x11hm\x05\x82\
G\x14p\x9a\x09\xfa\xd1{P\xd1|;\xe0\xc7\xa0\x1e\
<\xf7\x8fg\x86\x19\xe4\xe3\xb5\x00_\x01\xf7\x9co\xcd\
m\x1f\x977<\xeb\xa6p\xce\xf3\xb8\xe3\xf0\xdc(\x85\
\xe7\xb1\xf6\xb9\x09\x07\xfbh@$\xf0O?\xa2\xd4y\
\xc67\xdf\xfd\x06\xf3|I\xf3\xa2\xb5h\x1a\x8ei\xfd\
\x1e\x09`\xdb)\xb8\x0bz,,J\x1eS\x1b\xe1f\
\xfa\xb8G\x1b\x9ek?K\x00\xca\x1a\x1a\xd9~^\x87\
\x87\xa7\xa9)\xb2q-\xf4\xb4\xdc6\xea\xcd\x9c\xd6\x84\
\xe7\x94\xec2\x88E\xad\x13\x8a\x1fsz*\xf9Y\x1a\
\xe98\x87I\xde\xda~>o\xadi\xfd\xd2S\xcf\xb2\
]7\x9e\x99\x17\x02\xf5\x8e\xcf\xf4i\x9a\xf8\x9c^W\
\xbc}|p;v)h\xdbF@\xed~\xc7\xe5r\
\xc1\xa6{{\x95\xdac\xd1g\xe0\xd5\xfe\xa3\x0dP\xaa\
@\xb6\x8f\x8f\x9d\xfc\xe6e\x967\x5c\xfa\xa1\xa5\xaf;\
\xfe\xc0\xc6\xa36\xf8<\xdf\xe4\xe5z\xbf\xdf\xfb\xfb\xba\
\xc9\x03p\x96\xf7\xb9<\xf3n\xb7\x1b\xd6mS\x80\x8c\
\x17\xc0Q\x84\x05\xfe\xf1s\x94\xbc\xdc\x04\xac{\x1b\xf4\
\xedv\xa3\x8e*\x92\xf0\xe5B\xaf\xbb\x06\x02\x93\xd0\xe7\
\xca\xbc\xcc\xb8\xbc\x5c\x11\xfa\x11\xa0h-,\xcb\x8c\x97\
\x97W\x9e\xefw\xb9\xa0\xa6s\x14[\xe3\x8f\x83oo\
o\xf8\xfe\x0f\x7f\xc0O?\xfe\x88\x8f\x8f\x1b\xfe\xf0\x87\
\xdf\xe3\xed\xa7\x9f\xf8#T\x0b\xd4\x0a\x5c\x96\x05\xd7\xeb\
\x15\x97\x8b#|?\x02\x7f\x96\x95\x15\xf9\x04\x00O:\
\xe9\xa4\x93N:\xe9OL\xa7\xf7\xdfI\x7fJ\xf2\x17\
F\x82\x09\xb4x\xc6\x17\xbeG\xa3C6\x10M\x92B\
Cf\x94\xb6q\xf4\x9c\xba\xa1\x96\xde\xdd\x97\xbd\xba\x98\
\x07\xf7\xa4<\xc8h\xa1\x81\x93\xf9\x0b\x7f)V{5\
\xc5[Pm\xf2\xa56J\x01J\xd1\xb6\xcc\xde&\xc7\
\x93\xfb\x8fnt\x13t\xd9\x82\xdet6f\xa6\x89\xe7\
\x04m\xda\xf69\xcf\xdc\xea\xb4\xad\x1bJ%\xbcc\xf0\
\xcf\x06T\x04\x01A\x9e\xaf\xd4\xb0\xaew\x1a\x1f\xd3D\
\xaf\x06\x05\xb1\x98j\xc5\xba\xf2,\xb8Z\x09\x1c\x16\xb9\
;\xb5\xd6p\xbf1J\xe0r\xb9\xa4\xc3\xc0\x19\x81\xd0\
_\xd2/\x97\x05\xb3\x0c\xad\x08\x1a/\xf6\xc2\xb1|J\
\x8f\x02\x99\x81L\x09\x5c\xfd\x0d\xcf\xc1!s\xde\x11\xfc\
+\x85\x06'\xd2\xfcv\xa35\x06\x90\x98\xe7:\x1b\x84\
N\xb3\x01S\xe4\xfd\xe5)\xa4\xe7&\x8d\xd6\x22\xa3\x13\
\xda\x0e\x9c\xf5\xc0`  \x83\xb6\x90\x07\xf4\xd6\xe8\xdd\
6\xd9s\xa5\x03\xae\xa3\x0d\xcb\x81\xbc\x0e\x99\x10Z\xf0\
\x99Y\xe4c\x9a&\x94Zx\x18\xfc\xc6\x03\xd3\xa19\
g\x04U\x1az[\xdbP,'\x14 V\xb4\xed\x0e\
`\x18\x87\x14yA\xe9\xc1B<z\xea\xdfN\x9f{\
\x96\xb7\xed\x19(\xc9e\x92\xee\x82o\x96\xc4 \xe5\x0d\
1i=\xa7l_\x97\xbd\x07\xd3\xe8oT\xeckV\
8 \xacgb>?C`\x1d)\xe9iq,g\
\x90\xc8\xffz}\xa7\x0c\xfe\xc2g1&\x00\x90\xc5\x0f\
\xb2\x13\xbf\x9cr\xaeG\xe7[\x0d\xfa:S\x19W7\
\x80\x04j\x82\x84J\xa0\xcf\xf3\x14!\xe0I<y=\
\xeci\xdc\x0f\x1d}6\x01\xbc\xcf\xea`\xef\xd8\x9e\xab\
\xe7\x1e\xd7\xd2\xf0\xb2+\x85\x5cB\xe3\xab\x02\x07\xd7m\
\xc3\xc7\xc7;\xb6u\x15(\x04\xdco\x1fx\x13\xf8\xb7\
\xdd\x19\x0d\x15A \xc3?\x80 \x02\x13**\xe8\xb1\
\xd5\xc1?y\xfcUm/\xe4\xd9q>\xd7\x8f\xba\x5c\
\xb4\xc5\xbd{\xbbj.K\x19H\x19\xaf\xf9\x0cy\x98\
\x7f\xd5\xa1,F\xf9!\x87\xa4\x98]\x96\xf2\xfc\xd3\x8f\
5\x06\x02\xc3\x00 \x02\xd3\xe5\x8ao\xbe\xfd\x0dj\xf5\
yo\xd4\x87\xd1\x0e\xd2\x5c\x04\xaf\x8b\xd3\x8e\xf9\x9e:\
\xa5\x87\xbd\xf2t\x9b\x00\xca\xddl\xbbxz\x06\xf9\x9a\
\xe3\xa3\xa6\xb76\x82D\xe5\xf9o\xfa!\xa2h=\xf9\
\xf9\x87\xee%\xa6u\xa1\x1f\xb0\x9e\xf1]5\xac\xa2\xbe\
\xdb\xe6\xcf*z\xf6\xf1\xf3\x8d?HAe\x22\x02\xf7\
\xfb\x9d\xc0\x5c\xa9X\xefw\xac\xeb\xc6\xe3(\x14\x00\x04\
\x1a\xc3\xac\xa0\x15\xf6l\xdft\xb6\xdf\xba\xae\xd4\xc7\xdb\
\x0d/\xaf\xaf\xa8u\xea\xe0\xf4\xb2,(\xb5\xe2v\xa7\
\x87\xfbr\xb9p\xdc\x01\x1eoQ\xfc\xc3\xc1\xd8\x22\x0c\
@?z\xd9K\x95\xde\xf7\x06\xa5K:\xc3.\xd3\xba\
1xG\x95\x5c\xcd\xa3\x7f\xac\xe3\xf87,\x97\x85\x9e\
\xf6*\xf3\xfe\xfe\x8e\x907\xa2ec\x05\x9agy>\
\xea\x87@\xb7\xb5,\x17\xcc\x0a\xb6\xd2\xcf\xda\x04\xf0\xfa\
\xfa\xaa\xad\xd2\x041o\xf7q\xbe\xa0\xe5\x16\x11\xb8\xcc\
\x0b\x96\x99\x9f/\x8cx\xee\x1f\xf7\xe8\xf9\xb8\xad+>\
>nx\xffx\xe76\xdf?\xfc\x0b~\xfc\xfe\x07\xac\
+\xb79\xafw\x82\x8eS-\xb8,3\xae\x0a:R\
'\x02\xf3\xa5\xeb\xdd^'\x071\xed\x13\x7f\xd9\x93N\
:\xe9\xa4\x93N:\xe9\xa4\x93\xfeZ\x88\xc6\xc2\xf8\x02\
k\xca\xc6\x86)0\xec\x07~\xa1\xa6\x91\xec/\x8f4\
T\x06\xd8\xd3\xeb}r\xbf7\xe6d\xf4<\xfcZ?\
\x0c\x8f};\xd1_\xd1\x81;\xbfh\xc4\xf8\xd5\x9a\xb7\
\xd56\xfe\xaa\xbf\xf2\xe5\xa0\x0b\xddh\x90\x18\xfc+<\
\xc1$`\xae\x13J\x07\xc9\xc8g\xe8\x90t\x96\xa9<\
\x7f\xa9\xf2\x97\xfb\xa26\xb7m\xed\x86,\xc1\x09\x1bG\
\xc3\xd3.\x82\xe7\xe9MuB\xd5\xb6\xa7H\xd1w[\
\x83\x0eM\x9f\xe8m\xa6mT\xd34\xcb\xe8\x89\x0e8\
M:\xe0\xbfm\xf4\x02\xa0'\x0f\xbd\x01\x0d\xa4A`\
\x1a\xf9\xa0\xb1\xb8\xf90qm\xa1+\xc5e\xb8=\xd0\
\xdb\xa58~\xcf\x85f!\x81\x9c\xd0Vn\xf6\xa7\xb1\
\x09X3 \x9a\xe7\xd0\xdeA\xd1\x8dU\xcayk\x0d\
\xf7\xfb\x8au\xa5A\x060\xe2\xab\xdbj\x0a\x98\xda\x9a\
\xce\xf9\x0bz\xa3L\xf3\xcc\x1d\xa4\xdd\xd8%U\x83\x86\
\x08\xdc\xd6;\xcf=j\x8d\x86\xa8\xae\xcd\xab\x8d\xc0u\
\xf5\x18F;\xd1A\x1d\x9d\xd9\x14\xde>\xcd\xf6m\xf0\
v\xc3=\x82\x87\xe7\x0bF\xa4\xb7\xe0\xca\xc02\x0e\xfa\
\x11\x9b\xb6e\xd2\xf0\xb4Ga\xf4W\xf482a\x95\
\xdf\x8dO\x99}\xceH\x11@\xb42\x82|\x08\xdc\xf2\
\x98\xb8\xf6\xa8\x8bc\xeb\xa4\xd7\xf5~\xcd\xfa\xaa\xb7>\
\x8a\xa7|%\x1c\x9f\x1bT\xa3\xfe\x8c(*s(\xb5\
#i'o\xac\x96\xa9\xff\xf6\xc9s\x060o\x92y\
\xcf&\xc3,O}\xe1\x99i\x0d\xad\x0d\xa0\xd9A\x22\
J\x10,\xb2>\x0c\xbdg\xdb\xa1\xed\xf9\xfbN\x93\x9c\
\xd2sm\xc8y\x80_\xcf^U\x01@\x0c\x8e\xf7{\
\x9d\x97\xe7<\xe7\x8f\xf1sL\xe6u\xdd\x14\x00A^\
\xc0\xc0\x86\x16+nwnW\xdc\xb6\xc6m\x9a\x1f7\
\xbc\xbf1\xaa\xefm\xbdc\x93\xe7\xeb&Ob\x07\xbb\
\xa9\xc5g\x05:\xa8\xc7\x84\xf9\xc2\xad\xbe}\xbb\xaf\xb6\
[\x1a\xfcct_\x01\xc2u\xe8\x97\x96\x02\xd5\x11D\
(\xc7\x09\x82\x5c%C3X\x90\xff\x86l\x9f\xe9%\
\x10(Tx\x02~\x8d\x9e\x7f|\xd73*\x02\xf4\x17\
\x1eA\x17\xfa\xbc\xed\xf4\xe8\x89fz\xc2\xc3\x9f\x95*\
\xb5\xd3\x01\xb0n\xd6\x7f\xe5\x87\xea\xf9\xa8\x02gE\x10\
\x16\x14\xc4\xa7\xf41\xaf\x01\x02z\x00F \x9e\xa4_\
~\xf9Y\xb65\xcem\x93\xd7q\x01uv\xdbZ\x7f\
\x96F\xff\xac\x1c\xba\xd2\x1aA9?\xa3\x22(\xa7m\
[1M\xec\xdf\xe7\x06\xde\x14\x00d\x9afz\xeei\
\x9dx\x1b\xec<_p\xb9p\xcb\xea\xac\xad\xb9>O\
\x12\xfa\x0c\xe5\xf3\x9d\xc0\xdbT+\xb6\xf5\x8e\xa6\x08\xb6\
\xa5\x14\xac\xeb\x9d^j\xa5\xa2\xe8\xdcU\x7f~\xae\x0a\
\x9au_\xe9\xa5\xb7\xae\xfc|\xe2\x16r\xad\xbb\x00\xee\
\xf7\x15?\xfd\xf4\x86\xf7\x8f\xf7\xdd\x1a\xf6\xa4\xb4\xa0\xcc\
\x22B\x00\xf6\x80\xb68#\x1b\x96\xcb\x84/\xdf0\xa2\
.\x9f\xe9\x0a0\x05~\xe6^.\x047\xeb4\x22i\
O\xf3,>(\xb3h\x81y\x9aQk\xc1}\xa3\xa7\
\xfe\xba\xdeq\xbf\xdd9>\x00\xef\xef\xef\x8c\x14\xbc\xd2\
;\xaf\x140Z\xaf~\x1c{}y\xc5\xeb\x97/x\
\xf9\xf2\x05\xcb\x85\x01>\x16E\x0c^\xd7\x15\xdf\x7f\xff\
=\xfe\xeb\xef~\x87\xff\xf6\xdf~\x87\xff\xf2\x7f\xfd_\
\xf8\x97\xff\xfe/x\xff\xe9]\xcf\x88\x86\xb6\xddQ\x11\
X\xe6\xda\xb7\xfb:\xb0\x0a\x7f\x10\x95^Q)\x87\x1c\
\xfa5\xf5(\xe2\xdc\x02|\xd2I'\x9dt\xd2I\x7f\
R:\xbd\xffN\xfaSS\xa43\xe0J2X\xfdN\
cA\x06M\xb2kzZ\xb7H\xfc\xf6\xc4xJ\x06\
\xcbg\xc4\xef\x99\xfb\xfc\xe3\x97O\x12\xbfX3\x8f\xde\
`N\xe7\x16\xa8\xc1o\xae\xdf\xe4-\xc1/\xb1\xc3\xfb\
\xab\x96\x09!0\xc7\xe3\x8d\x00j:O\xcc\xe0\xc0\xba\
\xae@\x00\xf3\xbc\xd0`\xdaV\x1d\xaa/PO\x7f\x8a\
\x8c\xe0\xa6\xf3\x92x\xdd\x10\xf2\xacYWn\x01\x8d\x08\
\xcc\xcbB\x19\x8b\x87\xdb\xfd\x8e*o\xa6\x10\xc0\xe51\
\xbe\xbf\xbf\x01\x11xy}\xc54-\x88FO\x8c\xdb\
\xed&O\x00\xf6\xed\xb3\x89\xdc7@O\x02\x03\x07\xc7\
\xb9 \x08\xc2\xf1s>\xb9%\xcb\xe5\xc2\xdbb]F\
\x1466\xd3\x96+\x1b\x97\xbe\xce\xefnc\x07`h\
n\xacg\xa5\x14l\x0e\xa8\xb1\x8d\xb3\x9cJ\xf7F\xf1\
\x96l\x1e\xe0\x8e\x0e\xd2\x16\x192\xe4\xa5t\xefL\x02\
\x8b\x95\x8eM\xf4\xba\x5c\xb9M\x19\x02P,#\xce\xfd\
\x00\xf8\x86\xac\x06\x0f\x06r\xb9\xc5{\x94\xaf\x02\xff.\
\x97E\x86\x9fA\xd7\xe8:\x8b\xd6\xd0\xd6\x1b\x9a\xce\x00\
$i.\x0a\x84\x94T\xbe){\x80\xe1zu\xe0\x84\
\xf9\xd4x\x0e\x87>\x86\x8c\x92\xaa\xca\x1dV\x19\xd4\x17\
R\xa2\xc3\xaa\xd5M\x9e\xeb]\xfe\xee~\xdf\x83\xc72\
\xaa\x8a\x87\xd4\x80\xbdm\xdc\xfe\xf1\x1dn\xb5\xa8vn\
\xcf\xed\x03\x1c\x8b\x86S\xcb\xf0\x00\x84\x8co\x167w\
C\xde\xe3\xb9\x00\xcd\xa1\x7f(0\xf0\xe2\xe9\xa1t\x9d\
\x96\xf9\xdb\xb7\xf1<-\x97\xcf\xe4b\xa3|\xd6\xb9Q\
\xae\xa5m\x84\xd6E\x13A\xea\x15-y,{}\x10\
`a\xe4\xec\x02\xcal\xdb6|\xbc\x13\x84\x99*\xbd\
\xf9\xda\xb6\xe1\xbe\xd1\x13\xabmD\xd4C\xe0L`#\
8S\x0a\xe6Z1\xcd\xde\xea;\xe4l\x80\xd2\xfa_\
\x0b\x03\x1ey\x10E\xfa\xc7\xf9\xe3$\x16\xd0{\x8b3\
+/A\xeb\x90\xe6\x99u\x08\x05fe\xea\xe3\xe7\xa0\
\x08\xf8\x01\xd2\x83\xe0\xe7A4\x14\xcd\xe7\xd8\xfa\xab\x97\
A\x5c\x00\xcb\xe5\x15\xaf_\xbe\x13\x08\x98\xd7:\xfb\xe0\
\xb2\xb5\xbc\xf7\xb2\xf7\xf5\xd0-\x12\x9f\x05z\x8e\xa4\xf4\
c\xddtK\x1d\xe8\x9fg\x8fu\x82*\xd8\xe5\xe7\xa3\
\x15v\xbcj\x8bik\x0dU\xde\xed\xb5\x14\x84\x8e\xaf\
\x08\x00\xeb\x9d Y\xdb\x1d\x8f\x00\xac\x02\xe5\xd0u\x8a\
\xcf\xe3Z\x09\x0am\x0aRa]\xdd\x1a\x81\xe3yY\
\x184c#\x83\xfe\xe1\x03\xf2\xaa\xf3s\xb8\xd6\x09\xf7\
u\xc5\xfb\xdb[\xe7\xb7N\x04\xb6>>n\xf8\xf2\xe5\
\x1b\x5c/W~\xb6\x88\x8f\xd0\x8fa\xf6\xde\x9b\xbd\xae\
\x05\x86\xcd3\xb7\xb3\x93?~\x06\xb8^\xd5\x8f\x90\x8e\
\xa8\xde\x1a\xcf\xde5X\xed\xe7i\xd1\x9aXWm\xff\
\x9d\xf8y}\xbb\xdf\xf0\xf6\xfe\x86\xfb\xfd\xde\x8f\xcf\xe0\
\x8fm\x15mk\xf8x\xff\xc0\xfb\xfb\x1bj\xad\xb8^\
\xae\xfd\xb3\x03\x9a\xbd\x02\x1e\x83q\xbf\xdd)\xcf\xd60\
)\x0a6J\xc1G\xdfV\xcc<\x14\xfe\xd8\xf5\xfe\xfe\
\xce\xe3F\x0a\xb78_/W\xbc\xbc\xbc\xe8\x5c>^\
\xdb\x93\xd2^\x81\x00=\x22\xff\xe5_\xfe\x05\xbf\xff\xfd\
\xbf\xe0\xc7\x1f~\xc0\xfd\xae\xa0\x1e:\xffw\xaa\x05\xf3\
TqYf\x5c.\x17\x01\x87\xfe.08\x1f\xb2\xdf\
\xa9a\xd2C\xae\xaf\x88s\x0b\xf0I'\x9dt\xd2I\
'\xfd\xc9\xe8\x04\xffN\xfas\x90\x0dF\x80\x06\x8f\x0f\
\xd6\xa7\x81\xc0/\xfd\xd9\x80\x01\xf4-Q_\xb4{\x12\
\xf4\xc5\xf1\xb3:\xfdK\xe4\xe3\xfb1-\xf7\x0d\xa0\x1b\
i\xc3 \xb7Q\xc7\xaf\xdc\xb5\x1a\xfc\xc3\xce\xb8r\x9a\
\x8d\xf8\xaa_\xd4\x8b\xc6\xed\xa8\xa1\x04\x82\xec\x15D/\
2o\xf7\xa1w\x01\xcf\xe8\xabu\xd2\xaf\xfb\x81m\xe5\
\x17|\x1a\x15\x90\xc1\x19\x80\x82\x11\xb8_D\xc3\xfb\xc7\
\x1b=\x01bxWLSE\x9df\x84\xce\x00B?\
\x8f\xa9\xf0\xfc#{\x1aF`\xaa4\xf0\xb6m\xc3\xe5\
z\x91' =1\x10\x81\xaa\xadx4\xf2\xd6\xee\x1d\
P\xd3\xd6 n3\xa6w\x85\xe5\xeb92\x00\xe7k\
\x82\x0e{o2\xd7\xf1\xcbe\xbb\x97P\x0a\xda\xe12\
\x038\x1b\xedN3\xcf\x08+\x85FG\x9eg\x1f\x5c\
N/\xb8&\x03po\xa8x\xcb\x1e=7\xb8\xf5\x9a\
|\xeeA\xca\x08\x81dA\x9d\xd9\x04v\xb4\xd5\xa0\xac\
\xce\xca\x92<j\x0a\x02bb9F\x98\xac\xd5\xe0(\
\x89}\xd1\x98\xae\x85\xde#\xf4\x04\x19k\xaaI\x8e\xde\
f\x87hh\xdbMg\x00\x0a\x08(\xc5.R=\xad\
\x80\xe9\x05\x02\xbbv\xa0\xdfX'!yQ\xcf\xb8\x16\
\x0a\xe8)\xa4\xaa\x94\x99\xfa\xe1\xbd\x06!o\x0eR/\
\xbc\x9b\x0f\xb68\xae\xe1\xda*\xcen\x06\xcfU^\x9a\
\xa9\xb9dZ\xbaAW\x1e\xf9G=\x83<\xc5\xec-\
;\xd2\x0b\xa2\x84\xfa%\x05t_*\x0f\xd0\xdfE\x01\
\xce#Hc=\xc8\x10zuY\xeayAQ<\xd6\
\x1b\xc4\xb6\xb3\xcc\xf2\xf5\xb34>c\xd4\xdf\x0etd\
\x19\xeb\xce\xb6\xadX7\x1e\x11\xc0\xe7\x1c\xc7\xea\xb5\xe1\
\xe7\xc8\xe0\x95[\xf2\xc7s\x0c\xf2Bf\xba\x033l\
\xdb\x8a\x22\xa0l\xdbV\x05\x17\xda|\xfa$ \xe8j\
*\x15\xd3D\xef\xacy\x96w\x9f~\xec\xe0\x9a\xde\x83\
\x7fE\xe0_\xe5\xc4u\xcf^\xcf\x1b\xff'\x9d\xd6\xdc\
\x14-\x0e\xaf\x05\xa5\x8e\xed\xf0]o\xad\x03\x87\xa9\xe8\
\xb2\xd53\xc7\xcf\xe1.[\x82\x16~>\x87\xbc7\x97\
\xeb+^^\xbf\xd5\xb3\x97 YW\x9bLO\xfa\x1f\
\xfaj]\xa1\xac\x99\x99>\xab\x0c\xdc\x1dT\xc2\x81]\
\xc69\xa9\xec\x07\x02\x02\xfbV\xefb/Tz}\xa3\
p\x0bv\x1a< P\xee~_)\xbb2\xb6\x1f\xd7\
\xca\xeb\x90\xf7\x1e\x01A{Bk^\xc2\xc7.\xe83\
F\x80\x19\xc1<\xb6Tu6^k\xf4\x14\xef`\x9f\
\xe4[\xf4\xbc5\xb0\xbf\xae7 \x08\xf4\xaf+\x83\xc7\
D\xfa\x5c\x9f\x15\x18d\x11(\x15\xf2\x5c\x87\xbc4\xfb\
\xb34=\x93\x0dn\x87\xb6)\xfbs%\x02\x98\xa7I\
\x11z\x09\xf2Y\x8e^W!\xcf\xc2\xcb\x85\x11t\xa1\
\x1f\x01\xb6\x8d\xe7Z\xf2\x87,\x9e\x1f\xe8\xc0\x1c\xdc\xce\
>\x80G\x9f\xb3\xfb\xfe\xfe\x06\x00\xf8\xf2\xf2\x0a\x84\x22\
g\xaf:\xc3Wg\xe0\xde\xee\x0c\xc6\x15\xa0\xa7\xbe\xb7\
0o\x0a\x0e\x02\xe8\xf4\x060`\xca}\xbd\xa3\x94\x82\
/\xaf_p}\xb9\xe2z\xb9\xe2\xfa\xc2z\x97\xeb\xb5\
\x07\x00\xd1r\xc0\xc7\xc7\x07~\xfc\xf1G\xdc>>\xf0\
_\xff\xcb\x7f\xc1\xf7\xdf\x7fO\xafW\xf0G\xa6\x02n\
\xf3\xbd*2\xf0\xcb\xf5\x8a\xcb\xb2`Y\x8e\x9f\xa7\xa2\
\xfc|R\xe6x&q\x8e\xa9\xcf,w\x02\x80'\x9d\
t\xd2I'\x9d\xf4'\xa23\xf0\xc7I\x7fj\xf2\x97\
`~\xd9\x1b\x16P6x\x86\xb1\x93i\x18+E[\
\x1b\x99\xfaYy\x7f\xa1\xa4!\xd6\x1a\xcf\xce*\x0f\xde\
82`z\xd9\xf4\xc5T\xd7\x06\xd2\xcc\x1b\xfb\x93\xf1\
\xa7\xae\xe3\xb0%\x95_\x9c\xc9g\xf1\x81\xe5\x8a \x08\
\x80\x06\x96\xc1\x9ai\xd6\xb9w4\x22\xbdmiY\x16\
L\xf3\x82\xa6/\xfdE\xc6XI\x07\x9a\x97ZQ\xeb\
\x84M@_)\x05\xf7\xf5\x0e\x94\x8ay\xe2\x16]\x1a\
\x9c \xb8\xa1H\x7fM^~\xd3\xcc-\xc0\xeb\xba\xf6\
r\xde\xde\x0a\x00\xd7\xeb\x0b\x80\x82\xdb\xfd\x8e\x00p\xbd\
\x5cpY.h\x8a\xda\x19\xd1x\xa0\xb7\x02\x83\xbc\xbf\
\xbf\x03\x02\xb2\x00\x9e\xc7\xe4v\xc9\x03\x05\xc6\xfa\xde2\
\xd8:p:M\x93\xfa\x1e^\x80\xae\xb3\xb5\x0d\x9b\x8c\
\xd2\xd9\x87\x87\xd7\xda\xcf\xc8\x9bg\x1f\xbc\xce\xf9\x18\x00\
\xd9D\xa0O\xdb[aoI\x01x\x000O3\x96\
\x99\x11\x0f\xb7\xe6\xe0\x03C\xe7\x9a\x80\xc7\xac\x03L\xa7\
W\x04\x01\x94\x8d\x8a\xach\x8fn\xbb\x83\x15:\xc7\xaf\
\xa6m\x95aPd[Qu\xceY\xdf\xca\x18\xe8[\
\xe8:\x00\x03n\xd3\xa2\xa1:\xd3KDyM\x1eG\
0\x00\x18\x0d\xd1Vl\xeb\x1d\x90w\x86\x96\x91\xd6\x8d\
=\xfdd\xe8\x0b\x04\xb1\xder\x8d\x0d\xe3L+$\x81\
\x0b\x02^\x81\xdd\x81}\x96\x9b\xa1\x00\xf7\xd7\xeb\x8b\x09\
\xad\xa2QO%y=^\x83\x22\x05jP}/@\
\x0d\xc3d\x1e\x0cr\xb8\x9d\xfd\xf3BkU\xdea\x06\
\x92X\x9f\xa5\xcd?\x80\xe1\xfd\xa5m\x8e\xa5\x14L\xf3\
\x22\x00p\xcf\xa9\x0a\x1e\x13:\xf5\x9c\xf4\xdc\xe1\x8b\xb9\
\xe31D\x19FH\xee\xbd\xdc\xe3\xcb\xcf\x9fPy\xbf\
\xd8\xbe\x80s\x9d\xa3I]\x19\xba\xbd\xb5\x95\x1e|\x8d\
\xe3\xad\x02\xc9\x22\xb6\xee\xd9\x14M\xf5\x054o\xdb\x8a\
&\xcf\x1f\xaf\xadM\x1eNM^A\xdb*\xd0\xb0\x05\
Z?\x9f\xb3\xa1\x0a\xac\x99\x14\xb1wV \x8fY\x01\
>j\xad}\x8b$\xd7\x0eq.\xcf_\xe8\xf9\xeai\
\x8aB\x08\xaf\xeb\x86\xf3\xbb\x0ep\x8e\xa9\x17c\xaeJ\
\xb1~\xa6\xb3\x02\xa1\xfe\xd4\x96J\xf2\xcd\xf2\x14\xa0\x89\
\x04\x88zn\x0c\x04\xf6-\xde\xc2I\x96\xebU\x00 \
\xbd\xd6Ld1}.\xedT)\xdf\xb0\xbd\x9eS\xd0\
\xcf1\xec\xeaR(\xa3\xac{\x5cc\xc3\xe3\x13\x00\x8a\
\x9a\xa1W\x17AW>\x8f\xf8\xf9\xbc5>\xcb\xe8\xd5\
\xb7\x7f\xce\x01\x04w#Z\xf7\xac\x1b\xbaF9\x14E\
\x84\xe7V\xd4)\x8dC\xe7\xd3\xe9\x07\x12Dp\x0b\xaf\
\x8ej\x80\xce\xb3\x83<\xcd\xeca\xff\xf2\xf2\xd2?3\
\x02\xdc\xe2JO\xd4\x82m]\xe9e*O\x5c 0\
\xe9\xb3/\x22p\xb9\x5c\x00\xd0\xf3\xb0\xd6\x8a\xf7\xf77\
l\x1b#\xe0\x1a\x18\x85\xc7\xa0\xcf\x99h\x0doo?\
q\xeb\xac\xbc\xa7\xdd\x9e=\xe2J\xad\xb8\xdd\xde\xfb\xb1\
\x0dU\x9f\xbd^\x87\x93~\x00\x83~L\xf1s\xbc\xf6\
h\xc6\xfcN\xd0\xb6\xad\x83\x8e\xfe\xcc\x80\xe6\xcd^\x96\
\xaf/\xaf\xccW\xc0\xb0\x16\xfa\xb1J?\xb8\xdd\xf5\xe3\
T\xad\x13.\xcb\xd2\xb7;\xf3\x98\x0d\xc9\xab{\x87\x03\
/\xd7\x17|\xf9\xf2\x8a\x97\x97W,\x17\xeac)\x05\
\xf3L\x8f\xbf\xa9\xd6~n\xe2\xfb\xfb;~\xf7_\x7f\
\x87\x1f~\xf8\x01?\xfd\xf4#>\xde\xdf\xfb\xb3\x1d:\
6\xe4\xe5z\xc1\xeb\xebk\xda&\xcc\x1f\xb0\xc6\x0f\xa9\
\x06\xa5\xb5~\x92\xc2*E\xe9\xfe\xee\xa1\x02\xd2\xa9\x13\
\x00<\xe9\xa4\x93N:\xe9\xa4?\x01\x9d\xde\x7f'\xfd\
9\x88\xc6\xc4\xf8\x92\x8b\xa3\xbd\xa32G\x8a\xb4\xcd\xd6\
\xdf\x0d\xedE\xf0\xac\xbc\xe9!\xefIQ\x97\xc9e\xf7\
\xd7\x10XRw\x81C\x22\x01\x80\xaecC\xce\xf5\xc7\
=\xbf\xb0\xdb\x93n\xdb\xee\xdc~#\x10\xabt\xa0i\
E\xd1\x96\x9c\x08Fp\xb5a;\xcf3\xcaT\xd1\x22\
\xb0\xde\xef\x1d\xc0\xa1a\x0f\x95\x05\xea<a\xb9\x5c\x00\
\xf0\x0b8\xbd;*J\x9d\xf0q\xfb\xc0$ 1\xe4\
\xfd\x10\xc9\x8b\x8e\xd1\x07\xc9\x0b\x01\xb5q\xd0\xfb<M\
\xa8S\xc5\xed\xe3\x03\xf7\x1bA\xca\x08\x82\x05\x05\x05\xef\
\xb7\x1b\xb6\xfb\x8ay\x99\xe9y \xc3f\x99\xe7\x83w\
\xce\x00\x00[\x8a2l\xa0\x90\x80\x16u\x84\xf2c?\
[4l-0\xcd3\x16\x1d\xb2\xce-\x87#\x12)\
\xeb\x0fo\xc2\xaa\xad\xd0\x9b\xb6{\xb9\x0c\x1d\x1d\xe9\xd9\
Q\x00L\xf3L@c\xa3\xc7Jk\x04\xf1h 3\
\x7f\xd6\x99\x87\xc7q\xd8\xe03\xa8G\xb9\xeb\x95\xc0\xbe\
9\x05\x8ch>\x0bPz`^\xcb\xa4\xb6\x05\x22\xde\
\xef\xf7\xd46A\x12z\x8a\xd0\xb3\xc2\xe3\xb5\xd1jy\
\x8a;F_\xdc\xd8\xc6\x00\x07\x88\xa6\x14\x83!\x02\x86\
]\x8b\xde|\xf6R\xe3\x9a\xe9\xab!8\xe9\xd4\xef\x04\
\x0a\xee\x16\x16\xef\xd5\x1as:\xa0b\xd9(\xad\x03.\
*\xd0\xc1\x9c\x03\x19\x90\xadlC\x93\xc9\xbc\x04\x061\
;\xd7fY\xa6\x8dv}\xdf\xeb\xba\xcfR\xc8{\x81\
\xc6\xa1Qx=cx\xa5\x94ZQg\x9e\x895\xfa\
\xf4{\x96\xc9Q>\xfb\xd4\x88F\xcf+\xcb\xb4?_\
\x08\xaa1\x10\x8c\x00\xb6\xee\x8d\xc7\x97A\x85M\x81\x0e\
\x9a\xb6 \xf6\xed\x88\xdb\xc6\xf3\x1f\x05\x10\x13t\x18:\
K\xb0\x90g\xafE\x04bk\x88\x22\x90\xb0\x11|\xde\
:\x08\xed\x80\x0a\x04\xf6\xb6\xe4\xa9\xcc2:\xdbr5\
hH0\xba\x80G\xcaq\x9e\xed\xe9'\xef)\xbd\xa6\
i\xe2\x96_=c\xfc\x5c\xcc\x00`\xf5<Z_\x0d\
P\xc9\xb3\x8d*1\xf4X\xd3\xcby\xd7\xfc\x8cw\x00\
%\x92\x17\xa2\xdau^oc\x00\xc0\xfd#!\x02\x81\
\xd6\xbd\x1a)E]wp\x95rm\xf2\x92D\x04\xe6\
\xe5\x8a\xeb\x17\x02\x80R\xb3\x04\x90\x90\xb7\xfe|\x19\xfe\
}\xbd\x7f\x8fc\x07\xdc{q\x89\x0b\x80\xcf\xcb#\xf1\
\xdc7\xff E\xfd\xda\xa4S~\xee\xba\x7f\x02\x80\x8d\
Q\xd65gl\xda\xcfbk.\xf3\xc63\x87\xcfq\
\xb6C9\x15=\xdbC[{\xa1\xcf\x18\x03p|&\
z<\xe4\xa1\xda\xfbO\x00\xd4</h\xfaa,b\
\x9c\x93y\xbb\xdf1\x15\xae\x9f\xfb\xba\x12\x004)h\
Hk#\xb0\xc8\xfb\xfb;\xee\xf2\x94\xbb\xbe\x5c\xb1\xcc\
<75\x22\xfay\x81\xb7\xdb\x8dg&*zuq\
@\x0d\xf8\xac[\x02d\xf7\xfb\x1d\x1f\xb7\x0f||\xbc\
\xe3M\x1ez\x11\xf4\xd8\xebs\xa8\xb1\xf0\xb3\x95\xcf\xfb\
Z+.\x97\x0b\xa6y\x01\xf4c\x1c\xcf\x9d\xf5\xb9\x82\
\x1b\x16\xf5\xe135\xaf/\xafX.\xd7\xae\x08!\xef\
B\x03\x98\xeb\xca\x1f\x07\x01hMn\xb8\xdd>\xb0\xae\
>\xff\x90\xf2\xb2\x97\xe5\xcb\xf5\x05\xdf~\xfb\x0d\xbe|\
\xf9\x06\xcb|\xc1\xd6\xe8\x89x\xd1\xb6_\x00x\xff\xe9\
\x0d\xdf\x7f\xff\x03\xbe\xff\xe1{\xfc\xe1\x0f\xdf\xe3\xc7\x1f\
~\xe8\xde\xffS\xa1&\x95Rp\xb9,x}y\xc5\
\xf5r\xe9\xdf\x17\xac\xa3!o\xd4g\xfaxL\x8a\x10\
p\xee\xeb\x91\x01\x9c\x1e\x80'\x9dt\xd2I'\x9d\xf4\
\xa7\xa1\xd3\xfb\xef\xa4?\x07E\xb4\x1e\xec\xc2_\x94\x8f\
\x14\x02\x09m\x98<P7\xe8\x7f\x9ehH\xeb\x0be\
\xffr:\xbc-|\xedW\xee\xd3F\xb2\xcb\x95\xb4-\
(S\xe6%\x7fy\xe5\x17\x7f~A\xef[y\xe5u\
\xe1:\xc5\xc6\x1e\x9d\xb0\xba\xf7\xd7\xaam\xb4\xf3<3\
Jh\xe1\xb8\xd7m\xc3z\xe7\x19B\xcbr\xc1*\xa3\
\x0a\x08\xacw\x1a\x1f\xb3\x02r\xd00\xb0\xf5MO\x81\
\xd2\xb7\x99r\xdb\xd2\xd6\xe4\x012M\xb8\xeb\x80t\x14\
zEM\xf2\xca\xf8\xf1\xc7\x1f\xd1Z\xc3\xb2,\xf2N\
\x1cQ\x12i@\xd2\x93\xb0\x80`\xe4\xe63\x9c\x1aA\
\xcb\xe5\xb2\xd0s1\xc9i\xdb6||0\xe2\x22\xe4\
uF\x8f\x19\x1b,l\x83@\x87\x01Jz\xd3\xd8C\
\x81\xf7\xf9\xec@\xca\xd0s4\x8c/\x826\x06j8\
\x8f\x02 \xc5+t\x8ea-\xf6*\x1c`\x1a\x00\xcc\
\xcbEsG#\xae\x0a\x88\xdd\xe4\xc5Ip\xd7\xe3\x18\
\x1e %\x19\xb5\xd6k\xebDk\xad\x83]]E\xed\
ye\xc3-\x02e\xa27\xe7$\x8f\x12\xf7E\xaf\x12\
\x820M\x063\xa4\xc3\x8cX\x19\x0c\xf4\xb1\xdd\xe5\xa9\
\xe4]\xbb4\xd0\xb8\x90x\xdf\xafa\xd0&\xe9t\x06\
P$K\x82\x0dd:\xdcD\xaf\x90\x11C\x80\xe0\xc4\
XCY\x0f\xc0\x9e\xbb~\xa3\xf71\xee\x09\x94\xf0\xa6\
\x1f\x17\xe0\xbfO\x9e\x05\xfd\xbe\xaf1\xdd\xbaVNw\
f\xe7\xf7\xd0q'\x03\xa2z\x15\xa0hMWyd\
\x0a~\xd4\x8b\xf2\xc9\xcf\x03?c\x1eI@\x1c\xb8\xed\
/\xeb\x09\xf5p\x93'\x9eA?z\xdd\x8dw\xce=\
\xf5>\x07ua\x19\x83q\x8c\x1e\xed\xe0/\x02\xabT\
?\x07\xf1\xf0\xfd\xb6n\xf4\xf0[G\x9b\xb1m@\xe3\
\x0f\x13\xec\x8b/\xcb\x87[\xa3\xe9\x15T\xf5>U\xfe\
\xe0\xe0\xf5\xc8\x88\xbe\x04~\xeaTP&\x02\xdf\xbd\x8c\
\xf5D\xd7\xf0\x9c\x95B\x19{\xce\xbd\xe6\x0f\xf3J\xe2\
<X\xcf\x8fz\xc7\xea|\xf6\xb2\xbe\xf5\xff\xa0\x9f]\
\x15\xb2N49\xbc\xea\xf3\xc1/\xcd\xb7\xbd\x98\xa2\xd9\
\xf3\x91\xb0\xdb\xbc\x5c\xf1\xfa\xcd\xb7\x98&F_E\xe2\
\xf9A/v\xbc\xed2\xfa\x15\xfbr\x1b\xa9\xa4.\xfa\
0vj\xcc\xe7\x00\x7f\xf8\xe1\xb3\xbb\xc8{\xd7\xfa\x19\
\x06-Q\xe4\x99n\xd9\x0f^3\x08Y\xba\xc75#\
\xbf\xa3{\xcd\xef\xe7\xa4m\xd2\xa7\xd6\xb0\x080\xca}\
r\x0d\xe9\xf9\xbdm\x02\xfc\xf8L\xec\x91\xa4\xe7\x05\xad\
{\x8f\xdf\xb1\x5c\xe6\xceg\xad\x95\x00\x9e\xda\xf2\xe7\x80\
\x9f\xd3\xeb\xfdN\x90\xeb\xcb\xab\x027\xd1K\xf1\xe3\xf6\
\x81\x8f\xf7\x0f>\x93\xb7\x0du\xe2\xba\x9e\xe7\x05\x88\xd2\
\x03[q\x8b2=\x13\xdf\xde\xde\xb8\x16\x05\x8e/\x0a\
\xccq\xbd^\xfb\x18\x8a\xc0\xcfy\x9e\xfb\x5c\xce\xf3E\
\x9fC\x8cd\xfc\xfe\xf1\x8eM\x00\xe0\xfd~\xc32/\
\x1d\x84\xbb\xdfo\xa8\xa5b\x9e\x17\xd4\xa9\x0a,\xe4y\
\x9a\xd34#Z\xc3\xed\xe3\x86\xf5\xce\x1f\xaen7\xae\
_\xf83\xbeG\x9fg\xb0\x94o\xbe\x10\xf4\xf3g\xf2\
\xe5zE)\x15\xdb\xbab\x9a\xf9\xd9\xd2\x22\xf0\xf6\xd3\
O\xf8o\xbf\xfb\x1d\xfe\xe5_\xfe;>\xde\xdfq\xbb\
\xddP\xe5\xe9\xc7w\x01\x89/W\x01\x7f\xdcE\xd0\xf5\
0{\xb3\xe6\xcf\x89\xbe6\xc6=\xd7L\x03\xa0\xad\xd1\
\xc1\xe7`'}G<\x01\xc0\x93N:\xe9\xa4\x93N\
\xfa7\xa6\xd3\xfb\xef\xa4?\x17\x19\xd0A2~2\x19\
P\xb1\xb1\xb8\xff2I\x1b\xa4\xdf\x1fl&t\xe3d\
x\xdd\x99J)\xc3\xabI\x86Z6\x0a}\xef\xeb\x96\
<\xd0\xfc\xee/\xac\xdc\x1e7\xea\xd2(\x1f|\xe7q\
m\xdab5/\x17\x94Z\xb0\xda\x8b!\x83\x9c\x05\xf4\
\xb6(\x8cL\xf8~\xfb\xc0\xb6q\xab\x90\xbf\xc4\xbb\xff\
\xf5\xceH\x85\xf3\xcc\xad\xb2\x1d\x1c\xf3\x96\xdei\xc2*\
\xef\xb2\xd8x\xa8>A>\x1b\xe7C~\x01\x02\x0eU\
\xa0\xd5\xb6\xad<l_g\xe6\xddePd\xc3\xa6\x00\
\x98\x97\x05\xb5T||\xbc#\xa2\xe1z}\xc14\xcd\
<\x0fP[\x9c\xe8\x99\xc3\x83\xd5\xe7y\xea\xde\x9a\x96\
y\x06\xe9\x1cM\x14@7\x9e\x07XG\xcf9\xe8\x90\
u\x02\xa4\x8c\xae\xd1\xda\xd6\x0f\xa0\xa7^\xe5\xa0*\x06\
\x0di\xfc\xe5~\xb7\x8d\x80\x06\xe4U9M\x93<\x02\
\xe9\xcd\xc8\xfe\x06\x00\x5c\xeb\x842U@^%!\x90\
\xd5[\xdc\xe8\x19Bcv\x93\xd7\x8a=\x99\x8a\xa2\x94\
\x1a\xa0\xc9\xbc\xd0\xebq\xe8\x10A;\x1b\xda\x02-\xc0\
\xf3\xa6\x16\x1d\x80?M\x15(\x02\xfe\xd6\x9b\xb6Y\xde\
\x19P\xe1\xb0\xdd\x18\xd1\xb0\xad7\xa0\xad\x9c\xed\xb4M\
\x97\xed\x83\x0a\x91\x00\x15\xe6 m|\x1dW\xcc,L\
\x11H\xc9u\xe3\xac\xb1V\xed\x8d\xa4\x1c\x94\xe4\xd1t\
\x5c\xb8}\xbd\xb0A\xb6!\xde\x0aR3\xe9Z\x12\xa2\
>\xf76FA\x8f\x87\xc3382\x8c\xd3.#5\
V\x84\x93\x8f\xfa\xd0\x9a\xa1\xf7k\x08\xe02\x8f\x00\xc1\
z\x06\xa7\x18[\xcf!\x99x\x8c\xe9Q\xf03\xe4-\
r\xac\xcfg\x97\x81Ay\xc7\x84\xae\x05\xde!\xc6\xb6\
v\x03\x1d\xd6\xfd\xd6\xec\x85\xc6\xb6\xa8\xcb\xf2&\x94G\
a\xdb\x1a\xbd\xf5z\x84j\x82\x8c\x04\xafF[\xe2\x0e\
%\xe8=\x06\x8d\x8b/\x82vS\xf2\xe2\xad\x87\xe8\xc1\
\xd6sz\xae2\xf8\x81\xd3\x91\x818O\xb6\xe7\xce\xfd\
\xf6g\xea\xfe\xbcX\xcb\xed\xf8\xe3\x82\xf3\xd9\xae\xb4\xe2\
8\x11\x1e\x80\xd7\xd9\x88b#\x1e@/'\x96\x18\xed\
x\x0e\x1c\xec\xa4oY\x94\xdc\xd2\xf6\xd4\x10\x90f\xb5\
\x99\x97\x0b^\xbf|G\x000\xf5Mv\xf6\xef\x83\x95\
\xa1\x17\x99\xaccY\xef\xcd\xa5\xf3\x5c-\x92\xde\xda\xd3\
\x93u\xf2\x5c\xea\x07\x186\xe4\xc1J\xd5\x07 \xed\xf2\
\xd61\xcf\xbf\xf5\xb5h}\x19X\xe6\xf3\x88|l\xad\
a]\xef\xb8\x5c\xae<\x8b\xd6\x9f\xd5`\xf9\x02~>\
\xdet\xf6l\xad\x15\xd7\x97\x17z\xc8\xddo\x98g{\
\xcf\x13D\xac\xa5\xe0\xb2\x5c\x80\xc2\xc0\x1f\xfc\x0cn\xb8\
\x5c\xae\x1d\xf4+\x85\xe7\xdb\x96R\xfa\x99|\xa5\xa0\x03\
\xda\xdbz\xd7\xb1\x15\xd4\xbf:U\xbc\xbc\xbc`\x9a&\
l+\xbd\x06\x01\xf0\x88\x8b\x04\xcc\xfby\xbcm\x0d\x08\
0h\xc6\xeb\x0bj\xadx{{\xc3\xc7\xfb\x07\x00~\
N3\x1a/\x019\x9f\x1f\xdb\xb6\x86\xb7\xb77\x06*\
\xd1\xba\xd9t\xbe/\xcf\xfc\xa5\xdc\xd7\x8d\x9f\xa9\xa1\xe0\
)\xf4\x16'hw\xbf\xdd\xb1\xfa\x18\x8d\x8dG<\xbc\
\xbe\xbc\xe2\x8b\xa2\xf6\xfa\x07\xa3e^\xf0\xed7\xdf\xe0\
\x9bo\xbe\xe9\x91\x83\x17\x9d\xcd\xcb\x09\x0f\xbc\xbf\xbd\xe3\
\xa7\x1f\x7f\xc4\x0f\xdf\x7f\x8f\xdf\xfd\xeew\xf8\xe9\xa7\x1f\
Q\x0a?{J\x04j\x09L\xd3\x88\xe6{Q\xfb\xd5\
\xcfh\xeb\x99>G\x95\x22\x1d\xd2s\xc3\x9f\x0d\xd6\xcf\
\xfe|\x19\xeb\xc9\xe7\x14Z7]\xfe\x04\x00O:\xe9\
\xa4\x93N:\xe9\xdf\x90N\xf0\xef\xa4?\x17\xf1\x0b\xf4\
\x00\xd7\x8e\x94\x8d o\x1bR\x0e\xf3\x86\xcd\xd2\x8d\x87\
L6P|\x1d:_-d\xb4\xd5\x0e\xb0`\xb4\xd9\
\xbf\xb8\xa6\xf6\xf5\xa58\xb7U\xecq\xe6s\xe0\xfax\
\xb4-O\x06\x8bA'6I\x0f:{mm\x9b\xce\
i3?\xca/E\x87\xa7\x1b\xc8\xda\x82\xe7\xd1\x15\x1a\
\x05\xa5N\x08\x19O\xf6@\x1b[j\xc1m\xac\xc5\xde\
\x1a\x1eC\xd0\x8a\x93\x9d\x1b\xa0\xd1C\x83\x8c\xed\xd23\
\x91r\xde\xb6\x86Y\x87~o[\xc3v\xbfck\x1b\
\x03\x93\x088\xbb\xea\xf0t\xf2\xb1\xe1\xa7\x1f\x7f\xa4W\
\xc6\xe5\x82iYp\xfb\xf8\xc0\xed\xf6A\x03c\x9a\xd0\
\x82\xe3\xf5\x16?z\xe3d\x16\x09bd@\xb8\x89\xc7\
)E`l\x8d[\xbc4\x19\x04'\xe8\x97\x86\x22\x90\
u\xd5\xd6\xab:M\xf4~\x12\xc8A\xa3\x90\xeds[\
\xe3\x00\x7f\xcc\x17\xe4m\xb7m+#\xbb\xca8\xa5|\
\x14\x88@|\x1b\xc83_E\xdb\xb5\x8b@<o\xbb\
\xa2\x97\x9e\x0e\x87\x17\x1f\xa5\x14T\x01\x9b\xb5j;\x9e\
\xe6\xa7\xca+jY.\x98d0N\xe2o\xb9\x10\x94\
-\x02A\xd7\xf5\x8e\xfb\xdd\x9e\x1f+\xb7\xac\x89\xd8/\
A\xc2\x90\x81\x8b\xd6\x80 \x08\xcc3\xf3(\xb9\x90\xce\
\x97R\xb5\xfdQ@\x8c\x16B\x87\x10\x0a\xb4q\xd04\
\xae\x9eRZ\x87\xbc\x1f\xabn\x18\x88\xb95];\xbd\
\x08ePy\xb2lP&='\x9c *Z\xd3\xfd\
\xb9\xe05\x0d5\xeb\xf4\x9e\xe75\x9f\xb6\x82\x16\xf2c\
\x19\x14\xa4\xf1D\xa0\xc4\x00Vj\xad\xe9\x0c@\x03\x1d\
YN\x94\xb5*\xf7\xd4#\x95\xbeMn\xc8\xbb@\x80\
--\xe2\xd4\x8a\xc1\x1c\xdf\xef)\x82\xf9!\x03\xbb)\
\x98\x83\x7f,\xe8\xc0\xa2\xc1\xc3\xe4\x91\xc3\x06\xc8O\xf7\
\xc2\x13\x7f\x1c\xdax\xe6\x94\xc2g\xd0Ty\x86_\xad\
c\xeb.\xef\x07\xc0\xdd\xb7\xf4\x1a\xf8+\xf4\x0a\xf4\x1c\
\xf3\x92\x83,e\x84\xa9p\x9f\x9d\xc8L\x9a\xff}P\
\x0bK\xbb\xf3\xda3\x0ee\x8at\x9c\x8a5fL\xf7\
\xbc\x1e\xc07W*$\xfd\xf1#\x12\xb7,\x12\xfc\xeb\
\x1b\x81\xed\xc1\x19\x8dg\x1e\xaan\x030-\x17|\xf3\
\xcd\xaf\xb8\xfd3\xe9\x89\xf5\xc6\xba\xcb\xcf\x07\xb2R\xca\
\x13\x00\xb0\xeb\x8a\xca\x1d\xd6\xdbhWO-\x95\x8f\x12\
\xbd\x1f\xeb\x80E\x13\x11\xd0\x06Ly\x8ar[\xe94\
\xf3\x87\x8fU\x91o\x8b\xd6ok\x0c\xf0B\xbd\xafX\
\xf59\xbb\xae:\x03rc\xa0\x89i\xe2sl\xd3\x16\
\x5c\x14`Y\xf89\xe2\xb6\xb6\x95\x01\x8aZ4|\xdc\
\xf8\xa3F\x01p}}\xe1Yv\xb7\x1buF\x81<\
\x8a\xb6\x90__^P\xeb\xc4s\xfaV\x9e\xd3\xe7\xb3\
h\x7f\xfc\xe1{\xdc\xd7;\xae\x97\xab>\xbb\x07\x98\xdb\
\xe4\x0d\xc8\xb3\xfd\x80m\xddt\xf6*=\xdf/\xd7+\
Z\xdb\xf0\xfe\xfe\x13\xd6\xf5\x8e\x97\xd7\x17\xfe\xe0#\x80\
n\x04\xe1\xe2\xd6\xe1\xd6\x02\xaf\xaf\xaf\xa8\xb5\xe0]\x1e\
sm\xe5\xd1\x11\x97e\xd13_kc\x9e\xfb\x8fV\
\xb7\xdb\x0d\x1f\x1f\x1f\x98\xfc\xf9.\x19\x134\x5cp\xbf\
\xdd\xf0q\xfb@\xd1Y\xba\x11\x81\xbb\xc0zh\x8d\xdf\
\xee7Dkx\xb9^\xf1\xddw\xdf\xe1\xf5\xe5\x85?\
\x1a\x06p\xb9\x5c:\x188+\x220\xe7\xd0\xdf\xaf\xf8\
\x83\xe2\x8f?\xfe\x80\xdf\xfd\xd7\xff\x82?\xfc\xe1\x0f\xf8\
x\x7fC\xbb\xaf\x98J\xc14q\xadO\x95\xc0\xdf\xcb\
\xf5\xaa\xa0GZ\xcfT\x9d\xae?\xb0VZy\x11h\
\xf8\xff\xb1\xf7gK\x96$\xd9u(\xb8T\xd5\xa6\xe3\
\x1e\x119\xd4\x04\x80$\x9a\xec\x97+r\x7f\xa1\xff\xa1\
_Z\xa4E\xfa\xb5\xbf\xe4~eS\xfa\xf6%/\x07\
\x90\x00X(TVD\xb8\xfb9f\xa6\xba\xfba\xad\
\xad\xaav\xdc#+\x0b,\x12\x95\x95\xb6C<\x8e\x99\
\x9a\xce\x93\xe9^\xb6\x07\x02\xa4\xed\x99@?\x8f\x1f\x98\
\xa0\xdb\xea\xba|\xb9z\x02\xb8?\x9ft\xd2I'\x9d\
t\xd2I'\x9d\xf4#\xa4zP\xbc\x07\x09D\x8d\x09\
\xe2\xbd3\xc6\xa5\xf0 \xe9\x07\xc8\xca(\xdd3?\xdd\
Wz\xbf\xce\x99\x0c\x05\x05\x02\xc5\x06\xdc\xa7\xbf\xcf\xab\
g\x1a\x05\x80\x99\x00\x9b\x92\x09\xfae\xd9\x87\x8br@\
\xe1\xe0\x1f$\x89\x17\xa3\xec\xf6\xf5\x9e\x09\x0b\x99Og\
\x02P=\xf2\xa2^\xf3\xeb:A:+FF\xe0v\
%\xd84\xcdH\x03\x81\xc3}'\xd0\xe5u,2\xdc\
\x0e\x01\x17Cr\xcf\x86d\xc0\x08\xfe\xb1o\x1dt\x1b\
\xc7\xa9\x96\x1f\x0c\xd8\xd6\x8c\xf5\xb6\xc2\x04\x84]\xafW\
y\x0cd}\xd6u\xc5\xf5z\xc5\xbeo\xb8<<\xe0\
\xe1\xf1\x11\x80a\xbd\xdd\x80 \xc9\x08\xd9v\x8aa@\
\x96*\xb2\xf7\xb5\xff\xc5\x100\xc8\x1b2\xbb\x9a\x80[\
\xdf\xdf\xc5\x0d\x99;\xb8\x1ad\xac^LC\x91az\
\x08\x04d\xfb\xc4\xe0\xa4&\x19\xe8\x8c\x1d\xfb\xfd\xce\xbb\
\xa3\xc6q\xdf6\x04\x8d\x1b4\x8f\x82\x9cv\x0c\x02\xed\
\xcc\x04\x14\xcb#0\xdc\xfea\xb5{eHC:H\
G\xb0}T\x99\x1e\x04\x04\xbb\xf6\xed\x90\x12\xc6a\xc2\
 ;r\xe3D\xa9\x12\x97J$\xc3\xc86\xe5\xbc\xcb\
\xe6\xd4\x0d\xeb\xed\x86}#\x18\xec`:\x99\xbaN\xfa\
T\x8ec\xb8n\xda\x9as).\x82\xaf\xea\x03\xbaC\
\xa9qr\xb5c&p\xa8\x14\xc0v. \xcf\xaf\xe2\
t,\xaf\x1f[\x18\x80B&\x8f\xb7\xad\x0c\x07\xa0\xfa\
4\x8c\xc4\xb5\xa0\xc6\xf0W\xc4'\x0el1\x1d ;\
\x8e\x87x\x0e\xd4\xd4e\xae\xf0\xf6\xbc\x86\x0b\xe8\xf3\xa8\
\xca\xb1\xd5\xa5\x82\xd3\xea\x03\x85\x15\xc8\xa9\x85\xd7\xab\xee\
\x1b5\x87c\xe1\x87\x1a*D\xf5?\xde\xb7\xb0#8\
\xd5\x01Y\xdd3\xefwFk`]\x0c\x021\x0f\xe3\
\xa1\x8e;\x90\xca\xe4\x82\xa9}\x1eB@\x14(\x17\x05\
L\xc7\x08\xda\xa6t\x09?\xd9\xa0t\xb5tJ\x0d\x1f\
\xff\xf8L\xf7i@\x1a\xc6\xea\xec\x88\xc08\xd7\xb3\xcf\
Y\x07\x92x-\x00R-\xaf@\xb5\x01\xb1\x0e!\xdd\
v\xdc\x93\xa7?\x90\xfa\xfb\x18\xea\x9e\x9d\x15\xaa\xfe&\
\xf9\x9aa\x98\x8f\xac\xff\xab\xfd\xe9\xef\x18\x81iV8\
G\x5c*\x93\x7f\x5c\x030\x97\xd6\xd4\xba\x08\xca\xb3J\
\x10\xaaVo}\xd8\xean\x8fs'\xdc\xcd/\x8e\xa9\
F\xb2\x05\xe9>\xc4\x84(GInn\xc1\xcc%\xf8\
T\xf7\x9cQ\xf6\x0d0:\x1b\x0a\xae\x02\x8c\x80\xa2\x0f\
E\xfc\xd0!{\x8f%\xcb\x81L\xa9\x9e\xa3w9\xe5\
\xe8%3M\x12\xd9\xd38\xb9\x09G\xf6]\xa1\x94:\
@O\xb3\xb7\xdb\x0d\xc5\x8c\x1f\xa3\x10\xb0\xad+r^\
\x15\x9f\x1f\xbaJ\xe7\xa4\xc9%\xcbs\xd9\x11\x02\xa5\xb1\
\x1dD\x5cf\xda\xcd[e\x0fo\xdb6<\xbf<\xe3\
\xe3\xa7Ox~~\xe6\xfbX\xfdi0D\x81\x95\xdb\
\xba\xe1\xd3\xa7O\xb8]\xaf\x98\xe5\x11\xd7\x8aa\xdbV\
l\xfbJu\xf9\xbc!\xefTC.\x96\x11\x22?\x00\
\xb9G\xdf\xc1\xbd\x0d#0\x9d\xccM\x94*\xa9N\x87\
Z\xef\xdf\xbd\xc74Mz'5\x09\xf2\x97\xeb\x15\xb7\
uE\x8a\x89\x12\x89c\xc2\xb6S\xfa?\x04.\xce\xe8\
6\xfd.\x17,\x97\x0bUx\xf5\x1e\x8d)UO\xbe\
\xd34!\xc4\x88M\xd2\x8e\xdb\xbab]7|\xfa\xf8\
\x11\xff\xf8\x0f\xff\x80\x7f\xfc\x87\xdfT\xc7\x1eC\x0c\x98\
\xa7\x84y\x1ed\xdfo\xc2\xe5\xb2`\x9e\x09,\xf6\xef\
\x97\xc3_\xd0:\xa9\x1f\x18\xf8\x0e\xa9k\xc4\xe7\xbf\xf7\
\xb7i5\xc9&\xa9\x09$/T\x06\xe63\xad\x0d;\
%\x00O:\xe9\xa4\x93N:\xe9\x8fG\xa7\xf4\xdfI\
\xff\xb3)K\x22\xeb\x9e\xc9\x09\x9d\xfa\xe01\x5c\x87\xc5\
\xee\x99\xc7\xf5\xb0\xfb\xfb\x16\xe6\x0c!\x99\xd6>^+\
_y\xc4\xc8\xf8 \xbf\xd3\xce\xb9Rm\xaal\x10h\
\x87\xaa\xaa\xd5\x09dr&\xbc2<R\xb3\x93\xc4\x96\
\x83\x85A\xc0C\x91\xa4\x9b\x03\x84\x0e\xe4\x94\x22\x8f\x9c\
\xfb\x0e\x03\x01\xb5\xec\xc6\xc3\xe7Y51\xd9|+@\
\x00\xa5\xc3\xc4\x0c\x95\xaa*\x94\x05|5u\x5c6\x95\
\x00\xd8\xba\xaeH\xc3\x80q\xa6\x84D\xde\xa9Nd\x08\
\x18F\xda\x07r\x1bD\x01\x11\xebFc\xe5)E\x8c\
\xd3\x88\x90\x12\xd20\xc2J\xc1\xb6\xde\xb0\xef\x19\xcb\xb2\
 \xb8\xfdB\xa90\x97\xcc\xa3=U\xaf:\xf5T\xcd\
\x85\xbc\xef4\x94/\xa6\xd2\x81TW\xb5u\x80 \x8b\
\xe1LRk\x8ar.\x92d\xbb0\xe7\x8ce\xb9p\
\x1c\x01\x98\x98)\x00Hi\x00\xc4@:C\xdc\xc0P\
\xc6\x8bR\x8b\x223\x1c\xaa=4HM\xd8\xe7\x8c\xa7\
#\x10\xe2\xf6\xc5P\xd5\x1e\xc7q\xacR\x12\xee\xe1\xd4\
A\x93 \xaf\xa7\x04H\x93\xeaEu0\x93\xe7\xca \
y#\xce-\xdap\xdb\xf6\x5c\x99\xc8,\xe9\x1a\xb3\x06\
\xeax}Rg\xe3\x10f(yC\xc9\x1b\x02\x8a<\
\xd8\x1a\x08\xef\x1c\x01\x1f\xb8$U\x10\xc0\xa1\xff}\x85\
\x90\xb5\xf3?\xfep\x16jB+\x9f \xd0\xa6\x07\xe6\
\xb8&\xdb\xba|c\x89\x1f4\x93C \xd8\x03(Y\
\xb7M\xd4K\x97\x8c\xea\xa8\xadO\x85\xf7\xf9t\xf5\xf3\
\xa2<\xbd\xa7\xf35\x0e8C\xeb@g\xeb\x93\x06\x0c\
1%U\x80)\x01\xe8s\xe1X\xf9\xe3\x9eT\xe9X\
\xf5\xb7\xa9u`\xbb\xf5t}Gx\xa9}\x7f0\x00\
\x88\x9c\x9b\xde\xf6*\xd5\x17Xw\x0f\x8b\xd1\x1d\x11\x05\
\xc4D\x10\xb1\x8275\x9f6\xe7\xfb5\xd0K\x22\x87\
X\xfdHKB\x90\xa0\x9e)\x1c}\xf9\x9e7TW\
A\x9d\x0e\xfb\xb1=Z\xa3\x0a\xab\xf5o\xa3\xac\xe6\xea\
>\xb4\xf0\xd6E}\x19\xcc\xd7g7AF\x9f\xcc\xfe\
\xbcO\xcf1\xad}\xaf\xf9\x00\xb8\x9dJ\xcd\x0dW\xf3\
\xedA?\xa9mzb\xae\xef\x11\x0f\x0f\x1f0\x8ct\
\xd0T\xc7\xcf\xdb\xef\xfdr?\xde\xf5Ze\xb32\xdd\
\xdc\xd2\x07\x1c\x8f\xaf\xf7^\xbf\xd8L\xed4\xa3\x141\
\xab\xef\xf9\xa1J\x9fAR\xce\x0e\xdcr_\xe6\x87\xa8\
 \xf5\xe1\x18\xe9\xbc\x22\xc6\x80q\xe4G\x1c\xd4w\xaa\
\x037\xc08\xf1\xe3R\x91\x04\xb7\x19\x1d8\xf5R\x9e\
\xfe>^\xb7\x0d\xcf\xcf\xcf\x08\x92\xcc\x9e&\xda\xcas\
\x90\xb1X\x91\x1d\xbc\x8c\xf5\xb6I\xca\x8d\xfdO)\xff\
\x82\x10\xf8\xb1f\xdf3R\x0c\xb0 \xbb\xb8%SR\
\x0et|r\xbd^1\x8c#\xe6e\xee\x96\xb3@\x5c\
+\xd8VJX\xa7\x14\xf1\xf8\xf0\xc0r\xe5\xf5\xde\xf7\
xJ\xe4\x13h\xbb\x5ch\xb3\xefv\x93\x1dA9\xf7\
\xa2dp\xb3\xcdK\x80\x91 x\xe8\xce\x22\xcf\xcf\xcf\
x~~\x01\xd4\x96\x10\x02\xf6\x9d\xa0\xe24\xf3\x83\xdf\
\xb6m\xb8]\xaf\x18\x07\x02\x8b\xc38\xe2r\xb9`Y\
\x16:\xd2\xa9\xe0\xbbT\x88%\xc9H-\x82\x1d\x9f?\
}\xc2\xef\xbe\xfb\x0eOO\x9f\x10@;\x7f\x9f>}\
\xc4\xedzE\xb1\x8c1E\xcc\xd3\x84e\xa2zo{\
\x8f\xf5\x92\xfbm\xbe8xn\xc6\xb9\xd5\xefs\xde\x8f\
\x8c\xcf\x97A}\xaf\xf8\xa2\xa8\xe6X\x02`\x5c\x1f\xa6\
%\xd6\xc6\xa2\xe5y\x02\x80'\x9dt\xd2I'\x9d\xf4\
G\xa2\xd3\xf1\xc7I\xff\xb3\xa9J\xd4\x88xp\xef\xef\
\x1b3k\x9d\x8a\x12\xf0%\x80\xb01N}\xde\xfe\xeb\
\xea*\xce\xccy~\xd6IH\xf5\xbeF\xfc\xe0\xe9e\
\x13\x98\xe3\x17\xee\xc6\x8f\x89q\x8b\x816\xef:`\xc8\
\xbf\xf0;\xd0y\xc8/z\xb9\x04\x9c\xd20\x00\xa5`\
\xdd\xe8\x01\xd0\x99\xa5\xbcQm\xcfU\x97\xac\x98\xbc\xfa\
\xb2d3J\x05\x06\x80_\xe5y\xc2F)\xee\x11P\
*\xb4A6\x9362%\xae\xda\xba\xae7\xa4\x940\
M3\x00J6T\xf0-%\x8c\xe3\x00\xcb\x94R\x88\
1b[W\x94B\x80o\x9afI'\xd2\x86QQ\
\xbaa\x1c)\x19\xb1\xae\xb2/\x04l\xfb\x86m_\x11\
@;L=\x80\xc0~ \x13\x95\x0b\xa5\x05\xe8\xe1V\
j\xcf\x9dT\xe5&\xa9\xc3Qv\x97\xbc\xaf\x01`\xdd\
V\xdcn,s\x92\xe7\xe3\xbc\xcbA\x81$\xf2R\x8a\
\x04\x04\xf7#\xd0\x17$\xe1\x07\xcd#\xa7}\xdf\xe9\xf1\
\xb0\x0b\xf79\xe6\x92y\xfe7H\xda)\x0a\x80\x8b\xb2\
\xe9\xe8\x8c0\xe0\xf6\x1d}\x8ep\xb2\x15I7\x12\xd8\
\xa3\xe7\xc9('#.Y\xb2\xef\x1b\xf6m\xaf\xd2~\
9gJ\xe09\xb8\xe0\xc0\x9f\xfe\x1a\xc0\x22\x80z_\
ae'p\xa5\xe6\x05\xa9\xfbZ\x05\x86\xb8.\x22\xd1\
\x011_G\x80E\x09\xe9\x8c\x86+\xb12\xdf\x8c\xd8\
\xad\x8c\xae\x1f\xef\xd7\xa2X\xc7nM\x1f\x82;\xf0\xe5\
\x1e\xbch\xfdO\x09\xb7\x06\x948\x05\xdf7zp\x90\
\x98\xa6\xf2m\x80\xa0\xb7\x82\xd0R-\xbe\xca\x9e8;\
\xda\xe0B\xa8\x16\x92\xd4\x12\xdfJ' .\xd9\xe6\x9b\
\x88\x0ayc\xafjt\xdf\x01\x8d\xfav\x05\xeb\xf2\xb9\
Kb\x0a\xeb\xc1S\x00ll\xd7\x07\xa1\x03\x96\xfc\x8f\
q(\x85\xcc\x8f#\xfd\xfc\x14(\xe8\xfd,i\xe5\x06\
\xdeK|\xab\xfeq\x9f\x0c\x0e\xfc\xf9@\xde\xffU[\
}\x91\x8eo\x14\x06\x81\xb2\xc7\xba\xf9\x98\xd7\xa4\xfa\xe3\
\xdcy\xdd\x0e\x85\xa9\x0b\xbco\xa0\xb0*A\xe8\xe5t\
\x80!\xd4?\x9e\xc4\xe3y\x1eT\x9b\xd5\x5cp\x09\xda\
*\xb5\x97\xab\xa4\xa8I\xf2\xaf\x98LBT\xd5j\x96\
a\x00b\x1ap\xb9\xbc\xc70NU\xa9\xd1\xfb\xa1\xb6\
\xc9\xeb\xa8:\x1f\xd6\x81\x09\xf4WC\x0d\xa0z}W\
\xff\xda\xff5]'\x11\xafwS]\xb7\xcc\x00\xe6q\
\x94\x22\x06J\x97\xd1\xdc\xc0^U\xc5\xb9/\xb3\xdf\xac\
s\xda\xc1\xfc\x09z\xf9\xfb\x0fjG\x92\xfa\xef\xbe\xd2\
\xe1S\xf2u\xa2\xf7\xafK\x14^\xafW\xe4\x9c+\xf8\
7\x8c#\xf7\xbd\x92\x85\xcdr_\xf7\x0fK\xc30\xc8\
V %\xeb\xf9\xce\x04\xb6\x9c\xe5\xa1\xbe\xb0\xdf\x8b\xf1\
\xde\x80\x87\x87\xc7Z\xe7i\x1ai\xcbV\xefd\x18?\
\x1aq\x1c\xe9\xd4\xe3\xb2\x5c\x00\xd3\xfbq[QJ\xc1\
<\xcf\x88\xa0\xc3\xa8q\x9c\xb0\xcc\x17\xe4\x9cq\xbb\xca\
\xfc\x05\xa0\xf7\x1fm\xef\x16\xbdwL\xb6b'9?\
\x81>\x80m\xdb\x86\xa7\xa7'\xbeK\xf3\x8e=\xf3}\
\xba\xcc\x04\xf6b\x08\xb2\x81\xb8!\xc5\x84i\x99\xb1L\
3\xc1\xbf\xcb\x85\xef\x1f\x81\x82\xde\xff\xd7\xeb\x95\xef\xa2\
@\x9b\x8a\x9f?~\xc4o\x7f\xfb[\x5c\xaf/\x08\x96\
\xb1o+\xd6\x1b\x01\xc7\x18\x81i`\xbd\xa6\x89\x1f\xa6\
\x06W\x87\xe6 \xd6\xf1\x82\xa6\x8c\xf9\x5c\xacr\xe3\xed\
\xde\xa0\xbe4\x9e\x1f`t8\xa3XUB\xf0\x90\xa7\
\x11\xaceR/\xc1AF^\x9f\x00\xe0I'\x9dt\
\xd2I'\xfd\x11\xe8\x94\xfe;\xe9\x7f69\xf8\xd5\xdf\
W\xfe\xd6\x0f\x9a\x1dyP\x904\x1f\xee\x00\xc4\x9ei\
\xf2/\xc8\xb1\xcb\x87\xcf\x1a\x88\xe8\x86\xd9=\x1fW!\
\x0d\xc1\xed\xc05\xf5\x15WW\xa9\xe0\x85\xd1\x86\x5c\xf0\
\xc3\xae\xa4\xd6\x10X\xa6AF\xc7\x05Tz\xddj\xfa\
@\xc6,\xbb\x14\xdb4R\x02N^\x5c\xc9,Q\x1a\
\xd0\xed\x0d\xeaD\x8c8\xd0\x19\x88e2'\x9e?U\
r@u\xcb\x8e\xd2@5\xbb}\xdf1$:\x0bA\
J\x80\x95N\x9a\x90\x0c\xc3\xbe\xd3\xb3g\x94\xbd9s\
\xc9\xbcL\x9bJE\x92\x8a\xcbB\x15\xa3,\xdbO\xfb\
\xbe\xa1\x94\x82\xcb\xe5\x01\x8f\xef\xdea\xdbwJV\xa4\
\x84y\x9a\xb0\xc9\x98\xbb\x03c\xa3T[\x1bP\x02l\
\xdb\x8eM\x8cU\x8cI\x9e}\x1d|\xe5\xa0\xe5\x9c\xb1\
\xedtNB\x80\x8f\xe3\x14\xa4\xca{\x93\xd7\xc7y\x9e\
\xe9\x99W}\x14\x1c@\x94\xaau/\xcd\xe7y\xfb\xf8\
\xb8\xb4!4\xb6E\x00\xae\x03\x8ei\x18$\xbd\x11\x91\
dg\xd1\xeb\x98\xe4)\x99\x8eL2rq\xef\x95\x86\
\x18\x22`\x04\x85\xb7}\x15\x03\xcb\xf1^\xb7M6\x13\
W2K1\xa0\x18\xa5E6I;\xee;=\xb1f\
I{r\xde\x11\xd0\x08\x0e\xd4H-\x93@\x88\xe6\x1c\
\x00\xe4]\x00\xa0\xe68\x8e\xe2\xad\x07\x10\xc6\x11\x05\x91\
\xaf(g\xc7\x00\x81\x7f\x8aF^\xaf\xcal\x00\x06=\
\xbf[\xc3\x95\xa1sj\xebUw\x84\x8d\x04\xe0\xf8\x1a\
a\x94\xfe\xbe\x816\xe6\x8f\xba:\x87\xba\xd6\xeb\x0d\x7f\
\x0f\xf8$\x9f\xfb\xa3h\x04u\xdc\xf6\x1cA\x86L\xf0\
\xaf\xafr\xcf\xd8\xc2\x04\x82\x06\x14\xf4\x12\x80\xa3\x002\
OTk\xaa,\xb8_t\x01\xed\xba\xa3\x96\x5c\xfd\xea\
\xbd\xa7\x07\xfd\x888\xdd\xe7\xa4V\xaa\xc9\x02\xcc\x1c`\
\xf2~\x0a\xae\xb6NI,\x8f\xc3\x1b\xcf\xc8\xfb\x9e\x80\
q\xe8A\xa9\xd8\xd7\xd1\xe5\xcf<9\xdbn\xa1\xc2\xa5\
\xdc\x13u\x0d\x01\xb2\xd6\x8a\xa8\xe3[;0\xb4\x9c\x94\
A\x1d\xffW\xe3\xee\x17\xde\xb6z\xdf\xc5\x0b\xa8\xf3\xbf\
\xf6\x83\x1e\xf85\xef\xad+\xa1\x1fse\xd4\x83}\x92\
\x86\xe3\xd86\xf0\xaf\x98i\x9fn\xef\x8e\xe0\xeb-\x0e\
\xb8\x5c.4\xbb\x10\x92\xfaW\xef\x88\xee\xc3\x97\xd7\x8b\
\xc9Y\x0bo{\xbf~<o\x18e$9W\xba\xda\
\x9bfK\xfd\x90\xe6\xf9\xaa\x9eU\x1dU\xd2h.\xc9\
\xae=z\x93\x9d<\x0f\xcf9\xf3\x83I\xf7\x1e\xcf%\
\x03\x06J\x02jo\xce\xbb\x1cb\xb9\xb7[y\xfeu\
\x9b\xab\xb4\xafG\xc0\xcf$q\xb8m\x1b\x02\xe8Lc\
Z.(\xdd>\xca\x8f7|\x1f\x85\x100\x0e#\x0c\
\xc0\x9e3\x02\xe8\xb8\xa3\x14:\x8e\xa23\x0c\xc34\xcd\
\x8aG{\x8c\xf32c\x1c\x12\xc1\xbc\xbc\xd1.^\x8a\
\xd8\xb5\xb7\x06\xb8\x14~s@f0\x5c%\xd5\xe7\x12\
\xdelcSg\xde\xd6\x15\x9f?}\xae\xb6\xfa\xc6q\
\xc24\xd3\xe9H\xdd\xaf\x0b\xbd\xf0\xc6\x940\x8c\x83>\
@\xd1)\xca\xaa\x8f[\xb7\xdb\xad\xf6\xaf\xdb\xed3\xa3\
=\xc6\x18#\x96y\x91\x19\x09\xaa\xe6:\x08Z\xd4\xd7\
\xbb\xfa\xf4\xf9\xd3'\xec\xfb\x8e\x14#\x9e\xe4\xd4\xe3\xe5\
\xf9\x09y\xdf\xe4\xe4\x88\xf35\xea\xfdX\xdfq)q\
\xdc\xeb\xfe{$\x9f\xcb\x00d\xef\xb2mc\xfd3s\
\x9b\x7f\xfd\x9eg\x02\xd2\x15\xc6j\xf0\xf3K\x1f\xd5P\
\xf4Q\x86s:*-N\x00\xf0\xa4\x93N:\xe9\xa4\
\x93\xfe8tJ\xff\x9d\xf4?\x9b\xccA\xb3\x8e\xc8\xd0\
\xb8:Lc\x82\xfc\xbe?G\xfa\xb3\xd0I\xab\xd4\xb8\
=\xa3\xdb3V\x92n\xd8w\xda\x9a\xa9\xec\x9dYu\
\x08\x11\xab\xed>R)\xb4\xd5S\xcb\x94\x0d\x9bX\xd5\
v\x8e\x12\x1e!\x04l\xb2\xf1\xe7\x80P\xea\xec\xe5\x98\
$\xd1 p\xc1%\x04\xcc\xd5u\x8b\xd1;`J\x88\
R\xef5IX8`U:\x10\xab\xef\x07\x96\x1f\x81\
\xc8z\x9a\xd4[)1\xa0v\xc5H\xbbn\x99\x0c,\
U\xb3\xe8\xe50V\x15\xbe\x80UjFP[\x93\xbc\
\xff\x86H&\xeez}\x11S\x06\x8c\x03U\x85\x08\x22\
nx\xb9^i;,\xa5*\x891\xca\x0eRV{\
\x86\xea1\x95\xfd\xbc\xef\x94j3\x19b\xf7>g\x1f\
sl\x1c\x80\xec%\x1c\xfcw\xdb6X.d\x8af\
J3\xe6\xce\xc3/\xc7\xbd\xa9\xb6y\x7fzz\x08`\
\xf4<]\x82\xcf\xc4\x04\xba\xfd\xa7a\x18\xc4\x87P\xaa\
\xc3\xd3\xd4<\x0aU\x99]b\x05r\xc6\x01\x81q\xd7\
\xdb\x15\xabl/\xed\xdb\x8a-\xd3F\x963\xd7\x10P\
\xe5\xf34K\x85\xba\xc8\xcb\xb0\xcf\xcd:\xb7\xab\x04b\
\x93\xd4B]\x0f\x81\x8e*\xf2\x86\x9c\xb7\x83\xc4E\x0f\
 \xd4\xbc\x02\xa1\x83#\xcf\xc7y\xed\x97={\xd7\x07\
\x18\xb96-\xd0C\xc4\xef!F\x8ah\xaa\xa5=\xa8\
S\xc9\xc1\xa1Z\x13\xc5:\x804\x1eU\xc0FM'\
\x10\xbe\x8f'P\x05b;\x03p\x90<fjg@\
\x15b\x1e~\xd7>\x15\x14\x13m\xaa\xb9\x04\xa8\xafi\
\x8f\xd4\xef)or\xd5o\x91\x09\xa8\xf2\xc6\xb4\x07\xdd\
\xf5=9\xf8\xa3\xf6+\x8c}\xdb\xfa'h\xae\xf8u\
\xf3z\xec\x17>?|n\xf4R\xa5\x0e\x1a6\x89?\
\x15\xf7f-\xddn\x9d\xf0\xd5\x1a\x89\xd7\x87\x81\xd5\xbc\
\x84\xc3\x01\x0c\xab\xfd\xc5\x92\xfay\xd2\x97\xd7Sk\x9f\
\xb7\xd1\xc3\xbb?\x86\xd4\xf8^\xdf\xa3\x17\xe06\xea\xf5\
s\x85\x118i\xf3\xa0\xa9\x88\xfb^\xe0\x80\x1a\xc15\
\x7fq\xb1m%\x80\x00\xe0r\xc18\xcet\x10\xd5\xb5\
\xbf\xf6\x5c\xb7>\xf5\x10\x86&\x0dZ\xfb\xd7%\xacj\
\x8bZ\xbd\xeb\xbd\xb2\x0d\xdd\xfb\xd2\x8c\xc0\x93\xbf\xc7|\
\x8e\xf2}#\x09f}\x9c\xa1\xad=\xa9^+?\x97\
\xe8+\x02\x05K.|\x9f\xa9\xfc}\xdfq\xbbQ\xa2\
|\x9ag\xa4H\xe7\x1e\xbeF\x8a\x19\x9e_\x08xM\
\xd3\x848\x10\x10\x84q\x7f^\x96\x05!E\xaa!\xab\
,\xce\xd5 \xe0\x8a\x9e\x81\xbd\x9e\xc3 s\x10\xe3P\
\xd7\xee\xe5\xe1\x82\x10\x22\xb6u\xc3\xd3\xf33\x8a\x00\xb8\
m\xdb\xb0\xefkuJ\xc3\xf7\xcf\x0e\x04:\x22\xd9\xf7\
M\xd2\x9b|\x7f[g\xde\x03\x9d\xd9\x8e4$\xec\xdb\
\x86\x97\x97g\xda\xd4\xdbV\xbeW\xc7\x91\x00\xe6\xc4\x0f\
\x02L\xdf\xfa\xca8\x18\x18\x06\xf63m\xfe\x15\x5co\
7\xe4\x92\xb1\xcc3.\x0f\x0bMYh\xfc\xdd\x03|\
L\x94\xc2\x9d\xe7\x99`\xa8\xce\x09/\xcf/x~y\
\xc6\xd3\xf3\x13\x9e\x9f\x9eq\xbd\xbeT\xdb\xbd//\xcf\
\xd8\xd6[\x8d\x1f#\xc7o\x1cG\x0c#\xc1\xc4\x94\xa8\
.\xdc\xf6\xc7\xd7;\x8d\x87\x03Z\x07\x1eV\xe7\xa3\xde\
\xd7\x80LM\xb4\xf5\xc3P\xebe\x05\xb9lZ.\x1d\
X\xddJ\x8e\x85k\xc7\xf7\xe0\x13\x00<\xe9\xa4\x93N\
:\xe9\xa4\xffN:\xa5\xffN\xfa\xe7 g\x94\x9c\xa1\
\xc4\x81\xf1\x22\x91IiL\xc9=93s\xff\xdc\xfc\
\xa8\xd9\x01&\x8c\xd3I\xfb\x89\xa9\xa5\xe4\x14\xf3\xf0_\
\xafOU\x1d\x95A\xf04\xd0\xa6\x90\x1bK\xf7\xc3.\
\x81\xa5\x16\x96\xa5\xbe\xd4\xda\xc5v\x149\xa1H\x89\x9e\
\xfe\x5cB1 \xc0d\x1b)\xc6\x88$\xb5T\xf7\xea\
\xea6\xb9 \x90j\xdf6\xaa\xfb\x8c\x94j\xc8;\xed\
4A\x92\x10\xdbJ\x89\xbci\x1ae\x1f\x90\xea\xae\x06\
\x82yA\x9a\xa9!\x04z\x1dd\xef \x04`\x13\x10\
\xe7\xde\x17\x97\x85^\x0f\xc7\x91R\x8a.\x9d@F\x82\
\xde\x19C\xa0JV\x95\xf4\x93\xa3\x8bm[\x91s\xc6\
\xbc,H1v\xfdI\xc6#uN6v\x19\x8b\xcf\
y\xc7.0rP\x9b\xa0\xb1\xe9\xc7\xdb\xc3(EB\
)\xbd\x5c\xb2\xd4\x92\x07I\xa3\x90\x8d\xc8\xf2\xd6\x1b\x02\
\xd5\x8f\x1d\x90%\xe3{\xfc\x83$\x03GIi$\xf5\
\xf3\x90(\x95\x184\x8f\x18\xb7\x9f\x93\x01f\x19\xa5\xb0\
\xff\x1clL\x91\x9e3\xad\xd0c\xf2\xedv\xa5\xaa\x9a\
@\xce\xe2\xccN\x97\x1d\xfb\x97\xe3f\x02\x16\xa0\xf1\xf2\
>\xa8\x7f.\xfd\xe7\xa8F\x94\x14\x9d3TV`\xfb\
\x8aR61\xc5&\x87\x09\x0e\x0aD\xcd@\xb1`L\
V\x19\xbd\x00I\xf4\xd5\xb6\xeaW\xcc\x18T\x06@\x95\
H\xafke\xeb\xba5\xe08F%g\x14;\x80\xe3\
\x10\xde\xfdU\x0a`Y@mO\x80\x80\xb2.n/\
\x89\xe6\xbf!\x80j\xaaJ\xcb\x96K\xf2\x8f\xd9\x12]\
\xa9\x8cm`\xa0\xc6\xda\x14\xbfu\x81\xb7\x95\xd2\x97\xc3\
@\x09Q\xaaR;y\x9c\x1fH\xb5\x0fB\xd3\xe95\
\x82.\xecr\xd6\x058\xf6mMZ\x1b\xdc\x01\x81\xaf\
\x88\xbd\x16*(\xd8\xc2\xa1\x8e\xe43y\xff\xa8*\xbb\
\xbddi\xa8\x8a\xbe\xd1\xfb>\xb8\xc4\x98@\xbc\xbe~\
u\x9f\xe75U\x89\xbbp\xafK\xefqW\xc5\x13p\
R}CD\xac3\xb8\xf5\xc3\xfd_mQwM\xf0\
\xaa\xb5\xcd\xba|\x1b\xb9t\xe0q\xe4\x82\x1ey\xff\x87\
\x0a\xea6\xe9?\x07\xd1\xf8\x8e\xe1G\xa5~_\x89\x1a\
\x13\x03U\xc6\x97\xe5\x82aZ\x10\x13?\x02\x1d\x89-\
\xac\xe1!|\xcf\x5c:\x86\x1bS\xf2ZeSb\xbd\
\x95\xd1\xefy!\xb4\xfb\x9c3\x00\xda'\x8d\xd5<\x83\
$\xcd\xd5w\xbb$\xd7\xa3\xf6\xb66^\xfa\x80\xd6\xc5\
[\xd7\x15\xeb\xba\xe32O,G\x92u.!\x9ds\
\xc6<\xcfX\xe6Y\xea\xa1|\xdf\x0e\x03\xa5\xd1\xd0\x95\
_\xcc0Hjp\xddV\x8c\xd3\x84q\x9a\xeb\xbb\xa3\
\x14~\xd8r\x89\xc1\x14\x13\xd6u\xc3\xb6o\x80<\xed\
\xa6\xc4\x0fQ\xa5\x14 \xf0\x03\x18\xe7C\xeb\xab\x98\x22\
b\x90gw}(\xb2\xd2\x9c}9\xf8\x07\x007I\
\xecQ\xb2\x91\x1f\xb0\xa2>R\xf1\xddIs\x18\xfe\xde\
\xce9\x0bt\x94\xf3\x9ca\xa0\x83\x15\x04\xec\xa5\xe0\xe5\
\xfa\x023\xc34O\x98g:\xddH\x91\xaa\xbd\xe34\
\xe9,2`\x9a'\xa4\x10q\xbd\xb1|\xb7\xe3\xf7\xfc\
\xf4$\xa0\x8f\x1f\x95\xf2\xbe\xc9.\xef\xc63\x07P\x9d\
\x92\xb8\x0ar\x7f\xbe\x80\xe6N\xd0\x9a\x068\xe7}\x86\
5\x15^\x85\xeb\xd6L\xd2\xd3\xd54Bi\xdb\x17|\
\xaf\xa4\xb3)_\x04<\xa7i\xa1i\xfd\xb84q\xef\
a\x9d\xf58\x01\xc0\x93N:\xe9\xa4\x93N\xfa\xa3\xd1\
)\xfdw\xd2?\x079\xa3\xe4\x87n\x85\xeaOL\xa6\
\x80\x96{\xe6\xc8\xc3\xfap\xcf\x87\x8c\x8c\xb2\xe9\xc2\x19\
_\xaa\xbdb$i\x83\xe8x\x88e\xb9\x92\xde(\x85\
\xf1\xd2\xd0\x1d@Y.m\x06v\xd2\x81\x91L\xad3\
\x07\xce<\xa1\x93>33L\xe3D`\xc7\xd58C\
\xa0\xbd<\xd9\xa4\x1b\xa6\x09\x01\x11Y\xce;bJU\
uu\xdb\xa8\x1e\xec\xe0\x99\x81\x0c\x95K\xee\x95\x9c\xb1\
\xde\xae(V\xa4zD\xb5\xdeq\x1ca\x02\x1e\xd9\x08\
7\xce/`\xd2h'\x8f\x8cL\xc10&\x8c\xc3H\
\xbb\x80\x91\x9e\x8ew\xa9\x9f\xe6L\x95\xa2R\x8a<\xd9\
Fl\xfb\x0a\x030\x8d\x13R$s\x11B\x80\x95\xbd\
\xdaI\xda\xf7\xad\xf6\x0b\x04\xb2\x0d\x83\xabG\xd1c\xe2\
\xba\xae\x95\xf9t\xe9\xbc\xcahv\xe3\xe3\xe4s\x08\x02\
\x03M\x8c\x93\x19Pv\xf6U?\xfe\xd34U \xd3\
\xe7\x9e\xff\xf6e\xcd\xf3,\xe3\xe9\x94\xf0\x88\x0e\xee\x9a\
\x09`\xa5\xcdE\xce\x0b\xaa\xc7\xc1\x0a\xb2\x09t\x94\xea\
[q\xaf\xc2bP\xd7\x8d\xaa\xbf>\xee\xfc%\xc3\xe5\
j\xe6>\xef\x9c|\x9es\x8c\xe5iX\xf7\xecO\x81\
\x18\x91\x92\x9fT\xe5\x14\xd0\x01\x93\x13\x99\x15(\x05A\
\x9e3Y\xa2\x035b\xc2j\x0a\xa6\xaeL\xbd\xfe|\
I\x19\x1c\x97\xba\x93\xf2\xeb\xd6\xb1\xc7\x07\x5c\x0a\xe4(\
\xd1Q\x99\xcb:\x96\x02\x0f}\x8ca\x88\x15\xact\x80\
N\xf7J\xcb\xe7\xad~\x0e\xe4\xb5g\xba\x0e~\xdd\x9e\
\x073 \x18b\xd3\xe7<\xd4\x99\xd4\x10 \xd5\x8cu\
\xf6N\x80{oU\xef\xc5\x84!I\x05\xf8N\x22Y\
\xade\xae\xaf\x80\x9e/\x91\xa7c]\x19\xc2\xdf>\x8b\
\x80\xd0i\xe0j\xdc\x14!\xa8\xa3[\x1f\xf9\xf3.\x8f\
@G->&\x87\xfain\x86\x0e\xf8\xf3?\xee\xa1\
\x9c\x935\xad\xe6\x22@`\x9a\xcf\x14\xcf\x0b\xf5\xf9\xac\
|\xbd\x8c\xa8\xb2\x03\xb8&b\xd4<V>\xde\x85\xad\
l\xcfNm\xbd\xfb\xeb\x9a\xa0v\xf1\xae\x9f\xeb@@\
\xe9\xf3\xae\xf1|&\x84z]\xa5\x17\xc1\xe7\x04\x00\x8f\
\xcea\xa8\xf6+@\xb0\x93\xfe\xf3\xa5\xe1\xede\xfd\x13\
\x96\xf9\x01\xd38\x032\xdfP\xf3?H\xbf+-3\
P\x84\xf6\xf1\x82\xf1\xfa\xfa\x1e)\xb8\xb4\x99\xb7\xc6\xa0\
\xf7\x1b\xf7|&/5\xcf\x10\x02b\xa4\xc4\x9b\x8f\x1d\
\x01~\xe6Ud\xa2`\x903\xa4\x0a\x86\x05:~q\
\xd3\x18\xebm\xc5m\xa3\xc4Y\x8c\x11\xcb<i\x8a\x06\
\xec\x99^x\x83\xd2\xcf\xf3\x84R\xa4\x1a,\x13\x17%\
S\x8d\xf5z{\x01\xcc\xb0\xc9\x06j\xce\x19\xbb\x9c\x8e\
D}\xfcyyy\xa1)\x8am\x03\x02\x01<J\x0c\
r\xff\x05\x0a\xb2>\xa6]\x1e.\x00h\xfb\xb6\x01\xc2\
\x11(\xf4j\x8c\x10P\x0a\xa5\x1e\xbd\xd38\x9e\xec\x0f\
W\x93\x0d\xa0MA+\x05\xcbLI\xbd,\xf5\xe5q\
\x1cqyx\x90zn\xc4\xbe\xedx~y\xc6\xb6n\
\x18\x87\x01_}\xfd5A\xc8\x9c)u\x97\x22`\xfc\
\xf0s}\xb9\x22 \xe0ry\xc0rY0\x8e\x13%\
\x1a\xb5\xff\xef\xfb.\x9b|\x01\xb7\xeb\x0d///\xf8\
\xfc\xe9\x93$\xf2i\x9f\x17\xa5`\xcft\x10\xc5\xf6\x03\
\xc3\x900\x8d\x03\xa6\x99\xf6q+\xf0\xa71\xf1\xf9\xe6\
\xf3\xc4\xa9\x7fW\xf9,C\x05\xb59\xf7L\xf1|\x97\
\xe2s\xc5S\x1c\xff8\xc4u\xd4T\xe9\x83\xb5w\x84\
\x97\xe7a\xad\xbc\x96/N/\xc0'\x9dt\xd2I'\
\x9d\xf4\xdfG\xa7\xf4\xdfI\xff\x5c\xe4\x0c\xcckr\xa6\
\x83\x8cJcr\xeebU\x06I\xcc\xcd\xdd}O\xcc\
\xcf\xc1\x95L)\x12\x1d\xa8=\xbeY\xa9F\xc8K!\
X\xc7\xb4<\xa5\xee\xfb\xa6x\xae\xae*\xdbn\x89\x0c\
\x8b\x1b4\x0f\x07[pG\xb5\xd2a\xa0\x07Z7\x0e\
\xef\xc6\xb5\x0d\xcc'u\xc6\xbaQ=\xc1\xd2\xc9F)\
\xf4\xe4K\x95\x1d\x97\x8c\xe3\xc19\xab\xac}\xdfP\xe4\
ar\x1c\x06\x1e\xbck\x7f\xb2\xbf\x9d)0ya\xa4\
\xb4\x84\xa4\xd5R\xc28N\x08\x00\x8a\xd1\xc8\xba\xc99\
\x07U\x93\xa9\x86\x05\xa9\xf06\xe9\x05\xf6\x0b%\xebT\
\x0f\xd9a\x82\x01\xeb\xc6\xbe\xf3\xfe0\x00\xc34b\x1c\
&\xc4\xc8\xfe\xbc\xba\xe1wy\xf3u\x8e\xd8\xa5\x04\xac\
34\x0f\x00{\xc9X\xb7\x0dC\x94MDg^S\
\xa2\xd7d\xb5\xd7\x19 \x1f\x178`\x07\x82i1\x11\
\xect)\xc7Z>\xa4\x0a&\xaf\x8d\x10\xc3\x7f[o\
\xb8\xdd\xae\x94\xce\xd4\x9cr\xc6/\xefT\xfb\xcd9#\
\xf7\xd2@\x0e8\x8a\x89lsNk\xe0n-D\x97\
v\x14 \x99$Y\x13\xeaoD\x0a\x9d\xd7U\xa9\xff\
:\xc8B\xb0\x8b\x00V\xd97\xe4\x8d\x00 \xe7K\x90\
\x84\x1a\xd7\x0bA1\xdd\x0b\x8c9\xa2\x11\x80\x85B\xb0\
\xcb\x19f8\xf8\xd7\xc3z\xa2:f\x9a\x14b\xfeT\
\x1a\xcb\xafWZ`\x15\x14R\xde\xe0\x9a\xab\xd5\x08\x0c\
\xf7*\xd5\xed\xc0\x04\x04)/\x82\x83\x04g\xda\xdcW\
\x1a%\xa9\xe5\xdfI\x1b;\xb1Y\x0d\x10\xacW\x95Q\
\xa5\x0a\xa7F\x90m\x0c\xb1:\x01I\x03\x01\xc0C\x07\
\xb6\xd6\x1e\xc6\x19h\xfbV\xbd\x07\xdb~\xe8X\xe3~\
\xe8\xe0Xm\x83\xd7\x97\x0dR\x06\xfe\x8c\xbd\xc0Y\xd1\
\xcapUSt\xfd\x06\xb8niK\xcf\xdfn\xac\x1c\
$\xe8\xc6\xab\x86!\xb0\x0fT^\x05g\xfb8\xf7\xe9\
\x10\x08\x14JZ\x93\xf58~\xd8q\xa9V\x03m]\
6[\x95\xea\x0b\x91\x83\x87$\xd6\xc5\x89mQ}T\
\x0a\xd1\x07\xcd(\xed\xc1\x8e]\xb6\x5ch\xeb\xb2\x86q\
b\xb41\xaf{\x82\xc6T\xce@\x8a5\x9b\x7f\xfd\x1f\
\xdb\xce\x9c\x0d@\x08\x09\xd3|\xc18]\x10\xaa\xb4x\
\xd7\x06\xe3<TG*\x5c\xed\xf2\xa8\x1e\x5c\xfb\xa2\xf5\
\xaf\xef\x87-F\xdbg\xda~\xc6'\xbd\xf9\x8b\xa8\x8f\
;~\x0f}\xc0\xaay\x05TS\x0eO\xcf\xcf\xb8\xdd\
\xe8D\x0a\xa0\xd3\x22\x82v\x04\xa2\x98\x07\xbd\x03\xa7H\
\xc9\xd8\x18\xe84\xc3\xf7e\x7f\x0f\xa2\xdb\xdbn\xd7\x1b\
^\x9e_\xb0\xed\x94\xe2KC\xc2\xedv\xd3\x87\x17\xf6\
\x09\xa5\xdf\xc1\x8fO\xb5\x8fA{\x7f\xd3\xc8\xb9c\x94\
v\x03\x08N\xce\x97\x85^t\xa5\x0a\x9b\x12\xd5w\xb9\
g7\xa9\xcdu\xa5-Z\xda\xcf\xe5\x07\xc0y\x9a\x91\
\xdc#q\x8c\xc8;\xcdZ\xcc\xf2\xae\xbb\xef\x045\xb3\
$\x1a\xe7yf_\xe6B\xd3\x1eRc~||\xc4\
\xc3\xe5\x22\xc9\xc8\x15\xe38Pu9$\x02\xc6\x01R\
\xff\xbd`\x90'\xf8\x10\x80\xdbJ)\xbf\xbc\xd1\xeb\xf1\
\xa7\x8f\x9f\xf0\xf4\xf9\x13\xd6\xdb\x0b\xb6\xed\x86\xb2\xef0\
I\xfb\x97L\x0d\x07\xaa!O\xb8\x5cf~\xfc\x9a\xf8\
~;\xcc\x0b\xcdMt\x12\xaa\xb4\xd8\xc9\xf9\x11\xba\xd9\
\xc5\xb9\xcfy\xa9\x95\xc0\xbe\xef\x9e\xb7\xa5\xc1\xb64\xfb\
\x98\xfc0\xe3Y\xc0hC\xd5\xf3i\xf9\x1b\xfdT\xb9\
$p_\x07\xed\xcb'\x00x\xd2I'\x9dt\xd2I\
\xffD:\xc1\xbf\x93\xfe9\xc9\xde\x94\x00\xec\xb9\x1a\x02\
.97\xe9\x83\x9e\x1c\x10qi\xa9\x03\xe3\xd8\x81q\
\x10\x03\xe3\xe5\x05\x01A\xcep\xb9\xb4\x1fA\xb1c}\
\x98\x86\xccE\xcf\x10e\x81?\x0e\x18y\xb8\xa7\xf5r\
M\x00\x94\xc7+R\xf3\xdd\xe4\x05q\x94\x14\x853P\
\xa6z\xa0k\x9f\x83u\xe38\x1e\xec\x8b\xed;%\x1a\
\x08.\xd1\xabp\xce;\xc6a\xa2:U)XW\xaa\
&\xa5Dp\x02\x01\xd8\xf2\x0e\xb3\x82q\x9aPr\xc1\
\xcb\xf3\x15\xd34a\x9e\x171\x0f<\xfc_oW@\
6\x0aS\x1a0\xcfT?\xda\xa4~\xbc\xccK\x950\
\xbc\xddV\xac\xebM\xbd\x061Pb\x06\xea\xd8PB\
h\x1c\xc8\x9c\x99\x01QN4\xb6m\xc3\xf5zE\x90\
M\xa4$0\x14\x01\x07\xc7\x1d>\x86>\x9e)4/\
\xbe\xbb\x1ce\xf4\xe4\xe3\xe6c\xe7c\xe0\xfd\x19\x13U\
\xb5||<\x8d\x8f\x9bK%\xee\xfb\x8e\x5c\xd8o~\
_\xd5\xfd$=\x99wzm,Y\xb6\xfa \xe9\x9f\
BO\xbd\xce\xe5x\x7f@\xbfd\xba\x1b\xe3\xeeLx\
\x12\xa8\x1c\x83\xd4%%\xdd\xe7\xcf=n\x08\x02V\xbc\
\x9f\x99\xb3w\x00\xca\xb6V\x09@\xf7\x86\x09\xf4H\x87\
)\xcc%\xda\x08\x864\xb12_\x0fZS\x1e\xc2\x02\
\xbd\x987\xa8\xadG'g\xe2\xee\x97\xbcj\xa4?r\
|U\xcaP\xc5\x04\x8bU\xfa\x8fO:\x80\xd0\xeb\xd8\
\x15\xd7\xc2\x1d4\xeb\xc9\xc1\x98#\x99\x14\xd8j\x8f\xbc\
\xdd0\xc6\xf0\xf14\x02\x8d1&\xc4D;ZTo\
\xbdO\xf3\x9a\xee\xfb\xa7\x91g\x0e\x01\x00\x8aWA\xa4\
*\x14\xa8\xce\xf1\xcb\x06\xdayx\x9d\x11\x15\x88\xeb\xfb\
Z\xe9j\x7f\xb4r8\xef\x9a\xe4\xdf\x81\x82\xea\xae\xbf\
\xa84\x08\x9c&^V\xff\xc79\xaa{\x04\x82t\x81\
\xea\xc3\xca\x905\xf14\x02\x03\x0drt\xd3\x14\xd7\xe5\
\xac\xa5\xc55\xc5\xf3\xf6\x99\xf2c\x96\xa1:wi\x8d\
\xa6\xd4#\xc1?\xb6\x8d\xcb@\xf3E}B\xe2==\
\x00\xb79L\xc0\xcf\xb4\xa6\xde\x06\xff\xaaz\xbf\xea\xc6\
~\x0c\x00\x0c1$\x8c\xd3\x82q^\x10\xe5 \xc3K\
\xf5\xfefY\xac\x8d)\xaf\xda]\xaa\x1d\x1c\xecW\xb5\
z\x0a\xdd\x87\x1ft\xb8\xa5\xcfknM\xcd\xc3{\xec\
\xec\xa1\xa6N\xf2\xda\xf7L~\x08\xa2d\xf5\xba\xd2c\
yJT_5c\x1f\xaf\xeb\x0d1\xd0~\xdf0\x8c\
u\xa2\x9a\xb1>E\xce\x9aB\x0c\x18\xa7\x19\xd34\xb3\
\xed\x06\xa4\x98p\x95T\x9b\x99a\xb9\x5c\xf0\xf0\xee\x11\
f\x86\xdb\xf5\xa65&\xb3\x0c\xc3\xc8\x8fW7y\x14\
\x1e\xa8R\xbd,\x0bB\x0c\xf2\xd4\xab\xb2K\xc6\x90\x06\
\xcc\xd3\xa2vl(Y\xbff\x88\x03\xcf\x03\xb9dl\
y\xc70$\xcc\xf3\xaci\xc9}v\xbd\xad\xd8Vz\
\xe5u\xfb\x8e\x00p[W\xbc\x5c\xafXo7D\xa9\
\xfe\xce\xcb\xc2\xba\xe9\x9dT\x8c\x1e\x83\xdd\xfcD\xcet\
\x9e5\x0c\xb4W;\xcdth\xc5\x0fD\xc08\xa9}\
r\xd4u\xbd^\xf1\xfc\xf2\x84\xa7\xa7\xcfL{\xbbQ\
\xeaOv\xfd\xdcvl\x8c\x01\xc38`Yf\x5c.\
\x0b\x16\xd9 L\xc3P\xbd\xcfk\xa1k>\xb5yT\
\xa7\x8eY\xf5\xc2\xebO}\xbe\xdc\xef\x87unAk\
G\xf7&)>\xcf\xb4T\xd0\xafMR\x9f\xcf&O\
\xf3\xf4;\xed\x92\xe0\x8a\xe3\xf3Jk\xc6\xd3\x9e\x00\xe0\
I'\x9dt\xd2I'\xfd\x13\xe9T\xfd=\xe9\x9f\x93\
\xacS\xdf\xecB\x0f\xbf\xbd\xea\xd1\xe1\xb0\xe9\xb1\xba<\
\xeeA\xb8/\xfdz^\x1e\xc6K\xcf\x97\x12\x0b\x0c\x94\
d\x95\xa4\x12\xf8\xac1\xf6\xa1\x93(3\x01FY\xb6\
\xf6\x82\x80\xc9U\x9eo\xc7\x91^\xfchx\x9cjL\
\xb3\xd4dK)\x94\x1e\xd87\x96\xdd\x81\x7f\x9e\xf70\
\xd2\xb89\x1dBl\xc8\x1bA?\x04\x99\xd4\xb1\x82\xbc\
o0\x04\x0c\x89 \x97\xff\xa5\x94\xe4\x19\xd1\xa4\x1ed\
\x04\xf3\x22\xa5\x1fn\xdb\x8ae\xb9 &:&\x19\x06\
\x97\xe6\xc8\xd5N\x90\x83\x92\xbb{\x0dV{^\xae7\
l\xdb\x8a\x10\x22\x86\x81\xf6\x8c\x00`]7\x00\x01\xf3\
\xbc`^\xa6\x0a\x96\xbd{\xf7\x0e\xe34b\xdb6\x18\
\x08\xeeA\x06\xd5\xbd/\xd1\x8dQ\xe9l.e\xd9\xf0\
\x83\x98\xd3\x10\x02\x92\xdb\x00T\xdf&\xd9T\xf2<\xd0\
\xf5e/\xf9P\xc7\xadJ*\xb1\x0fo\xb7\xdb\x01\xf4\
\xdb\xf7]}N\x00\xd0\xeb\xe2\x12}.M\xc9p\x8e\
\x89\x19\x81\x5c3\x19\xff\x97\xaa\xb7\x03x\x04?\x1a\xd0\
\xf7Z\xa5\xf7\x08\xee\x85\xe0\x0e\x17\x18\x87aR\xb7\xf4\
\xfe\xf2_\x9f\x9c\x22\xcb;\xf2\xb6\xc2\xe4\xc5\x99-n\
q\x19\xbbNh\xae\x83\x1e\x5c\x08.\xea&\xbb^\xaf\
$BZ\xb4\xba.@\xc6\xadg-\x9b\x8d=\x87\xd7\
\x5cJ\x0f\x80\xb9\x84 \xc3=\x8fc.\xadR\x04\x08\
\x15\xaa6\xd4\xfap _\x85\xdf\xf7K\xa3cKz\
Y\x16V\x87\xf7\xbd\xd7\xca\xf6\xbcI\xc1\xdcK\x00\xfa\
\x9e\xc1r\xef\xcbn\xf7\xdc\x7f\xee{\x13w\xfd\xd0\xf6\
\xaeC\xb8y\xc7\xf3\x89\xcf\x15\xdd\xa9\x8b\x04(\x09>\
3]3\x19\x813\x8f\x8f&_&\xcb~\xcaO\x7f\
5\x7fo\x93K\x98\xc9I\x10\xb3\xd0\xaf\x80\xb5:'\
\xba\xba\xc5\xda'A=\x1e\x08\x1a*^}\x16\x82\xa3\
\x89^\x9b\xae\xe7\xbcU\x0c\xe1\x18\xb4\x5cy\xab\xb6\x87\
\xfe\xce\xa9\x81m\xdefE\xab\xe4\x97\xfd\xe8\x18|\x0e\
X\x03\xfe\x04\xfe\xf9~U\xf4\xd1\xa8t\xc0[\x9f\x9f\
\xdf\x84\x181N\x0b\xa6iA\x8c\x0e\x1a\xab\x96]\xe1\
\xde\x87>7\xeb\x9c\xf3\x8b>N\xf7\x8e\x0b\xfe\xf8\xf0\
\xa1\xcd?h\x15\x98\x00\xa3\xa0w\x90I\xc2\xda\x7f\xf9\
^\xa2\x0d?\x80\xf5\xbd\xad+r\xde1T\x89i\xaa\
\xbd\xa3\xdbS\x03\x0c\xd3D3\x0c\xfbN\xa9h\xeb\xde\
\xcf\xfe\x91f\x9e\xe8\xfdx\x97\x13$\x937\xdd\x9c\x0b\
r\xa1\xb4\xdc\xe5r\x01B\xc0\xed\xe5\x05\xa5\x94\x0a\xa0\
M\xf2\x00O\xd3\x0b\xb4\x19\x18\x1c\x04\x96\xb9\x09\xda\xbf\
\xdb\x09\x04\x1a\xeb\x14c\xc4\xb6\xad\xfa@\xc3\x1eJ\x02\
\x14}\x1f\x9f\x97\x19\x0f\x0f\x0f(\xb9\xe0\xe9\xe9\x19\xdb\
\xd6\xbc\xd7{\x1e\xd7\xeb\x0d\xb7\x1b=\xf6n\xfb\x86\x94\
\x9a\x93\xa8qd\x7f\xec\x99\xa0\xa3\xc9\xee\xee4N0\
\x9d\x13\x82\xccQ,\xcb\x82q\xa2\xc40\xf7\x02\xa0d\
\xbe\xe3\xb7\xf5\x86\xa7O\x1f\xf1\xf2\xf2\x8cgw\xea!\
\x07R//\xcf\xf2\xe4\xcb\xfaO\xc3\x84y\x99\xb0,\
3&\xd5aH\xa9\xbd/|\x12\xf6?u\xed+\xcc\
\xe7\xab>\xce\xf9\xfa\xf09\xe4q\xfaT>\xa7\xcc\xe8\
\xf4\x86{\xa2\x01\xc5U~[\xdc\xd0\xcf\xe0\xae\x1e\xc6\
\x15\xa4e\xa5\xf3\x1ehk\xb0\x96\xdb\xef\xbfVN\x00\
\xf0\xa4\x93N:\xe9\xa4\x93\xfe)tJ\xff\x9d\xf4\xcf\
M\xce\x98\xbc&\x0f\xe3q\x1e\xf5+\xf0\x11\xe4\xf3?\
g.\xfdp\xed\xcf\x9d\xfc\xda\xcbr\x90\xa51E\xa4\
\x9eI\xf5x\xf4}@);\xaa\xf5\xbd\x96Z\xdce\
\xdf-\x08d\x82K\x12H\xadv\x90\x94\x1f\xa5\xe2$\
\x81(\xf5\xd9b&\x06\xc9\xd5[]\x9a\xa8I^\x84\
\x00d3\xe4R\xb0\xad7\xa10\xb4\xf9F`lG\
\x08\xc0\xb6eL\xd3\x82\x90\x02n\xb7+\xf6\x9c)a\
\x17\x02V\x81tf&G\x16\x01\xdb\xba\xe2\xe9\xe9\x09\
iH\x18'\xda\x14\x1c\x86\x019;\xd3G\x803K\
\x12n\x96\x94B\x94\xb4\x9d\x97\x9d\xc4h\x14yWt\
&r\xbe,d\xcc@\xa6&\xa5\x01\x16@;\x83\x1a\
'WSv\xe6\xd1\xf35\xf59\xc4\xe4\xb1-\x0e\x9e\
\xa9\xe3A/\xc3\xd6I\x07\xf6\xe5\xfbxz\xbb|l\
\xfb1\xde72\x889glr\xd0\xb1\xc9\x80z\xde\
\xa9\xce\xc5yFU\xe8\x5ch\xbb\xd1\x81\xc0\x03\xd0\xe7\
\x82f\xbd\xd4\xa1T\xdeB\x8a\x08\x02\xfb\xa2lEr\
\x1e:\xb0B\xc0\xc8\xef\xbd\x91A`L\xd3\xd0=\x82\
*No\xb5\x0d0\xd8\xbe#oWX\xa1tk\xf5\
V\xea\x80\x0e\x02\x10\x8cnA\x04(\x06\x95\xd3ri\
q\x19\xda\xa9\x16\x1a\x19;\xa7c\xf9P\x0b\xfc\xb9w\
P?\x84\x1d8(\x0a\x02\x07\xfb\xb6\xf2\x81\xb3\x8b\xad\
o\xe0\x92\x5c-\xe0U\xfdk\xec\xfb\xaa\xbdE\x02S\
\xaa\x14\x8a\xd4\x99\x0b:\xf0\xaf\x82\xa0\x1d\x00\x88\x00t\
\x92I16\x09c\xef\x13\x9f\x93\xf7\xf4\xd68\xd2\xe9\
\x87\xb7\xb9\xb5\xe7\xd0\x1d\xfe\xdf\x9bc\xaf4\x8a\xc4\xbe\
\xec\xfb@\xa0\x9e\xd2\x05\x01s\xfe\xc7\x075f\xfbs\
\x5cNQ8\x95\x94\x8f\xcf\x13\xafX]\x03\x1e\xde\xea\
P\xab\x1d\xbc\xde\x01!H\x02U\x7fT\xf9U\xbe\xf5\
\x9fW\xab\xbf\xf3\xd2\xfd\x7f\xd49\xc4\x02\x5c!\xb9\xb5\
\xe6xw$\x0f\xe3\xbcr\xd0Bs\xc2\xdf9rf\
\xe0\xc0\x87\xab\x8eR\x02P\xef'y\xfee\xfcV&\
\x02\xa1\x90\x10\x22\xa6i\xc14]\x10\x13\xf7\xa7p(\
\x11\xad\xb5UC\x9b\xf3\xdf[q?\xe6PX\x1dk\
\x83\xd6\xbd\x83~.\x05\xaf\xfc\x14\xf7z\xbd\x02\x02\xf1\
\xac\x93~.\xd5\x0en@)\x94ZK\x81\x1fvr\
\xc9x~~F\xdev\xbd\x1b\x09\xf8\xf1\x03R\xc4\xb6\
\xae|/\x18e\xbbR\x94\xe4\x9c\xd1\xc6\xac\xc1\xb0\xde\
\xf8\x0e\x0a\x01U\x0a.\x17JQ\xcf3=\xd3n\xdb\
\x86\xeb\xcbKu~\x11\x22?d\x99\x15\xec\xd5N_\
\xa0\xfd;\xbd\xf3\x82\xdbcT\xdd\xe7\x85\xea\xbby\xdf\
\xb1\xed\x1bM[\x98q\xbf\x8d\x91\x1e\xd8s\x91\xbd\xbd\
\x11(\x86\xa7\xe7g<?_+ xy\xb8 \xc6\
\x80\xebJ\x09\xc5bt\xe25\xcf\x13.\xcbER\xed\
\xec\xbb\x94\x12.\xcb\x05\x0f\x0f\x0f\x98F\xda\xdb\x1b\xe5\
\xd4$\xca\xbb\xf14\xb1}fT\xef\xfd\xfc\xf93?\
\xe4\xe5\x1d\x9f?~\xc6\xef\xbe\xfb-\x9e>?a\x97\
mCz\x17.H! \xa5\x80i\xa2#\x90Y*\
\xcf\xeeM\xb8\xae\xb5\xfa!\xc4h\xfb\x15\x5c\xb0\xbeg\
\xf1\xbd\xd6\xf65{\xe3\xccd]\x1a=\xa8q($\
\xa8\xddQ\x80\xb2\xa1\xbd\x07\xbd<\xae\xc5\xee\xccd\xae\
\x1a\xcc\x9a\xb4,\x09\xee\xd5\x0c:*\xdd\x990\xc0\x10\
\xfeo\xff\xf7\xffG\xbfJN:\xe9\xa4\x93N:\xe9\
\xa4\x1f@'\x00x\xd2?7\xf1\x8b;\x01\x1f\x92\xd8\
\x9f\xfe\xcb\xaf\xb5\x83*\xa5\xf0\xfag=C\xcdk\xb7\
ed\xfa\x12\xcd\x03p\x93\x1e\xec\x0f\xb9N\x04\xb2\x9a\
t\x99\xa7/\xa5\xe0v\xbb\x020:\x85\x90\xe7\xdeM\
`S\x90z\xae\x83\x7fn\xf3g\xdbwJ\xc5\xc5H\
\x8f\x85Ra^W\xaaK\x01\xb4_\x14cD\x96\xe7\
\xc0\x18\x09\xb4\x85N\xaap\x95\xc3\x88\x94$}\xe8R\
\x0eV\x00\x0b\x04\x0f3\xd5\xb1b\x082&\x9e\x90\xb7\
\x1d1\x12\x1c+\x86\x0a\xa4\x91\x15 #\x18C\xc4\xbe\
mxz~\xc6\xe5r\x11\x834`\xdfVl\xb7\x15\
\xc34\x02!\xc8\xa3\x22\xed\x17N\xe3\x84u#\x88\x99\
e\xe7(F\xaa\x04\xbb:\xd3\xc3\xc3\x03\xc6q\xa4\xc3\
\x90BU% `\x9ag\xe4L\xd5\xe7A\xe0'@\
[R\x10\xa8\xb8\xae+nR\xa3r\x004\xc8^\x94\
\x83\x150zm\x8c1Vp\xce\xfb\x80\xf94\xcf\xcb\
N^\x7f\xbf.%\x93m\x91\x84&\xfb_\xcf3\x19\
T\x00\xb0,\xb5\xdd\xd0\xe6eO&\xc9\xa7&\xd1\xe4\
\x0c\x91\x18\xebN\xbd\x10\x1e\xd6]\x03_\x06\xa5\xf8\xbc\
1G\xfd\xdc\xf4g\xf7\xf1\x8f\xeb\x01@\xc9\xd8oW\
\xec\xeb\x15\x01\x19\x00\xfb\xaa\x94\x82\x10\xd5W^G\xa9\
c\x06xS\x8cv\x01\x03\x9f\xf5\xed\xa0:\xa6#A\
\xc7vA@f\xff\x8c\xa0D\xd7\x06\xaf\xaf\xe7\x1a\x1c\
4\xe2\xd3\x00\x82Ale\xeb\xa3>N\xfd?\x04\xb2\
\x86\xadz\x08\x00b\x1d7\xaa\x0e\xc3\x19N1\xc4]\
\xc7\xb2\xdf\x0e=*\xc6T!\x87}\xc3:p\x10\xb4\
\x05\xc8:G\xa4a\xc2\xb8\x5c0\xcf\x0f\x18\x12=\x9e\
\xaa\xb5\x1a\xcb\xd2]\xb7\xbc\xef\xcb0nzU\x19\x99\
\xcf\xdc\xa1\x90\xea&P\xa5\x9f\x93\x8c\xd7<l\xf6\xe1\
\xddM{\xe4\xe5\xe96h\xbf\xf40s\x10\xb6>\xe7\
\x13\xef\x19\xa6k1\xd8R\xb6\x91\xea\xb2Z\xc3h\xea\
\xef\x1c/\xda\xfe\x0a\xaf\xd6\x94\xa9?\xbb\xe1\xe9\xc1\x04\
\x95\xde7\xce\xef\x5c\x8a\x0f\xb5\x87\xfdi\x0fO{\xc8\
1>\xe7\x06\x1fr\xc8\xbc\xf5\xad\x22f\xee\x95T\x80\
\xbf\x15\x84\x92a\x96\x91\x0bA?\xee-;r&@\
E\x90\x8a\xe9\xbd\x87|m\x18\x0c1&<\xbe\xfb\x0a\
\xef?\xfc\x0c\xc3tA\xd0G\x0a\xae\xa7\xf8j\xedW\
\x0a\x01!&\xe6\xa7z\x86ZU\x020\xba\x92\xe3\x0b\
\xbeW\x0e\xf38h\xbe\x80\xf6f\xb7\xf5&U\x5c\xbd\
\xfbd\xa7\x15\xd5\x9c\x03\xf7\xd0m\xdb0M\x13.\x97\
\x0b^^^\xf0\xf1\xe3G\x8cr\x8a\xe1\x1f4\x8a\x15\
\xdc\xaeW:\xc7\xb8,\xd8\xf7\x8c\x90\x22\x81\xd1\x0a&\
\xee\xd8\xe5\xe9\xdcJ\xc1\xe3\xbb\xf7\x18\x86\x11\xdb\xbe\x1e\
\xde\x19\x80a[7\xdc\xaeW\xa4H\x93\x10\x16\xf8\xb1\
l\x18\x06\xa57d\xf5w\x14\xf0V\xac\xe0\xfarE\
)\x05\xe30`\x9c)\xc5\x9ee\xcf\xb5}\xd81\x0c\
\xd3\xc89\x11\x22\xc1b9\xf6\xba^\xaf\x98\xa6\x05\x8f\
\x8f\x8f\x18\xa7\x11f\x05\xcf\xcfOX\xa5r<N\x04\
\xfa\xa3Ks\xab\xef\x10\x02.\x0f\x17\x84\x18h\x1fW\
v\x00]m8\x97\x82!%d9\xea\xf8\xf4\xf1\x13\
^\x9e\x9f`\xf2\xce\xebvg\xb7m\x05JFJ\xcc\
\xa7\xaa?'\xeeg\xbd\xd4-OFwT\xd7\x96\xef\
w\x9c\xe8\xa5\xeel>\x07\x1ah\xa7\xd9~\x07\xca1\
\xad\xb9\xf4\x9f\x09\x8es\xc0\xef\x00\xeey>\xcd\xc9\x87\
?\xe0-\xeb\xe0\xbb\x88\xcfA\x8f\x13\x8c\xcb\xafH\xe2\
\xaf\x0a\x8e\xeb/\xc0\xe8\xcc\xea\x04\x00O:\xe9\xa4\x93\
N:\xe9\x0f\xa3\x13\xfc;\xe9O\x81\x08\x00\xf6v\xf7\
\x5c\xf5\xc4\x99^\x1dGuM\xc6A*\x22~\xd8\xe6\
\x1d\xcc\x1c\xc4\xe9\xc3\x8f\xcc\x93\x7f]\xaf\xdev\x07\xaa\
\xea83P\x0ejPT\xcb\xddwz\xe9\x9b\xa6\x11\
!P\x1a\xcd\x81\xba&\x05\x97q\xb9\x5c0\x8eTm\
\xdd\xb6\x0d!\x0d\x88!`[o\x08\x02\xf5r\xce\x18\
\xa7\x89\x07\xdd\x10\xb0\xef\x19\xfb\xb6\xd1k-\x80\xdb\xf5\
\x86q\x18\x10\x13\xed\x0d\xed;\xbd\xed2\x0d\xa53\xf6\
}\xc7\xcb\xf5\x19C\x1a\xc9\xdc\x8c#\xa6y&c\x15\
\xc9\xac\xc5@u\xa4\x5c\x0c/\xcf/H\x03\xed+\x95\
R\x90\xa6\x111\x06\xd8^\xb0\xc9\x98xJ\x94\x98\xa0\
\xd4\x07\x01\xbaq\x9e\xb0\xdeV\xa4D\xe6%\xc8v\x13\
$\xe5h\xb2[\x98b\xc4*\x00t\x9af\xf5t\xc1\
\xbamXoT\x1d\xa3\xa4\xc3\x88]*\xba\xfe\xe7\xa0\
\xdb\xeeN3\xe4\xe18J\xdd\x0a\x92\xfe+b\x1a9\
F\x86yY\x90b3$\xefi\xd0\xcd\x0b\xff\xdb\xb6\
\x95\xed\x14c\x9as\xa7\xa6\xe4`\x88K1\x05y\xe2\
\x85\x91as\xe6\xdd\xe7\x90\xa4\xc3\xac\x0bc:>~\
\x05\x8aU\xb0\xeem\xfa\xbeg$\xae\x89>\xde\xf1Z\
\xb1\xee\xea\xc9\xb5\x02\xd8\xbea\xbb^\x11@\x8f\xd0\xe3\
HU\xec\xf5\xfa\x8c\x97\xeb\x93\xd6\x0c\x19\xd4\x00\x01\xa7\
\xc1\x15E\x09\xb8\x1bpt\xa8\x10\x02\x0a\x9a\x08WP\
\xbb\x1d\x06\xb2H\xf0\x82y\xbd\xee#oO\xbb=\x02\
\x8c\xa1e\xed\xad\xaf\x1d\xdf\xa4\xc1\x98O]\xe5\x95\xd3\
ly\xb4;\xe6\xed\x0c':\x07\x15p\x00O\xc9\x83\
\xf7\xa5\x00\xa06?\xc8\x107\xa6V\xcf\xd5z&\x8e\
\x88\xc3\x88i\xb9`\x9e\x1e\xaaw\xeb\x16\xe7(5\xec\
\xd7>O\xdf\x0e\xe3\x1fA\xa7@G \xb0\x9aW\x9f\
\xb6\xa5\xa7\x01\xfd.\x90Mq\x00T\xd1\xfbt\x0a9\
\xdc\x05\x81T\xf010M~\xb0/\xee\x01\x87\xae\x1b\
\xdb\xb5\xe2\x13\xeamT\x02\x10\x8cy\xd62\xbc\xaf\x05\
\x10:\xc5C\xb5\xd4>\xe3u}\xa4\xba\x06\x8f\xd2F\
\x05]\x10P\x01[\x8dJ'h\xe4\xf6\xfdx\xc3\x87\
V\x01\x0f\xfd\xe7\x12\x7fU\xdd\xb1\x10\x00\x94\x0dV\x02\
\x80.\x0d\xc8\xf7Z\xf1\xb5\x09\xd6\x93s\x82\xde\xc4c\
Lxx\xf7\x01\xef>|\x8bq~@Lc\xb7g\
\xf8\x1f\x08\xea\xfaZ3\x01\xf0\xbe\xbe\xaa\x9a9\x00\x07\
\xb2\xcd\x00\xca\x5c\x09\xf0\xa2\x97x\xdfG9\xb6\xec\xc1\
\xdb\xed\x86\xbc\xed\x15\xcc\xca\x99\xd2b\x90S*\x7f\x9f\
\xf9G\x99\x9c3\xd20`\x1c\x06\xdcd\x87.\x04\x82\
u\xfe\x91\xec\xf9\xf9\x19OO\x9f1\x8d\x83>tQ\
\x0a}[W\x18\xe8\x1d=K\x0d\x98\xb6\xf1\x16\xcc\xf3\
\x82}\xdfq[\xaf({\xc68NH\xc3\x80\x98\x02\
n/Wl\xdb\xae\x0fa\xac7\xdf\x01\x03%\xb2\xad\
\xe0v\xa5S\x0f\x02o\xac\xe7\xed\xe5\x8a\x9c\xe5Ux\
\xa0y\x8b\xa2\xf7\x9e\xe9\xfd5/\x0b\x82\xec\x19\xd2\xf1\
\x16%\xf6\x83\xa4\xf4\x1f\x1f\x1f\x10\xc2Q\x1d:\xc6X\
\xdf\xd3\x04\xe6d\xafu\x18\x10\xdc\xe9Wn\x9e\x92\xdd\
\x94D\x88\x11\xb7\xdb\x15///\x02\x0b\x81\xcfO\x9f\
\xf1\xe9\xd3'l\xebJ\x9b\x89#\xa5$\x83\xd16^\
\x0a\x01\xd38 \xc9..\xf7\xe4\x00C9\xac\x0d\xbf\
\xf4u\x1d\xea\xb4el@v\xf8*hW\x13\xb4x\
\x02\x07}\x9d\x99\xa1\x02\xcc\xa6\xb4\xcc\x97\xd2~\xd0\xba\
e\x8e\x9e\x0f\xd7\xac\xafG/\xcbs\x0dU\x5c[i\
\xbc|E\xe2s{\x03\x00\xf4\x0b\xae\xc3\x13\x00<\xe9\
\xa4\x93N:\xe9\xa4?\x90N\x00\xf0\xa4?\x05*\xa5\
`\x13\x83\xe2GX?X\xf6L0\x0f\x9f\x8d\xd9\x0d\
\x15\x0c:p\xba\x87\xf4\x04\xf1$\x01\xa8\xf8\xdbNO\
|\x00\xbd\xe3y\x9c\xc6\xb8\x91\xb1\x0e!T'\x1f\xc3\
@\xa6\xac\x97\xe8\x08! \x97\x82U*Rn\xcb\xc7\
\xa4\x8a\x0a\x95w\xbd^Q\x1c\x1c\x9cFJ\xdde\x82\
~=\x909\xcd\x13\xd6mC\xded`\x5c\x8d\xc8\x92\
\xdc\x9b&J\x13\xed;U\xb0\x10\x8c\xeaTn\xd7(\
\x04l;\x19\xa4\x10\x05\xf6Y\xc1\xban\xd8\xd7\x0dI\
6\xfd\xc6i\xc20\x8d\xc8\xfb\x8e\xdb\xcb\x95\x1ef;\
 5F\xb2\x0a\xde_\xfbJ\xc9;\x93\xdap\x92\x97\
\xdc\x94\x12n\xb7\x1bL*\xbc\xceX\x92\x11ncb\
\xb21\x05\xe0`\x1b\xc9\x1903\xaai!\x04d\xa9\
r\x8d\xe3X\xf3q\x86\x93c\x18k\xff\x8f\xd3\x04\x98\
a\xdb\x09v\xba\xd4_\xb1\x82m]\xb1\xad+\x99\x08\
+\xd8\xe5\x111\x00\x92 }\x9b\xa8\x82Ki\xc9\xde\
\xf6\x10\xcb\x06\x08\x83\xf0\xda\x19\x0f\x9f[\xf59\x0b\xe9\
\xc0,gv\xea\xec\xf4'5\xdc\xe3\xf8\xbc:\x92\xbd\
\x19\x97\xd7b\xc8\xee\x93\x00Lg\x05y[\x91\xd7\x15\
\xf34\xe1\xddW_\xe3\xf2\xf0\x8e\xcc\xf1\xbe\xe2\xf9\xe9\
#>~\xf7\x0fX\xaf/R\x99#\xa0@\xc9\xa2\xbe\
\xdd\x04\x1c\xbc\xfd~\x0dP\x8dK\xbdB,By\xc0\
\x7f+\x98\xc7\xbe\xe5}{\x1eX\x10\x01\x8d\x0a\xc2v\
\xad\x08\xa1:~\x00\x08jzz\xe2a\xac\x87{\x18\
\xf6\xfe)5\x9c\xf9\xbb|\x8c\xab\xf3\xf7\xb3\xa0J\x0f\
v\xccf\x95\x9110\x9d\x09D\x83\xb8`\xa7\xa0\xda\
\x19`!\x22\x8d#\xc6\xf9\x82i~\xc08\x10\xb4\xe7\
\x9cS\x7f\xd5\xb4\xbeW\x1dA\xbc\xb7\x7f\x1b\xa3\x5c\xeb\
\xd3\xe5\xf5:\xbd\xe2\x1d\x8b\xf2T\xacK\x07\xbc\xb5\xf9\
\xe5\x89|b\xf1Y7\x1c`HKqO\x9e\x83\xf7\
\xaf\x01R\xef\xf6\xba\x93\x0e\x00\xa0\xf7\xbd\xa7\xe9\xabS\
\x87\xa6K\xac\xb6t\xf0\xaf\xc2\x14\xde\xa5\xf3}\xcc\x9f\
C\xf9\xab\x95\x87\xb8\x1a\xc6\xd6\x8a\x030!{f0\
\x81\x7f\x94Z\xa3\xba/?\x025\xe0\x8f\xef\x13\xee\xdd\
m\x1e\xd5\xb5[\xd7\x0fUb\x1f\x1e?\xe0\xf1\xc37\
\x98+\x00\xe8\xd2\xaa\x8c\x13\x1c\xb8\xf5T\xaaT{\x1e\
\x11\xd3\x00\x18h\xdfU\x11bJ0\x04\x02m\xc6z\
\xfb\x9e\x0a\x01\xf4{\xd9\xf1\xf4\xe9\x93\x9cS\xcc\x94\xa2\
\x93\xa4\x9a\x97\x99ez!u\xa6\x16 \xe0\xeev\x95\
\x83)}\xa4\x9a\xe5x\xea\xf9\x99v\xf3\x06\xbd\x8f\xa6\
i\xe6\xc7\xae}\x93\xc3$\xaa\xce\xf2\x03\x1c\x81F+\
F\x1fEB\xafC\x08\xf4\xf2+I>W#\xf76\
\xcc\xcb\x82m\xa3\xe9\x8db\x19\xdbJ;|\xa3>\xea\
QR\xdd\x10SDD@\xb6\x82\xa0\xfe\xc89W\xe0\
q\x9af\xaa\xf3\x96\x1d\xd3\xc86\xc4H)\xcd\x14\xa9\
\xa6lV\xaa\x8d\xbe \xdb}\x83\x1c\x9f\xf8\x19\x82\xef\
\xc36\xd6\x9c{\x9c\x07\xcf\xcf/\xd8w\xbe\xf3\x9e\x9f\
\x9f\xb0\xe9CX\x91#\x10(\xffi\x18\x11\x93\xd4\xf0\
c\xac\x1e\x88c\x0cm\xb2\x1a\xe7\x8f\xf9\x9e\xc7\xe9Y\
A\xf3~\xad\x04\xcd\x86\xe0\xd2\xc2\xfeq\xb4\xdb3<\
M\xd0\xdaa<\x07\xf8<\xa09FR\x82n\xafQ\
)\x02\xec\x0c\x01\xa1\x10PoKYu\xf35g>\
\x99)\x19\xecE\xf9\xdejZ9^\xa7\xa0\xfb\x9a\x97\
\xe5\x13\x00<\xe9\xa4\x93N:\xe9\xa4?\x84N\xf0\xef\
\xa4?\x15\xca9\xcbv\x9b\x1f/\xf9U\x1c:\x94\xf6\
\x7f\x1e\xf6\xa5g1\x92\x83s\xf0\xa6\x1e\xc2\xc5L\x18\
\x1fVF\x8c\xbfV=\x0c;\x99Qz\xc3\xd3\x03d\
\xac\xd6mCr\x09C\xb0\x8c\xbdS\xfd-\x92\x10\xe0\
W\xfa@;w\xfb^\x9dh \x8a\xf9\xd8)1\x12\
\xa4\x06<\x0c\x94b\xb8\xbe\x5ca\xb2I\x04\x90\xc9\xb8\
\xdenH1b\x9a'\xec\xfbF/\x88)R\x92K\
m\x891\x22\xef\x1b\xa5\x0f$\xa9P\x8aa\xdd)A\
8\x0d\xf4\xe0KI\x0c9&\xb9\xd1\xdbn\x08T\xe9\
\xa2\xb4\x85\xa4\x0b\x0am?m\xfb\x8e\x14\x08\x94\x8e\xd3\
,\xfbB\x94z\xa44\x06\xdbI\xc9\x06\xe6{\xbb]\
\xe5\xb1\x97\xd2\x8a\x0f\x8f\xef\xe8d\xe4F;J\xa3\xc0\
\xd4m\xdbp\xbb\xdd*\xd8Gf\x89\x86\xdcs\xa6\xd7\
\xc3\xdeh{\xdf\xb7\xee\xa0\xe4&;}\xe6\x8c\xba\x05\
l\xfb*\xc9=W\xddu\x0e\xfa\x8e\x09\xef\xa8\x9f+\
\x90\xe7^G\xa1\x18\x8e\x06\x83\x84\x1e\xb8R\xf8\xfds\
\xe7m\x9cz\xc0\xb0\xfe\xbe\xae\xc7[\xe4\xd5\xb57\xea\
\xee\xcd\x02X\x7f\xc6ia\xb0\x1d\xf9vC0\xe0\xfd\
W_\xe3\xc37?\xc3ry\x94\xa3\x97\x80\xbc\xafx\
\xfa\xf4\x1d~\xf3\xf7\x7f\x83\xa7\xcf\xbf#\x83\xed\xcen\
b\x14h\xe6mf\x1f\x07\x01\x80\xad\xfe\x0d\xb0\xe3\xac\
\xe5\xff\x08\x01r\xed\xaa\xe7=P\xda$\x96\x82\xfa\xd3\
)t\xa0 \x819\x01\x87\x02\x95\x0ee@\x00`\x07\
0\x05\x95#\x08\x81 Q?>\x0e\x9bxg\x89\xa1\
\xf4.\xebC\xcc\x8axn\xdfg\x98\xce\x99Yh\xce\
D\xdf\xb3:\x09\xc0q\xba\xd0\xd3\xb5\xd44\xf9\xa7<\
\xeal\xb8\xdb\xc3T\xa7\xfb}\xad\xd5\xf0\xae\x0e^'\
\xcf\xc7c\x0b\xc8l\xe9Yb\xd03\xc0yv\xe7\xbc\
\x1dt\xe3Mp\x90@\xe0m\xcdX\xe3\xd3\x83{\xaa\
\xc0\x818?\xda\xb3\xe6\xfc\x85?E\xe5\x05\xeb <\
sp\x97\xb6\x16\x1b\x10\xab|\xb4\x8f\xb3/\xf8\x7f\x80\
I\xd2\xa8'o\xe9\x91\x82Q\xb5\xb8>U\xa2\xe0\x0b\
\xc6\xf3g\x07\xd7\x08\xecg\xb8\x97%\x00\x02\xfdz\x10\
P\xea\xa2t\x0a\x84*\xfd\xc7\x0f!\xcc\xa7\xd6\xc8/\
\x04\xf0\xc5\x98\xf0\xf0@\x09\xc0iz@\x1a\x07\xc40\
\xb0\x9e}38}j[\xddDA\xb0\x00\x04J\xa1\
\x19\x02J\xa6\xb7\xd9\x18\xf5!\xc8\x0b4\xce\xe7b\x92\
\xea-\x86 g\x18\xfb\xb6a^\x16\xc0=\xe3V\x9b\
\xa6\xb4\x13\xc8\xf7)\xa5\xe2vy\xa3\xa5\xfa*\xdf\xdd\
\xc9m\x17j\x8f\xd8VIeG\xd9.\x0d\xc04-\
\xd8\xe4\xac\x03\x01\xd5\xb1\x16\x9db\xf0#M\x00?\xe4\
\x94LO\xea&{\xae\xb7\x1b\x9dL\xc5@\xbb\xb3\x00\
\xf0\xf0\xf8\x1e\xc38\xe0v\xa5c\x90\x92)\xb5\x9f\x86\
X\x9d2A\x1f\xbc\xb2\xc0Azc\x97]\xd9\x101\
\xcbC\xee\xf3\xf33\xd6\xdb\x0d\xef?\xbc\xc3\xe3\xc3c\
\x03:3\xdf9Q\xb6\x09\x0d\x5c?I\xe0`\x10\xf8\
\xb7\xcaa\xd4\xa7\xcf\x9f`\x92\xc8_\x96\x05{\xcex\
\xfa\xfc\x19\xd7\xebU\xf5\xa6\x0dY+\x051\xe9}\xa3\
\x0fd)Q\xba2U\x1b\xb12\xf5\xd1\x9dA\xac\x02\
t\x02\xce\xeb\x5c\xe5\xdc\xf5\xf9[\xe7lO\xd5>\x1f\
\xc9mYBm\xf2\xfd\x04]>\xfcq\xd5}\xa3\xf4\
\xa0\xef\x1b\x1eGy\x16\x98\x5cD\xd5)/\x00\x8f\x01\
\x5cbn\x1c\xc0\xb1L\xd3\xbab|Oj\xda\xcf\x0e\
@~\x05\x00\x0d\x16\xb8\x16O\x00\xf0\xa4\x93N:\xe9\
\xa4\x93\xfe\x00:\x01\xc0\x93\xfeT\xa8\x94B\x8f|b\
h\xfc\xb8\xe7\x87[z+\xe4\x9f3&\xf7T\xdc\xa0\
\xb9\xd4\x88\xf3N\x89\xb2\x18#\xa0\xc3\xb4\xe7Af\x9d\
y\xf0\x90\xad\x03\xb0\xd4c\xdd\x16\x9f\x09\x8c\xa2\x8a)\
\x99\x11\xa0\xa9\xf3\x04I\x04\xa2\xb3awoD}\x97\
\xb7\x5cwJ\x91e+\xd0\xcb\x1f$Mgr\x0e\xb2\
\xae\xb4+\xe4y\x86\x0a\xae\xf1\xac\xbdo\xcco\x94G\
\xde\xbc\xefUZ\xc1\xcc\xb0K\xb5\x19\xb2\xfb\x04\xa34\
\x9d3\x13\x83$\xf5,\x00\xdb\xba\xeapN5\xa7 \
i\x06\xcb\x19\xfb\xb6\xe2\xb6\xaebdfJ@\xa6\x01\
\x963\xb6\xf5\x8a\x5c\x0aB`\xbb\xb6*]b\xb8\xad\
7\x94\x5c0\xcd3A\xcbiBL\x03\xae\xcf\xcf@\
\x90m\xa3L{L\xdb\xb6a\xdbw\x8c\xc3P%#\
\xe6y\x01dc\xc9,\xe0r\xa1W\xe2R\x0a\x9e\x9f\
?\xe3\xe5\xe5\x05\x0f\x0f\x17,\x97\x0bn\xb7\x15\xb7\xeb\
\xb5\xd9\xd8\x12\xe0A\x16\xf45\x00 \x0e\xa4>1\xa9\
y;y\xbf\xfb\xb5\xdb\xc5\xf3\xf0\xc0\x07\x8a\x00\x87\x96\
t\xcd\xfb\xfb|\x08r|\xa1>?\x94\x823\x5c\xad\
.\xf7\xd4a\x18\x957\x0b0X\xde\xb0\xdf^0M\
\x0b~\xf6\xcb\xbf\xc0\xbb\x0f\xdfb\x98&\xd9\xb9b^\
%\xef\xf8\xfc\xf1\x1f\xf1w\x7f\xf3\xef\xf0\xf4\xe9wH\
\x89\x12\x80!\xb8\x1dE\x01t\x02H\x0c\xb2;U\xcb\
\x11\xc8\xee8\x9c\xfa\x80\xc0\x5c\xeb\x8f F\xb6\xb6A\
*\xbf\xed\xdesc\x83\xec\xce\x1ea\x84\x09\xec\xf0\x8e\
\xad=NpR\xe0C4\xd5\xa7e\x0a\x04c\xce\xda\
SB\xdfQ\x8d_\xd5\xb5@\x9b\x0a\xae\x15\x84\xe2\xa0\
\x93\x8f\x85\xe2\x0a\x9c\xacs\x01\x01C\x1a1\xce\x0f\x18\
\xe7\x19i\xa0\x97\xed&\x01\xf8e\x15\xe0\xfa\xeb\xd7\xba\
os\x9a\xfb#\xe3\x08\x00\xf0z\xaatO\xa3\x8a\x02\
\x9dTP\xf0\x08\xfa-\x1a,\x0f\xef\x19{\xf6l[\
K\xea\xc5\x16_d\x0e\xca\xdeI\xd91U+.\xdc\
\xa5\xeb?\xb7\x98\x81R>5%j\xdd\xa1\xd2\x0d\xee\
0\x00\x15\x06`\xbd{\xf5\xc0c\x19\x1evx\xe6\x8b\
\xe4\x9e\xccX\x83\x00\x87'Y\xaa\xd7A\xe3B\x00\x8d\
*\xbf\x85\xc6\xec`\xb9\xc8FjF\xb6\x0c\xcb4\x1d\
\x90]\x92\xdc\xcb\xe8\x80\xed\xd6K\x11!\xf0#\xc9\xbb\
\x0f\xdf`\x98\xdfQ\xe5\xb5\xf3\x14\xde\xc6B\xed\xd0\xd4\
\xe58\x13\xd4)\x06\xadW\x85\xab\x08_[\x0eB\x97\
\xb2\xa3\x98\xde{\xaa\xd6\xee\x92\xd6\xfa@\xe6\xe0\xd9\xbe\
\xef\x04\xaa\x22\xb0\xe5\x8c\x14\x12\xc6i\xaa\x00`\x8a\x92\
\x88\x97\x14c\x08\xb4O\xbb\xad+A\xc8B\xa9>\x18\
\xfbb^\x16\xda\x14t\xc9B\x99\x93\x18\x87\x11Q\x1f\
}\xa0w\xb9\xdb\xc9\x83\xe6\xd5\xbe\xed\x08C\xa4Jl\
\xa1\xda\xee\xe5\xe1\x11\xa5\x14\xe4\xb2\xc3\x0a%\xe3\x93K\
\xf3\xe7\x8c=o\xf4\xc8\x9d\x06\xbe\x97\x83a\x99'\x0c\
i@\x1aF\x8c\xe3\x84\x87\xcb\x03\xcc\x0a>~\xfc\x1d\
B\x08xx|\xc00\x8e\xc8{Fqs\x22\x9a2\
\xeb\x8df$.\x0f\x17\xe4=\xe3z\xe5\xc7:3\xc3\
\xd3\xd3\x13\xf6}\xa3\xb4\xbf\xa4\x13\xc7\x81\xb6ts\xce\
\x043\xe5\xe1>\xc9\x01\x14\x01\xbff\x06\xa3\xd9\xf2\xf3\
\x0f\x94>\x88m\x1ew\x8b\xa0\xae}h\x9eV\xc9\xbe\
Jm\xfeBs8C\xc0Z7\xa7\x95\x98c\xaf%\
\x02+\x9c\xff:S\xb1L\xe6\xaf]\x88kOy\xd3\
\xf7\x15\xcfV|\xdf\x91x\xe59\xb3M\x5ci>\x89\
kn\xdd\xde\xc3{\xff\x08\x10\x8c\x92\x84\xac\xb7\xe7-\
\x89\xef\x13\x00<\xe9\xa4\x93N:\xe9\xa4\x1fF'\xf8\
w\xd2\x9f\x12\x11\x00\xdc`F\xe0\x8a\x07M^U\x06\
\xf8\x0e\x00\xb4^b\xabS\x93\x05(y\xc1\xaf\xed\x91\
\xb6\xed\x04~\x91\xa1he\x9a\x11\xc4\x9a\x97\xe6\xc4\xe2\
\xe5\xf9\x19\x000\x8ds\xe5\x13\x09\xa8\x91\xf9\xbb/\xd7\
\xa5\x11\xa2<\xe2\x9a$\xd6\x82\x80;'\x07\xe0\x9e\x9f\
\x9f\x11d\x0b0tv\xf4\xb6mC\x16\xa8H&\x8f\
qR\x8a\xd8\xf3\x86\xeb\xf5\x86q\x98\x14F@\xcc\xa5\
\xe7\xa6i\x82\xb9\xc7F\x81zA^dc\xa0\xda\x16\
\x01R2h1F\xdcn4\xb2\xee^\x08!\xd5\xdd\
}\xdb$\xf5A\xa9?J\x14\x92\x195\xb0\x9e\xb7\xeb\
\xb5\xaa\xf1\x96BC\xe0e\xdfq\x99gX\xa4Z\xf4\
<\x8e\xb4\x1d\xb5R\x02\x91\x8cd\xc28\xcd\xf2\xfcK\
\xc9I\xf6\xd7\x88b\x19/\xcfW\xc4\x980\xa4\x88u\
\xbd\x01\x00\xd20\xc2`\xf4\xda(;~l\x07\x01V\
+\x85^6E\xa1\x03\x22\x00P\x02M\xfcp\xc0\x11\
\x90\xf2\xf8~\xdf\x87\xf7\xf75\xbc>V\xf8]\xbcW\
\x14\xfc?2J^\xadWu\x14\xdd\x87\xf7\xf9r\xde\
1\x8f\x16nlUW\xfc!=\xa8\xfe[\xb6\x0d\xef\
?|\x85\x9f\xfd\xf2\xafpy\xf7A\xaa\xbe W+\
*y\xc7\xef~\xfb\xdf\xf0_\xfe\xe3\xff\x8e\xdb\xf5\x89\
\xf33\x0a\x88\xe8\xe4\xee\x84v\xa1\x82\x19\xc6\x92\xfc1\
\xe4\xb568\x00\xe7\xceQ<M\xdf\xa7\x02\xce\x18\xd7\
\xdbA\xc0\x83\x9e_\x99i\xec\xb2\xaf\xf5\x16\x00\xc8\x00\
\xd6\xc3\x22\x01BJ\x1c\xb1\x1f\xc4j\xd6\xbe\xf2\xc8\xc1\
\xab\xee\x14\xda\x00\x19d\x1fR\xcc1\x19m2\xcc\x9e\
\xa6\xa6w\xbb\x85\xe2\xcb\xcd\x01\xc0\xe9\x82q\x9e1\x0c\
S\x95\x8e\xeaR\xd5q\xfa\xbe\xdf~,\xcd\x5c\x1d\xb3\
\x85\xf3\xa7\x8b\xe7\xf531\xfe\xb5=MM\xbbg\xf6\
\xbd?j\xafTl\xcc\x81\x03\x01\x05\x15Lm\x11\xcd\
\xc7\xb0\x1f\x17\xb4>\xed\x7f\xfd\xd91\x9e\xca\xe8pX\
Y\x95T\x04\x07ae\xef-(\x0d \x08\xa1\x93 \
\xba+\xe7\xad\xb5\xf5\x169$Q+\x00\xcf\x94\x7f\xec\
C\xa8\x1e\xed\x1d\x04\xcb\x80ed+(\x96\x01I\x9f\
\x11\xf4\xa3\xfal\x96=Y\xcf\xd2\xc0=\x99\x01\xa1\x96\
\xce\xf9\x9f\xf0\xf0\xf0\x88\xc7\x0f_c\x5c\xdeaH#\
\x90(\x85\xdb\x8fPP\xbf\xf9\x07,\xb7+H@\x92\
\xf5\xf5\x19\xea2\x9a\xa1z\x19O\xb0\x00d\xbd\xcb\x5c\
\x95\xd6\xee\xde\xa9{\xa6t:?\x84q\x0c\xfcy\x8a\
\x04\x00\x8b\xd4{S\x0a\x9a\x97tr\x15SD\x0c\xb4\
o\xb7m\x1b\xc6a\xc40\x8exyy\x06\xcc0\xcd\
\xb3$$;\x00p\xcf\x18\xc6\x011%:\x19\xd9i\
z\x81R|\x02\x04\xddc\xbd\x9ceY1L\xf3\x82\
q$\x18\xe9u_o\xb7z]J\xc1\xbcL\x98&\
~\x88*f\x18\xa7\x11\xe30Hz\x8f\xfd\x13%q\
\x97\x0b\x1dbq\x8f\xe2\x1c*\xc6s\xc4z\xbba[\
\xddKq\xc0\xe5\xe1\x01/\xcf\xcf\x15\xec\xab\xefMM\
\x98\xa2w\xd20D\xa4\xea\xa4\x83\xef\xde!\xd1\x9e!\
\x01^\x8dApP/t\x9e\xd0=\xacNB^\x99\
\x01\x9d\xd4\xac\x09\x14s\xfb\xa05\x89R\xf8\x1c\x84\xf6\
\xaf,\xc99J\xb9sF\xf9\xdc\x0e\xeak\x03\x10}\
nyf^\xae\x9e\xbbm\xbe\xa8:t\xb5\xd6\x9a\xaa\
5\xd0\x93V\x1e\x97\x98\xb7\xa9\x95\xc3Y\xde\x9e\x13\x8c\
\xefH\x12\xb85^\xd9O\x00\xf0\xa4\x93N:\xe9\xa4\
\x93~(\x9d\x00\xe0I\x7fJdF\x00\xd0\xa5\xe9\xf0\
=\x00`\x7f\xc0w\x89Ag\xae=\xbd\xff\x9aQ\x15\
\xcb\xe3\x11\x84\x8bTS\xeal\x07\x0e\xc3\x04\x04\xe0v\
}A\x96W\xdba\xa0\x8d;\xb3\x22\x9bD\x92\xa8C\
S\x1f\xce\xd9\xed\x01\xb2\x9e9g\x0c\xf2l\xebv\x89\
\xc8\xec\x19\xa5\xf0\xc4\x1cy\x9c\xdcIZx\xfd<\x1f\
\x04\x82\x90)\x05\x5co/Hi\xc4<-\x08R\xc7\
r\xe3\xe9\xc1\x81;I\xe1A\xc0\xe10\xd2\xbbn\x10\
\xb3\x18\x82T;\x11\xb0\xed\x1b\xb6u\xc54M\x18\xa7\
\x09\xebJ5\xe5\x00\xa6\x1d\xc7Q\xaac\xa0gE\x01\
v\x9e\x8f3]y\xa7\xd1x\x93\xca\xd7eY0N\
#\xae+m\x1e\xa6\x94\xaaDd\x00\xc1\xc8\xcb\xc3\x03\
\xf6}\x97j\xf4\x86\x18\x22\x96eA)\x19\xcf\xd7\x17\
\xe4-W\xf5^\xf6\xab\xdb\xd1\x2293\xaaL\x953\
\xc4\xb8\xf9u\x0d\x15\xd3}\x04\xc9\x1c\xb0i\x8cR\x03\
3\xfc\xda\xcb\xa8\xe1\x1e\xbfJ\x9d5\x0a\x15\x92\xe0p\
{?5\xa6H,\x8b\xd7\xbb#\xcf\xdf\xd38\xbd*\
\xbf=\xd1o\xad\x10\xef\x14\x8d\xe9\xf4\xac\xec\xc8\xdb\x0d\
\xa1\x18\xbe\xfd\xc5_\xe0\xdb_\xfc\x05\xc6\xf9\xf2F\x9e\
\xa4\xbco\xf8\xc7_\xff\x17\xfc\xed\x7f\xfe\xffa\xdbV\
\x02W1\x22\x1e$\x01\xa9\xdei\xb2\xca\x17\xe0\xf7>\
\x1c\x01\xf1\x00Rr^\x03t\x0c\xc2(\x02\x02}\x9c\
*\x00\xe8\x96\xfe\x1a\xa0\x86\x10\x05?\xb6\xfe\xf1p\x8f\
\x87\xda\x0b\x84\xfb\x08~8`\xe6\xa0c\xeb\xab\xc3\xc0\
\xfb}\xa0$\x15\x1cD\xe1\xe4\xe3~\xf3\x8aiU\x1b\
 \x09@\x1f\xff\x00\x98E\xa44b\x9a\x17\x0c\xd3k\
\x00\xd0\xe7\x07\xba1\xee\xaf\xfb\xdfc\x18\xff\xbc\x06\xfd\
\xf3\xfbt\x95\x81\xf6|\xee\x87\xdb\xdb\xd2p\xd2\xbb\x1e\
9\xdey\xef\xf9\x8d\x92\xd6g\xea\x09\x8e\xa3\xca=\xf4\
xP\xffT \xde\xdb\xe3\x82\x8c\x1al\x81\x0am\x94\
\xef\xc0\x0e\xc5g\xfb%\x11\xaa6\xfa\xde\x07\xbf\xef\xc8\
\x87\xbf\x0f5\x07\x1d\x02\x10\x8b\x87\xb0\x0e\xe6{\x1dX\
\xa0\x7f\xf81\x80\x1f\xa9\x0a\x01\xc0R\x08\x00Z)(\
\x99{\x13\xa5\xbd\xa4\xfak\x9a\x8f\xec\x84\xd6i\xba\xe5\
O@\x08\x11\x97\xcb\x03\x1e?|\x83i~\xc48\xce\
0\x01^}\xf4\xe0{\xb9\xe6\x1b\xeb\x89\xa6\xda)[\
\xaa\x0e\x08\xf2c\x0a\xed\x09\xf2=f\x08!\xc1\xb3\xf5\
}.[A\xde:\x1b\x86j{?\xa7J\xa13\x8b\
\x14\x13\xb6\x8d\x92n\xf34\x12\x84\xd4\x87\xac]\x9e\xe1\
o\xb7\x1bRJX\x96\x07\xecy\xc7\xf3\xf3\x13F9\
\xaf\xf0a*fHr.\x14\xe5\xf0e\x97\xf3\xa7\xbe\
n4W\xc1\xfalyG\x00\x10\xe3\x80q\xe4G6\
\x93\x8a\xf0.\xc7\x1c&\xa9\xfb\x14#\xbe\xfa\xfak,\
\x97\x19e\xa7\xd4#?\x8a\xf1\xa3\x9d\xbf\xfbSJ\x98\
\xc6\x11P\x1fA\xef\xbb\x9c3\xd6m\xc5\xf3\xf33^\
\x9e\x9f\xb1^\xaf0+\xb2\xa9\x08\xec;U\x99\x93\x1c\
r\xd1\xa6\xb0\xde\xb3\x08H1b\x18\x13\x86\x94(\x01\
\x9cd\xf2 \x04D\xff8\xe1s\xbe\xcd\xbe\x8e\xea\x17\
\x05\xce\xf7\x1a\xce@3\x9e\x91\x0ct\x14\xe2\x8e=\xd0\
`=\x05\xf8\x1c\xe1\xbd\x03w(V\xf7mwdS\
\xd3\xb5j\x11\x00\xd4\xba\xe5\x1ap\x89\xbd\xb6\xa0\xeaZ\
\xe9\xeb\xa90\xae!\xfeQ\xfd\x9ej\xc2^W\xaf\x9f\
\xefQ\x01\x86(\x81C\x83\xef].\x09\xc8\xf5\x0a\x14\
J\x98n\xcf'\x00x\xd2I'\x9dt\xd2I?\x84\
N\xf0\xef\xa4?52yi=\x02\x80<\xd6\x99\xe9\
\x80\xf8\x0a\xfck\x12\x16\x9e\xa6\xd9\x5c\x22y\xdc\x22u\
U\x02\x11bf\x04B\xf0\xb9\xe7#\x1bB\x89\x0c\x06\
\x01\xb9\x22\xc3\xe5\xb4=\x17#\x19\x08gTZ\xde\xcd\
\xbb\xe2\xb6Q\xfd\xa92M\xd5\xd3m\x93\xbc\x00\x80,\
\x9bv\xb1\xcb\xab\x81\x7f,\xff\xe5\xfa\x82\x10\x80\xcb\xe5\
\x010\xa6\x81\x80\x0e3\xa3\x9a\x99@1W3&\xe3\
D\xa9\x07\x80\xf6\x9e\x00\x02\x80y\xdbp}\xb9b\x9a\
\xe95x\xdfw\xec\xfb\x8a\x18\x07L#\x9d\x8c\x94B\
\x1b\x5c\xa5P\xcd\xa6\xf6\xb3\x15\xac\xeb*G#d\x9c\
Bd{\xaf\xd7\x17<<< \xc6\x84\xe7\xe7\xcfX\
\xb7\xb5\xaa&\x17W\xe9\xca\x05i\x18`\x85j\xd0p\
\x06\xd8\xd5\xb6\xc4\xc8:\xcb\xcfqw\xc0\xaf\xf5\x1b\xc4\
 \xfa=%7P\x81\x06\xb2`\x1d\x85\xa3\xa4Xe\
\xc8\xeb\xff\x8d\xba\x22(\xcd\xd6\x843t\xc1:;\xab\
S\xeb\xc4*v\xa46tu\xb1;\x90\xcf\xc9\xfb\xf7\
\xadg\xaf\xc9\xe7\xaaW\xe8\xad4\x02\xaf\x04\x00\x0ei\
\xc0\xaf\xfe\xf2\xaf\xf1\xe1\xdb\x9f#%\x02\xc3_\xa2m\
\xbd\xe1\x1f\xfe\xee?\xe1\xd7\x7f\xfb\x1f\x90\xf3N\xb5\xc2\
H\xc9\x1e2\xb0\x04\xbd\x0cdfk\xdbt\xcd?\x86\
\xf6s=\xb8\xa4\x8b$l<\x8c\xf7.a\xa8\xf9P\
#\xf8}\x17\xdf{@\xe0A\xa8\xe56\xe0\xa9\xd6\xaa\
\xeb\x1a\xf6\x16\xff\xbf'2\xb3.q\xc6{\xe3\xe4\xd3\
/\xf3o\xf1\xfb\xf9\xd7\xd5\x890%BH\x98\xe6\x19\
\xe3\xbc`\x18g\x0c\x89*\xf8^\x0b\x1f\xef~\xff\xaa\
a\xbcy\x15\xa7J\x00ROW\xad}\x03\x044\xa6\
W\x00o\xab0Q\x0f\x0e0J0V\xab\x87\x18<\
\x9c\x1eq=E\xd7\xa7\x1d\x00\xe8Ao\xf7,I5\
\xf5\xde\x01\xc4\xd0{\xddj<\xf5\xf9!o\x1f\x0f\x8f\
\xa3\x82<?\xd6\xa5\xeb\x83z\xe5\xd7ME\xd8\xdf\x0c\
^W\x83!\x04C\x94dS\x90d\x13\xfbT\xf58\
\xecA\xed\xdd\x03\xfd6\xdb\x7f\xf4,\xbeKz\xee~\
M\x1f\xd6vP\x1f\xf8\x9c\x8d\x11\x97\xe5\x11\x8f\xef\xbf\
\xc5\xbc4\x00\xd0m_\xf6\xfd\xe1\xd4\x86\xd8`\xb2S\
\xc9k\xaay\x16\xa9\xa1\x0e\x89\x0e6hb\x03\x18\x22\
\xed\xd0\xfaG\x96b\x86\x5cr[g\xca7\x08\xa8f\
;\xf4>\x0e\xb4_\xfb\xfc\xfc\x84R\xe8U\xd7\x00\x0c\
i\xc4\xbe\xefxz\xfaDi\xc3\x94\xe8\xd8\xc3\xf8\xd1\
\x8c\x1fz\x04~%\xa9\xbav\xf3\xa9\xecT\xb5\x1d\xc6\
A@\x9ca\x90g]s){\xcdGJ\xb47;\
\xb7!\x10\x08\xcby\xa7\x14\x9cT\xf5\xc7aP<\x8e\
_\xc9\x05{\xa6\x9dZ3Jk\x0e#\x81y\x07G\
\xaf//\x02\xf2\xf8.\xbe^\xafxz\xfa\x04\x934\
g\x90I\x11\xae\xc36\xbe\x01\xedY\xac6\xfc(\x11\
Y;S]\x1bd?\x93yx(g3\xc9g{\
\x9d\xe8\xfa\xe1\xbd\x81\xe3\xed\x0b\xc7\x04\xca\x99\x81k\xcb\
\xcd\xa8h>h!\xd7{\xca\xebC\xa0\xb1\xd7\xeb\xb8\
\xdf\x04\x10lS6\xed\xff:\x1f\xfc\x5c\xc0\xac\xe0\x1f\
\xcc\x8c\x1a\x16l\x96\xf2Q\xda\x06\xe4\x13\xdd+\x00\x10\
\xb86\xdd\x86\xa7K\x01\xd6\xb7\xabw\x83\xca\xe3:.\
\xc8\xf9\x05y}A>\x01\xc0\x93N:\xe9\xa4\x93N\
\xfaat\x02\x80'\xfd\xa9\x91\x99a\xdfi+\xa7\x0f\
k\x87\xd2v\xef\x12}\xa5d\xc0\xa5\xf8t\xc0\xee\x19\
\xaf\x9aO)b\xa4(\x15D\xd5\xac\xe6\x95\xb6\x07\x03\
!\xa9>\x97\xd8\xb1\x03(EI\xa6a\xa4Zd\xc9\
4\x96\x1eB\xc28\x0d\x92\xc83\xc48\xc0\x04\x9e\xd1\
\xe6\x8f\xd4\x8f\xcd\x0d\xaa\xb3\xac\x9c3r\xc90\x00I\
\xe0\xa4?c\x7f\xecU\x0d\xf6ry\x90-%\xf6\x81\
\xc7A \xf0\x02\xe5\xedgm\x80\x87\xf2R2\xb2T\
}\x82\xd1\xc6\xd3\xb6\xedH\xc3\x80\xe5\xb2`\xdf6\x02\
\x901 \xc6\x11!\xd2.\xe0\xbem\xb5>\xa5dX\
1\xec9#gJY\x8c.\xc1\xe8\xc0\x9e\xec&\xa6\
*\x1dA\x09\xc1ql\x8c\x9a\xc1d+\x8b\x8eO\xa0\
>\x01hC\x8c\xbc\x88\x03\xbf\x02\x08\x02\xe39\x90D\
\xe9\xcd\x0e z\x83\xcc\xa5\x9a\x94_\x1d\xbc\x0e\x88\xfb\
\xbe\xf4N}\x0c\xd62\xb0^\xce\xcc}\x01\xcc{\x8b\
\xfa1\xeb\xd3\xf4\xf7\xf7\xcf~?\xf9`\xdf\xa7Q\xb8\
\x15\x94}C\xdeW<>\xbe\xc3\xaf\xfe\xea_\xe3\xe1\
\xdd\x87\x1fT\x86\x83\x80\x7f\xff_\xff=r)\xd5\x86\
\x9d3\xf1\x88\x91r\x1c\x02'\x98\xa3\x9e\x81c\xe6\xe1\
\xd1\x01\xbd\xfeOc\x10\x82\xe2:@\xed\xff{\xb8\xf2\
r:\xd6\xbd\x01\x83\x9aA\x8a\xa3g\x1dS\x1d4\x99\
\xac\x1b?\xa8\xcfu%\x86X\xccw\xb7\xf7\xb8t\x8d\
\xb3\xafu\xbcX\xf9\x0a\xdes\xd6\xd2^\x18\x020\x8e\
\x13F9\x02\x19\x86\x11)$I-\x8a\x81?\x94\xdf\
\xae_\x87\x91\xd1n\xf5\xaa\x8f\x05\x0a\xb6\x0f\x1e\x0c\xf3\
\xf1\xef\x98\xe8\x9e\xa16G\xc0\x1d\x80\xe8@\xb8\x1e\xd8\
3\xdaT\xf4q\xe1\xf8*\xb9G~\x83\xba\xac\xa0R\
\x98T\xe9\xd4J\x04\x01r\xa6\xf1\xb1\x0a<0\xcc\xed\
\x7fU\x07\x1f\xca\xd8\xfb\xa4\xe5\xa4\xfc\xbc-wuP\
\x22\x00@\xc6\xb1.p\xb0B\x12f\xae\xf0\xa8\xdeb\
\x0en\x7f\x16\xb9\xda\x9f+V\x80R\x90M\xce2\xb2\
a\x97S'\xbe_\x98>\xf8\x1cVY\xfec\x08\x07\
\xef\xa8!D,\xcb#\x1e\xdf\x7fS\x01@\xa4\xa4\xb5\
q\xdf\xa3\xad=\xd0\xbc0\xe3<5\x01z\xac\x9f\xd7\
!\x22\xe7\x9d\x12SUznF\x88|\x07\xd1\x89\x14\
0/K\xdd\xcb}/r`\xd0$\xe9V\x8a>\x00\
\xc9\x0c\x03|;\x08\x11\xdb\xb6c]\xe9\xfci\x98&\
\xa4a\x90j4\xfb\xc3\xcc\xe8\x80*\xf1}@\xaf\xed\
2+\xa1wJ\x1a\x06u\x10\x1d\xa3\x84\xe8\x00\xe2^\
U\x9a\x09\xb2\xc9+\xaf\xa4\x15\xcb\x9e\xb9\xa6\xa2\xa4\xe8\
\xc1q\x82\xd1\xbe\xe1\xb6\xadXo+\xcdP\xa4\x844\
P\xca=\xa5D\xe7\x1d\xb7\x1b^^^p\xbb\xdd\x80\
P\xf8!,\x06\x5c_^\x90\xb7\x0d\x00=\x07C{\
`\x8c\xfch\x15c\xac\x8e;\xfc\xdd\x84n\xfei\x88\
*\xbd\x1d\xee{N7\xceA\xeb\x5c\xfbQ\x00\x00\xe3\
\x07=\xb7O\xea\xcb\xa0\xeeY\xca\xd1\xd7\x81\x8b\x046\
\x80\xdd\xa4A\xcb\x8f{\xe6k\xc6\xba\x1d\xc4\xe7\xad\xd7\
\xce\xf7\x90\xee\xb9\x19\xf7J\x96g\x02\x11u\x06Ql\
\x82\xf4\xcc\xb5\x82\xf4\x8e\xdc\xc3\x00\x04\x14A\x91Qk\
\x1c\xda\x0f\xb8K\x13H\xa4\xbdWm\x00f\x80m(\
\xdb\x0b\xf2\xf6\x19y\xbf\x9d^\x80O:\xe9\xa4\x93N\
:\xe9\x87\xd0\x09\xfe\x9d\xf4\xa7H&\xcf\x83T\xb1m\
a\xfc\xf3\xfb\xc6\x9cX\x95\x02\x94\x0d8\xa5)\x92\xfe\
s\x06\xcc\x0f\xacU\x9dU\xe1fF\xc3\xe1fTd\
\xec\x18\xad\xbe\x5c\xe7\xbd\x1c$\x9c\xe7\x19!\xd1\x0e\xd1\
\xb6Q}u\x98\xc8H<?=! `\x9c\xa8N\
\x9csF00\x8d\x00\xbf\x22F\x0a\x02\x1asa\x9c\
a\x18*\x83\xd5\xff\xc5\x18\x91\x86\x84!\x0dR\xc5!\
c\xb3m\xf4\xb0\xe8\xb6\xfb\xcc\xbd\x06\x8b!\xa0T\x1f\
\xa5\x14Cto\xae\x86\xbc\xd1[c\x1aG\x98\xd4\xae\
\xa3\xea\x12\x07:\x22\xb9]\x9f\x9b#\x12q\x19\x06J\
L\x00 \x80'I\x0e\x0f\x0b\x81v\xda\xcc*\xbbR\
\xc3\xa1|\x1c\x005\xff\x92\xdfI\x1d%\x97\x0ec\xaa\
:\x1e\xfd_\x97\xa9s\xd1\xfc\xaf;\xfd\x07\xa949\
\x93\x01B\x9f\x87\x90{\xea\xc7\xfd\x8ba=#\xff\x03\
\xc9~\x00\xa0w\x8c\xe3\xe5\xdf\xa79\xd6<8\xf8{\
\x17\x9f\xdd\xdcuF\xc9\xc8\xfb\x0a\xcb\x19\xdf|\xfb\x0b\
\xfc\xe2/\xff\x15\xa6yi\xcf\xbf\x87\xcc\x0c\xdbz\xc5\
\xdf\xff\xcd\xbf\xc3\xaf\xff\xee?\x01! \x06J\x97\x86\
HF\x98\xe3\xd0\xcb^\x05\xfeSUy-P\xcf\x03\
#\xd3T\xc0/x\xfb\xdd\xf6\x96\xda\x025Hy4\
j\xfd\xf5\xbao=\xbe\xdf\xb7\xfe\xf1\x5c\xed\xd0O\xfc\
\xe3\x9c\x15S\xeb\x0c.\xc0\xb9\xdf\xed\x17NA\xed~\
\xab~\xb4\x88\xc5\x9a\xc4\x980\xce\x17L\x97\x07\xaa\x01\
WG \xad\x8c>\xdf\xb7\xafM\xd2g,\xc3\xfa:\
\x01\x15\x0c\xe8\xd3\xb4\xfa{\x16o\xe5\xdb\xa8{\xda\xdf\
\xb4\xb0\xd6\xb3\x9d\x04\x9d\xd6\xb9\x9a\xde\xc0z\x95w\x9f\
O\xd0|\x10\xa0\xe0\xe0\xd7\x1d\xbc\x00\x08\x0c\xa0\x14\x9e\
go\xca\x98y{\x1bX\x87\x96\x9e\xf9)N\xd7.\
\x1f\x1d\x8fm\xc6=\xa1\x86\x07\x81%DC\x94\xde\xdf\
;\x86 \xaf\xb9\x94\xb2\x13\x00X\x0a\xc7\xa5P\x95t\
\xdf\x0b\xf6m\xaf\xef\x14h\x9eA}\xe3{V\xa8\x8d\
\xe2=\x8b\xe0zX.\x8fx|\xff\x95\x00\xc0\x05\x90\
\xf3\xaa\xbe\x05Zal\x8d\x1a\xc8\x1f\x02\x95\xc5\xe4\xb4\
\xa1p>\x9b\xdec\xa6\x8fe\xec{\xee\xdd\xfb\xc6w\
\x04,`\x98&\xcc3?\x08\xe5\xcc6\xd1i\x08\xfb\
+\xc6\x88i\x1ak]\x5cJ\xce\x22\x9dx\x94\xc2w\
\x02\x10`yG\x88\x03\x86q\x80Y\xc1\xbeJ\xd2;\
D\x0c\xe3\x08\x04\xa0\xe4R\xbd\xdc\x96\x92\xb1\xden\xd5\
\x03}\x96'\xe0\x5c\x08\xea\xed\xfb.{\x83T)\x1e\
\x06\xb7\x7fK\xe7O9\xd3\xbbo\x88\x01\xf3D/\xbd\
\xb7\x1b?\x9c\xc5\x10p\xbb\xddp\xbb\xdd\xb0\xae7\xa4\
\xc4:<<<b\x9a&:\xa1ZW\xec\xfb\x86\x97\
\x17\x99\xad\x88\xec\x1f_k\x11\x81\xdb]$(\x19\xa3\
>H\xc90i\x08\xa1\x9b\xfc\x1d\xa9\xbf\xfbw\x89\xc7\
\xf2ud\x06yM\xd6\x022\x07\xddy_\xa19-\
{\x9f\x93>\x9b}|a:\x03\xf5kO\xd9(B\
\x05\x15)!\xc9\xf8\x01~O\x0a\xca\xa3\xae E\xb2\
*}\xd7\x9e\xf7q\xbcm\xac\x97\x92\xa9.\xad:&\
0P!\x02\x1e%#\xa98~\xcfg\x9c\xe9\xda\x97\
\xf7\x15\xb6?\xa1l\xcf\xb0\xb2K\x0a\x12'\x00x\xd2\
I'\x9dt\xd2I\xbf\x8fN\x00\xf0\xa4?E2\xb3\
\xaa*\xe4\xf7\xc7\xdff\xcb\x8f\x87\xde\xfb\xeb\xef\xf9\x13\
(X:\xb0\x85\x92\x1a\x1bUtdK\x07:\xac'\
9\xe7`\x9d\xa8\xfa\x1bB\xc04M(f\xf4x\x0b\
`\x88\x09i\xa0\x97\xdb\xeb\xf5\x8a\xdb\xed\x8aq\x9c\x00\
\xa3\xa7\xdb\x10h/i\x1cG25R\x11\xca9\xd3\
\xd8\xb9Q\xaa \xc9\xa9G.Y\x06\xda\x9b\xc3\x103\
g\x22h\xd7\xb0~\xc1/\x05!F\x0cC\xa2Qt\
3\xaaO\x99a]7\xecb\xe2`\x86a\x18\x11\x07\
J\x0f\x96B\xe6\xca\x8c\xc6\xea\xe9<\xa3\x01J\xce\xe8\
\x9a\xb9\x91p\xa9q\xc6P\x1dm\x90\xf15\x86\x01G\
x\xc5\xc4dTV\xe0\x9e\x1c\xd0;\x02)I@\x12\
\x87\xa7c\xcf\x03Y\x00O\xdb\xaeu\xef\x03\xd7\x93G\
s~\xcc\xc7\x16\x0d\xb0\xf82yB\xaf}\x03\x0a\xfe\
G\x90\xbd\x92\x00\xf4\xf1h\x8c\xe3\xb11\x1e\xce\xb9\xcd\
\xf0>\x9e\x1akT\xff-;\x01\xde_\xfe\xe5_\xe3\
\xeb\x9f\xff\xf2\xf7\xaa\xff\xde\xd3\xf5\xe5\x09\xff\xf5?\xfe\
\x7f\xf1\xdd\xaf\xff\x96\x12/i\x94w\xe0\x00\xc8\x88=\
*C\xcbqs\x86\xce\x9fq\xbcUG\x01\x80\x0e\xf8\
\xf1\xd6\xeb\xef\xe0\xa0\xee\xbb\xf4\xb5\xa5\x02\x92\xfa\xfc\x9d\
\xd8+\xbc\x0a\x0e\xae\xe8BJ{\x1dYe\x9a\xb9O\
8\xa3}dP\xd9\xc7\x8a\x0f\xdc\xd5Q\x00\x80\xac\x16\
\x22\x80,\xae\xcf\xb7\x181L\x0b\xa6\xe5A\x8e\x08(\
\x0d\xdb\xe7\xe7\xf9\xb7r\xf4\xb4+\x97\xf5\xeb\xc3{\xc6\
Z\xb2<o\xa4w\xc1\x19h\x0f\xb9\x8b\xa0\xfa\xf2Z\
=\xda\xf2\xa9]\xcb{\x07\xb1\xfc9\xdb\xeb\x1es\x9b\
\xd4Q\x95\xbe\x15\x99\xe2\xf6#\xc5\x1680o\x07\x09\
\xc6\xa0\xbc\x0cmm\x1b\x08\x18\x02\x0dT\xf0\x5cP\xfb\
\xa4\x85D\x85\xb9\xc0Q\x80\xf6$\xcd\x1d\xab\xede\xaa\
\x9a\x1d\xd0\xfa\x13\x9d\xe9\x03\xdf\xd3LRf\x06J2\
\xdbN\x00J\xe6!v\x97B\x13qz\xb6\x0f\x10P\
\xfb\xbc\x1e\xad\xff9\x97\xe7\x856\x00g\xd9\x00\x0cI\
\x12\xa3\xdd>\x10\x82\x5c\xc1+\x1d:\x99E\xe2$\xde\
\x9en\x1fw)y\x85\x97R\xb0\x97\x8d\x92y\x08\xb2\
\x09(\x09\xf9\x80\xf6\xee\x00\x9dG\xb9\xe3)@k\xd1\
\x0aB\x00U|\x11$\x0dh\x5c\xdb\x16\x903\x9d\x7f\
\xc4\x18\xb1\xed\x1b\xb2\x80\xc6\x94\x06\x5c\x1e.0\x00\xb7\
\x17:\xcf\xe0\xdc&\x987\xcf\x0bRJ\xd8d\x8fv\
/\x05e\x97\xf4\xdeJgW\x0f\x8f\xef\x00\x00\xdb\xbe\
Q:o\xdf\xe9}\xd9\x0a\x86a\xc48\x0eX\xb7\x95\
\xde\x87\xe5a8\xcb\xde_LlO\x1a\x92\xbc\xca\xf3\
\xcc\xc1\xb1\xd4;M\x1f\x18RL\x07\xd3\x1dA\xfb\x94\
O\x93\xe6\xa8\x03\xe0h\xf6\x1fB\xd4\xff\xb5\xbf\xba'\
\x9a{>WQg\xa0&h7\x97\x19\x9d\xcf\xea\x98\
\xc2`%\xd4\x1d\xb7\x1fc\xcf\x9fy\xd5\x0ct\xcbp\
\x97\xb8\xf74um8\xa4o`\xde\x9eNS\x8f\xf1\
}}\x16\xae\x92\xd0\xcamk\x8a\xf9q\xea\xabT\xe3\
jg U\xd5\x03P\xbd\xaa\xfb:\xf0\xeb\xbao\x05\
\x96eyC\xc9/(\xdb\x0b\x90W\xa0\xec\xea\x0f\xf6\
\xfa\x09\x00\x9et\xd2I'\x9dt\xd2\xf7\xd0\x09\xfe\x9d\
\xf4\xa7J&\xb0-gz\xd2\xe3\xc1\xd7\x99ig\xc0\
L6\x97\xfc`|\x94\x08\xc4\x9d\x04\xa0_\x97\x92\xa9\
\x12\xa5S\xa5\xa7\xe1s\x96S\x19$\xd9\x00t\xe9\x87\
}'\x937M\xb3\x9e*E\x08\x18\xc7ARo\xc0\
\xf5\xfa\x82\x9c\xc9\xe4\x84\x10\xf1\xf8\xf8\x8e\xe5(\xdf\x18\
\xc9\xc8]_^p\xbd]\xb1\xad+\x0c\x86y\x9e\x09\
,V\x89\xbf\x80\x14\xe9\x15\xb8H\xe2\xd1\x0f\xfe\xd5f\
^\x88\x18\xc7\x09\x97\xcb\x05\xd7\xdb\x0b\x9e\x9f\xe8\xb15\
%\x82\x81\xb9S\xa3v\xa0\x22\xf0\xa6\xeb+\xf6\x97\xcb\
+\x89\xb5h\xac\xaa\x9f\xc0\x85\xd9@\x12|E}K\
UP2\x8c\x8d\xc1m@B\xff\x03t\x92]\xfdo\
\x8d\xd6\xd2Wf\x97\xc3\x22j\xcf\x0dG\x80\xa1R\xf0\
\xc1\xe9\xf2\xb8#\x8f\xf2\xc3\xa9U\xc2~\x8f4\xdf+\
F\x0f\xe8J\xfbr\xba#5\xa0\x87}\xd6\xc2\xdf\xca\
#\xbc\x89\x7f2\xc0\x9cq\xdaw,\xd3\x82\xbf\xf8W\
\xff\x06\x8f\xef\xbf\xfa\xde6\xbcEf\x86\x97\xcf\x1f\xf1\
7\xff\xe1\xdf\xe2\xe3w\xff\x80\x98\x06\xa4a\xe4\xfa\x08\
b|\x03X?\x0d\xa9u^\x80\xfb\xf1\x8e\x92\xf24\
1\xd3.y\x0bP\x05\x91mN\x8e6q\xbe*O\
\xe5R\xf3\xf5<\x9d\x5c\x01\x98\xad\xf7:\x11|\xb9o\
\xb1q3\x91\xdd\xac\xcev\x9ar\xe8m^\xf2\xd7\xcb\
C\xadW\x08A\xe0\x09K\x88\x10\xff\xde\x01\x80\x06 \
\x0d3\xa6\xcb\x05\xf3|\xb9\xb3\x03\xc8v\xfbZ\xec\xe7\
\xce\xe1\x9a\x01\xdd\x9a\xe55\xc3C\x05\xac<\x1dse\
\x1a\xcf@OkP\x8d\xd3RjM\xb5\x9e\xf2p\xfe\
y\xef;\x91\xf1\xae\xb5\x0c\x0d\xc9\xf28\x01\x81R|\
\xa0D_+\xb3\xfd6\x92gv\x15\xd7\x8f\x97\xd7\xc0\
KsUAWb\xf4\xf8m\xfc\x1c\x00d,\xaf\xbd\
\xef\xf4\xb5\x8e\xea\x17\xc9cr\xce@\xaa\xb30I\x83\
f^\x9a\xca3W+-\xb0\x92Q\xf4q\x88\xce\xab\
\x08\x22\xdd7\xae_nu&j\x03\x8b\xd0zP\x9d\
\xa6\xe5\x01\x8f\xef\xbf\xc62\xbf\xc709\x00\xe8\xeb\xa4\
\xf5A\x97\x93\xda\xe1\xff \xb5O\xae\xffbjG1\
\xe4:\xcf\x5c\xcaU\xcfU\x1d\x93m\xd9\x02J\x8f\xc3\
\xdca\x86l\xf9!b\x9e\x17\x98e\xbc\x5c\x9f\xb1\xed\
;b\x88\x98F:\x90\x8a1`\x18\x07\x5c\xaf7\xe4\
\x5c\xf0\xfe\xdd;\x8c\xc3\x80u\xa5\x13\x8d\xdbz\xc32\
\xcfxxx\xc0\xf5v\xc3\xc7\x8f\x1f\x01\x00CJ\x08\
0\xac\xdb\x86q\x9c0\x0c\x03\xd6\xed\x86\xf5J\x09\xbe\
\x9cs\xb5\xbf\x17SD\x1aF@\x9e\x8a\xad\x14\xa9\x87\
\xf3\x9dmz\xd7\x1b\xba\xfd\x98\x83G\xd3\x1b\x91\x1f\xb2\
\xa8\xaa\x0b\x98\xa4q}\x1f\x8a\x11\xb2\xdd\xa78\xecj\
\xeeC\xd6z=\xc0\xc1s\xcd\xaej'V!u\xcd\
\x1d\xe9\xfe\xfdP\xf7\x18\xc5\xf6\xf7\x9a\xe9c\xa5*^\
Q8\x97\x84\x03dN\xc4\xa5\xf2\xfcC(\x98\xa6\xae\
\x07\xcf\xdf\xf7\x05\x83>:\xaa\xd4\xe2\xa5\xf5\xef\x9d\xd2\
\xf6\x09\xa9\x0a+\x93\x9a\x8fG\xa8\xed\xe5\x84\xab\xed\xf0\
xU\xcd\x98\x91\x11\x8d\xfbq-\xaaf\xc5\xfd\xbf\xca\
$\xba\x0d\xce\x92ayE\xd9\xaf(\xfb\x0b\x82\xed\x04\
\x0f\xcd?\x08\xd8\x09\x00\x9et\xd2I'\x9dt\xd2\xef\
\xa3\x13\x00<\xe9O\x99(mG/\x82\x00\x08$t\
\xa0\x15\xbfv\xf3\x80\xca\xc3-A\xc3\x1e\xf4\xab\x87S\
\x07\xacd{.\xe7\xbdJ\xbb\xf19\x99\x05\x07\x11\xaa\
\xea\x96\xf1\xc0\xcf3\xad\xd1~_\x0c\xe4\xa3\x5c%7\
%\x0c\xe3\x88}\xa7\xea\x10\x81>J\xc4\xc5\x101N\
\x94\x98(\xb2\x97\x94w\x1a\x1b/%Wo\xbb9\xd3\
\xe8\xf94\x89\xe9YW@\x8c\x0b\x89u\x8d1\xc2J\
\xa9\xceB \xc6\xecr\xb9`\x9e\x17\xbc\xbc<\xe3v\
\xbd\x92O\x89\xb4?\xe6\xa0IO\xce\xba\xc0\xfb\x89W\
<P\xcb\x03c\x8b\xa1\x03\x7f\xad\x05\x99\x9f\x10\x02L\
R_\x0e\xe8Tr G\xccT+\xa3\x8f\xd2\xca\xef\
\xc1\x9b/\x11A\x16\xe5\xe3\xd9\x09\xf4\xbaO\xdd=\xae\
u\xbf\xa7\xfb\xbeE\xd7\x17_\xaa\xf3\xf7\x91\xa7y;\
\xed\xa1F\xffC)x\x9f\x04\xb6\xc7`\xb0\x92ay\
\x07\xf2\x8e\x0f\x1f\xbe\xc5\xaf\xfe\xe5\xbf\xfe\xc1\xea\xbf\xf7\
d\xa5\xe0\xb7\xbf\xf9;\xfc\xa7\x7f\xff\xff\xc1\xb6^\x91\
\x86\x11)\x0d\x88\xc9UZ}\xfc\x15_\x130\x08\x1c\
\xe3c\xae\x0dM&\x85\xf5\x00` $\x12\x229\xbc\
\xd0\x22z\xce>~\xfd\xdc\xa9a\xba\xeff6\x99\xc3\
>\xac\x9b\xf7\xbc\xee\xa4g\x04$\x98\x19\x15]\x0f\xe3\
\xd9\xd5\xc5\xc1\xbfZ\x17\x87\xd0\xd9f\xf3\xf6\x83\x05\x87\
8`\x9c\x17\xcc\xcb\x05\xe38W\xe9\xe2\xe3\xfc;\x02\
\x80-\xdc\xf3k\xfb\x1ak\xe9\xf5n!\xf7\xe9\xba\x80\
C\xfb{\xf0\xbcK\xd5\xdf\xdc\x11\xc7\xc2\xbc\xc6\x8a\x17\
\xea\x7f\x8ae|\x18B\xa8e\x1453\xd8\x11\xa0\xf5\
5\xe3}\xce2\x1c\xcc\xf0\x11\x0b\xfc\xc0SKc\xa6\
\xcd1\x81T\x04+\xb8\xc8>\xf2\x1d\xe3\xbe\x1fL\x80\
\x04\xfc\xa3\x87\xf6I\xb7/\xe8\xf57\xd0L\x03A\x15\
\x82\xc3\x04c4'\x8a\xc1L\x9e\xdb\xb7\x8d\x7f\x9d\xcd\
?R\xe8$\xc44O|\x8e\xc0U<U\xef:\x7f\
#\xe6\xe5\x82\xcb\xfb\xafp\x99\xdf#\x8d45\xe1k\
\xa4\xcd\xaf\x06\xa2\xd4\xbe\xf0\xb9\xeb3A6\x0b\xd9(\
9\xc50\xf6&A$\xc6)F\xb0;\x18\xe8\x05\x18\
Fu\xdeLuaf\x15\xb0g:\xb9J)I\x1a\
o\x95m@\xd4u\x9f\xb4\x0e\xae\xb7+r1\x5c\x96\
\x05)Fl\xdb\x06\xcb\x99\xd2\xc2\x02\xd7\xb6\xdb\x8a\xdb\
\xba\x02\xe0G4\x18\x9d\xa7\x0c\x896\x00s&\xa8\x1a\
\xa0}\xcc?\xce\xb9\x94\x22\xa8\x82l\x00R\x14\x18\xad\
\xf7\x18\xa5\xd5\xddLA7o\xd4\x7f\xac\xb2\xdea\x92\
\xb2\x87\xbcx\xb3)\x0d,\xab\x1bkGA\xf3\xd9\xc1\
\xed*\xeflR\xbd\xd6\x9ct\xea\xe7\xc5q\x8e\x98\xe6\
[\x03\xcf\xa1v\xf0\xcf\x80\xa0\xb1\xaa[\x14U\xd0a\
\x0d\xf6\x0f\x05\x08\x02\xae\x8b\x22\xb2\x19\x9a\x0b\x06I\xa5\
\xb2-\xd6\x01\x85\xac\x8e\x0a\xa8`\xa0\xcfwP\xfa\xee\
\x10W5W%Y.\xcbg\xd72\x92\xb7\x93\xab\xb7\
\xd5\x89@!\x1d\xdb\x10Z,\x80\x11hm\x12\xda\x06\
\xb3]\xc0\xdf\x0a\xcb+`;\x9d\xee\x98\xce\x17\x10H\
\x08\x82\x99'\x00x\xd2I'\x9dt\xd2I_\xa0\x13\
\xfc;\xe9O\x9d\xde\x02\x00\x9d\xec\x00\x006\xfb\x7f\xfe\
{\x8c\xc7Ck\xce-Nq\x8f\xc1\xee\xed\xf1\x00,\
\x92\xf1\xf3\xe7\x00\x9fQe(`[7\xac\xab<(\
\x8e\x03\x86D'\x1f\xfb\xbe\x01F\xaf\x84^\x073\x81\
\x17\x81R\x7f9\xcb\xab/\x9a\x93\x0e\x1d\xa9\x011#\
\xad\xceb\x0a\xd5\x16g\x0d\xfd0\x1fb\x03T\xa2\x98\
r+\xa5~\x81wF\xdd\xc9\xf3b\x19\xdd\x03\x7f\xde\
IW5\xfb{\x8dA\xf2\x08\xce\x1c1\x5c \x0e\x9c\
\xd1WK\xc45\xb1~b\xc3\xc5\x94Ym\xcb\xf7S\
?\x8e\x04Ij\xf3\xf5\x9fgT{\x06\xa8}\xee7\
\xfa\xfd\x1fIo4\xc8\xe7T\x7f\xef\x11}\x8c\xbf\x8f\
\xee\xd3\xa3\x8e\xdb\xebt\x1e\xaf\xce\x99C<\xad\x93\x92\
a{F\xb0\x82_\xfc\xc5\xbf\xc0\xcf~\xf9Wt\x22\
\xf3O\xa4m\xbd\xe1\xef\xfe\xe6\xdf\xe1\xef\xff\xe6\xffD\
\x08@\x1cG\xa4\xe4\x92\x80\x8aT\xc7\xda\xc7N\xf3H\
u\x0ch\x00`\xf0\xb0\xaa\x12K\xc3\xfa}\x84:\xca\
~\xfdF\xff\xdc\xf7YO\xf7}\xd7\xc6DLp\xd1\
\xb5iQV\xe0\x8f\xe9|L\xfcC\x04\xba2\x1b\x00\
\xe8uv\x22;l\xbe\x16B\xc00\xce\x98\x96\x0b\xa6\
i\xa1:\xbe\xec\x91:y=\xdf\xae/\x7f\xfb\xf1\xa5\
\xear\xc7\x94\x0b\xf8\xed\xe9U\x9e\x81I\x83\x83\x0bo\
P?\x9f\xa0^\xea\xe9\xcb=}O\x15\xea\xba\x0b\xfd\
\xd2\xf2t\xa0\xc0g\x8ei\xef7\x82\x88\x16\xaa\xf5A\
\xdfW<w\x07[\x08r8\x10\xe1Q\xd4\x07\xfe\xa7\
\x87\x0ez\x15\x819\x8c\xaa~u{\x7f=\xc8*\xd0\
$\x94\x02\xb3\x9d\x00\xd5J\xe7I%\x13\xc8\xe8\xbb\x94\
\xddgjq\xeb5\xef\x95\x1e!\xe2S\x02[\xd3\xbc\
\xe0\xf2\xe1\x03\x96\xf9\x1d\x86\x81\x12\x80\x15$\x0fuU\
uy\xaa}\xd6\xc0\x1cV\x97\xef\x83^\xc2\x95\x82\x81\
l\x93\x99\xa4\xbf\x04\xe2@\x92a\xd9\x0c\x963\xf6M\
\xe6)\xb4\xf7\x96B\xfb\xafn\x82\x83\xa6#(Q\xc7\
\xc6\x0a\xc4*\x05\xeb\xbe!g\xda\xcb-z7\x0d!\
6\xc9\xdf\x18\x11\x94\xdf\x9a\xf9\xd1-E\x82@A\xa0\
\x1c\xdb\xc4=\x8c\xefW\xbe\x7f\xac\xf3\xa2\xdd><\x80\
vD\x8d\x1f\x18\x5c\xba\x8f\xbf\x92`S\xdf\xbd\x9e\xf7\
u\x93\xa9\xef-\x02K\xddd9\xcc[\x07\x98\xdb]\
\x1f\xaf\xa7\xfb\xb2\x1c\x84\xf3\xbc\xcc\x8a\x16#\xcb\xf2\xf9\
\xeb{\x87\xefC\x06\x99\xde\xa8\x92\xa9J[\x97A\x9b\
\xab\xbe6\x0e\xefe\xd0\xc6\x1f\xa3*\xcf\x0a\xec1=\
\xeb\xe0)8\x97\xfc:\xba\x86E\xc5)\xbd\x9c\xb6\xd6\
\xd0\xcfH\x7f\xee\x15\xf4\xfc\x03\x04hj/5\xc1\xf1\
\x02\x00\x032U\xec\xcbF\xe7\x1ee\x05\xa4\xa1\xc1>\
\xf7\xfe\xebKeI'\x00x\xd2I'\x9dt\xd2I\
_\xa0\x13\x00<\xe9O\x9dJ\xc9\x94\x18\x90\x94\x1f\xfc\
\xfcX\x0f\xd3\x02\xf3\xcaQ\xea\xcf\x9f\xf7\xaa\xaf\xc5h\
\x9b\xa9\x9d\xc3\x0b\xbd\xe1\x162\xe6!\xf2\xa0\xed\x00\xa2\
I\x9d\x18\x90\xaa\x22s'\xc3\xe3R\x86\x0e\xd28\x83\
,@\x0f\x81\xeaS\x9e_0\x82u\x1e\xcf\xeb\xea\x87\
ag\xb0K\xc7\xb0B \x1b\xe3)$4 \xcd\xf9\
\x93\xae+\x18$\xbc\xd1\x03\x8d\x09\x11\x04\x12\xaad\x91\
\x03{\xbc\x06\xcd\xb8\xd5p\x07,\xc8\xd3\xf1[\xbb{\
\x01m\x07z\xaf\x8b*\xa3{\x0ff\x05\x1bc\xd5\x97\
\xed\x95'\xa8R\x1b\xd95\xca\xa3va*\xda\x89\xed\
k\xed?\x84\xeb\xff\x9eI\xb0\x0eX\xf3\xeb{\xe6\xec\
\x0f!\x87n\xea\xfc\xd4\xb8\xf4u\xd4\x13\x95\xf3\xaa#\
\xfeIt_\xefC\x17\xd5kS\xb9\x05\x96w\x94-\
c\x1c'\xfc\xd5_\xffk\xbc\xfb\xf0M\xed\x87\x7f\x0a\
\x99\x19^\x9e>\xe1o\xfe\xcf\x7f\x8b\xef\xfe\xf1\xbf!\
FJ\xc1\xc644\x10P\x15\x091j\x1ap\x1e\x04\
\xb7\x92\xe7\x0c\xbc\xe6]\xabO\x93\x04\xe4\xe4s@\x80\
\xff\xd5Z\xfb\xf5];\xb8N\xba\xa9\xe9\x0f\xc4\x8cZ\
\x8f\x0f[\x93\x822\xb8\xba/\x00\xd0\xd9C\xcf\x18w\
\xbd]\xc1K\xd6\xa9\x97z\x94$\xac\xf2s\xcf\xc05\
q\x08\xf4\xba:/\x98\xe6\x07::\xa8R\x80$\x1f\
\xd7\xfby\xd9\x87\x1f\x9fq\xbf2s\x14@\xfb\x957\
\xb42\xe1\xea\x94\xda3\x8d)W2>9\x16[\xc9\
\xe3\x040\x8d\x8f\x84ju\x88{\xa0\x0epQ\xa9\x0c\
\xd6\x9f\xefI\xe6\xc3\xed*\x7fU\xfaO\xf5\xad\xa0\x09\
S\xf9\x13\x80 \xde\xb1O\xd8\x1f\xadW\x8f\xfd\xd9\xa7\
\x8d\xc6\xf4E\x91\xebG%\xd0\xb3\xafK\x8d{\xbb\x0d\
\xd2\xa4-\x1b\xcaN\x0f\xb8\xfb\xcew\x02\xcbh\xe5p\
\x09t*\xed\xd6\xec$\xd61\x08|\x1e\x8c\xad\xf39\
3\xcf\x17\x5c\xde\x7fh6\x00\xe3@@\xcc\xd7\x91\x8a\
\xe1^\xc0\xc2T\xbb6\xa6\xc6:\xd3\xd9J\x034+\
\xc8$\xb5\xcebVm\xb0\x198/\x8a\xf6\x8d}\xdf\
Q`4oQ\x08 \x15#\xe8\xe7R\xf5%\xef\x00\
\x02R\x8cT/\x16\xa8W\xd3F~\x14\xe3\x07*\x8d\
{\x90\x14_!XX4\xaa)F$\x04 \x02\xd6\
\xbf\x07A\xa0\xb6~\xec\x8a\xec\xaf\xf6\xb4]\xb1\xed\xfa\
P\x05h\xde\xe8\xc9}\xff\xd7\x00\xd6\x8c\x00b\x0b\xf2\
\x11\xf5\xa1mk\x95\xfd\x5cAB\x04\xf6+\xe4(\xa4\
\x93\xcc;\x92\x83n\xe0|\xf0\x7f\xd4\xc1U\x1eGP\
\xafI\xfa\xf1Y\x90G_>\xb6\x83\xda/\x9dx\xa8\
\xb2J\xc7\xfc\xf9\xbe+\x07\x00\xb0\xc8\x96\xa5\xd6\xb3*\
\xeb\xf1M\xf3\xde\xed!B\xeb\x8c@<%\xf5\x04\xdd\
\xf9\xae\xa3\x0c\x04\xd3\xa9\x8c\x00\x97N\xd4\x18\xa0\x10D\
T_G\xe3\xbaf[2JYQ\xca\x0e\x94\x1d(\
\xfc`\x0a\xd5\x85\xbd\xaf\xcd\xc2\xf8\xdb$\x81O\x00\xf0\
\xa4\x93N:\xe9\xa4\x93\xde\xa4\x13\xfc;\xe9\xc7@\xa5\
\x14y\x02\xd6\xd7n\x91\x19\x0f\xaf\xb4\xff\xd7I1\x18\
*\xf3\xe6\x7f\x8cOg\x1797\x00\xd0\xe3\xb5\xc3\xbf\
uN0<\x7f\x1dl\x03\x0f\xad\xad,1\xaa^\x1e\
\xf5^\xc4X\xe9\x00\xde\xd5!\x90\xdfj@E\xcd\x80\
\xd7\x81\xe7e\x96\xa5\xfa\x1c\x98\x8c\x035\xe9#W\x1d\
\xf3T5\xad\x8e\xd9\xbc\xe9\xa5\x95X\x1e\x99*\x81{\
\xf5\x01\xbb\xa2\xc6e\x08\xe0\x87\xeaZ\xc9\xae\xcf\xbc3\
\xc1 \x83\x84\x18\xfa\xc4\xdfC=\xd0`\x1dC\xdb\x93\
\x17y\xe8\x0d\x07\xf1L}\xf0F\xba/\x91u\x00`\
\x1f\xd6\xd3[`\xcc\xdb\xd4@\x90\x16\xd2\xd2\xbf\x95\x96\
A\xaf\xc3\xbf\x8f\x0em\xf7\xb0\x0e\x00\xf4\xeb \xb0\xe1\
H\x04\xc8m\xcf\xc8\xfb\x86\x0f\x1f\xbe\xc1_\xfe\xab\x7f\
\x83y\xb9\xdc\xc5\xfb\xc3\xa9\x94\x8c\x8f\xbf\xfd\x07\xfc\xa7\
\x7f\xffo\xf1\xfc\xf9w\x18\xc6\x09\xc30\x22\x0d\x02*\
|.J\xda\x87w\x0e(S2\xc79tw\x9cq\
\x0c\x0b\x1d\xf8\xd7\xad\x99\x9a\x8f\xfa\xd9\xe3\xf6\x00V \
3\xeeP\xa03\xc4dl\xd5\xa7u\x8d\xfb\xde\xc1k\
F\xe8\xae\xd5\xa5\xcc\xa3\xab\x13T\xa7 \xdbl\xfd\xbc\
\xe2`\xd4\xd1\xe3\xfc\x96\xa3\x93\x18\x91\x86\x09\xc3\xb4`\
^f\x0c\xc3Du\xe8\x8e|\x1c\xef\x7f\xdf\x0ec\xcd\
\xb8\xb6\xbd\xb2\xbe\x10\xbb0\xfd2\xae\xe2tdP\xe7\
u\xc1lA\xd7\xae\x1a\xea}\xe8\x17d\xf8}\x0d\xbf\
\xb5\x07\x84\xbe\xce\xea\x1f%mU\xf1y\xec`\x00\x03\
\x11j[\x94T`\xad\x97kf\x04F\xccc\xb1\x1d\
\xac\x06\xc1\xaeZ\xd5\xda\xfc\xd6\x0eOg\xa0\xfa\xa4\xc1\
Ue\x09\x92\xf5}N`,#o\x1b\xb6\xed&s\
\x12\xac\xbb\xd7\x98\xd3O\xf3\xcf\xbc\x14\xf5\x81*q\xd8\
\xe3\xd9<Mq\xae\x99yZ\xb0\xbc\xfb@/\xc0\xc3\
\x8c {\xb2!\xc8\xe1\x8e\x17\x866\xf7=\xbfV_\
\x00\xf2V\x5c$\xd1j\x80D\x00\x0df\xb4\x1fW\xaa\
:\xa9\x00\x1d3\x82J\xa5PU\xb8\xd0f[6C\
6\x02\x89(\x19\xc5\x81B\xe5\x17\x8c\xe6#\xd8G\x0e\
by\xfd\xacJq\xb1\x968\xcc\xad\xe0R\x815D\
1\xef\xe6\xa9\x93\x8f\xa7\xf7\xa7\xd5n\xd4\x93\xfa\xf2\xd0\
8\xd7\xc1\xe92\xd0=S\xc4\xba\xa3\xb7O\x08}T\
)\xae{\xf6\xae>\xad\x0cYWe\x19X!\xc1f\
-\x9d\xeac\xdd\x9c\xaa\xe1\xc6q!h\xa8q\xf2\xf3\
\x83\xe6\xa7\xcf\xd3`\x02Y}\xcd\x1f\xf2\xf3q\x96\x8d\
J\xf5\x89\xaf\x01\xe6\xd5\x7f\x84\xf4v\xa8i\xfa\xf0Q\
\xf1H0\x8e\x83l\x15\xd4\xac\xc02{\x8dy\xb6\x8c\
\xb8<\xf5\xdc\x0ab]\xc3\xca\xc1\x07\xbb\xb61\xc3l\
\xab\x92\x9e$\x96[\xd7J\xf0{\xd4\xbe\x0dh@*\
p\xda\x00<\xe9\xa4\x93N:\xe9\xa47\xe9\x04\x00O\
\xfa1\x10\x01@z\xec\xe3\xe1\xd6\x7fun\xb5B~\
\xc2\x0f\xb75\xac\x8f\xc7\x83\xb1\x87\xf5\xcf \xa6#\xe7\
\x9d\xe0\x1fO\xc6\xcd\xae\x90\xa4?B\xf0\x83\xf3\x91\x11\
\xd4\xd9U\x87m\x1d\x94A\x8f\x90N\x9e'\x99\x14]\
\xe3\x1e\x84j\x5c\x8fL\x8d\xd7{\x1ep\x99\xaf\x83)\
\xa8\x00\x9e\x1f\x7f\xf9\x8c\xc7kg\x22\xdf ?o{\
\xeccQ\xdf\x93\xf0Ho\x02u\xfa\xf5:\x1c\xaek\
G\xdd\xc7`\xbd\xd9o\x0d\x05\xf0Zx\x9fz\xbb\x99\
\xcd\xeb\xc2\xef\xc3zp\xec\x8fA\xf7y\xf5\x8c\xbbY\
\x7f\xdf\xe8>\xcd\x97\xe8~.\xde\xa7;\xe4\xfcJ\xea\
\xaf=e=:&\xb0\x86\xd3h>\xedxe\xfc\xe2\
W\xff\x12?\xff\xd5_\xfd\xc1\xde\x7f\xdf$\x19\xdf\xff\
\xcd\x7f\xfb/\xf8/\xff\xe1\x7f\xc7\xb6^1\x8c\x13\xd2\
0H\x12\xd0mi\x05IWI:.\x04I\xf95\
\x11J\x87\xd4\xa00\xce\xd0P\x1d\x1e\x80\xc9\xd5!\x0a\
\xe7b=\xcc\xa9\xc6\xc0\xf3\x9a\xb1\x05\xe8\xc0\x19o\xc6\
\xf4iHfTk\xb3\xf6\x9f?T\xbc\xde(\xbd\x01\
\x89\x1c\xbe@\x8b&\xc1\xe7\xbf\x8e=@\xb5\xe5e@\
\x08t(\x94\x86\x01q\x181N3\xc6q\xc6\x90\xe8\
%\x9c\x1dr\xdc\xbf\x9c\xee\xafy\xfbZ\xc6\x88{N\
k\xc7\xe1i\x07R\xf1\xa2\xae\xbeC\xb8\xdf\xfb\xfa\xf3\
!8RK\x8b\x8e\x19G\xd7\xfez\xaf\xd1\xb0\x0a\xfa\
\xe9\x89\x98{V\xc5G\xcc\xcb\xf6\x1b^y\xfb\xc3\x01\
\x00\xe45w\x5c\x07\x98\x1cp% \xe5\xed\xa8\xf9\xe8\
\xcf\xc19\x8fk\xa0Z\xab\xf7\xbf\xf9\xbbB}M\xe9\
\xb9\x8c\x92w\x94}\x977[9\xa9\xaa\xf5t\x89\xb5\
\x0e\xc9\xaa\x0di\x1dt\xbfg\xf0\xd6#\x12\xe4\x9b\xa6\
\x05\xcb\xe3\x07L\xcb#\xa6a\x02\x06\x02\x80Tm\x15\
\xe0\xe2\xfbb\xcb\x09\xf0\xbe\xba\x07\x85\xee\xe6\x95\xcf!\
\x97\x18kRfJg\x19\xa8\x12\x83\x04\x86\xdc1H\
\x95$\x14\xf0\xe7\x1f\xbf\x82\x01\xb9\x82}^F\x03g\
\xea\xf8\xf4cP\xd7\x87\xc8\xeb\xdc\xb5\xeb~\xfe\x99\x83\
B\xf5\xdd+:\xf49{\xc6\xe7\x9eGz\xb5\xcf\xbe\
\xde`\x00P=\xb5\x06\xa3\xab\x97\xee9\xa7P\x81A\
\xbfg\x8bZ\xc4V\x16\xe7X\x1b\x13\xe5\xe9k\xd9\xaf\
\xfb}\xdc4V~\xe3\x92\x7f\xfa+\xfd\x07O\x16\xc6\
?o\xa3\x83y\xfa\xa5\x9dG\xd4\xfbZ?U\xda\x0c\
\x88\xb2\x1f\x18\x0a\xd7\x85N?u\x8e0?\xef\x0fw\
\x22\x124\xc7\xbc\x1e\xb5\x81\xde\x08\xa6U\xbb\xdanA\
0\xd9$ek\xa0-\xc9\xc0E\xa9!\xa4D%B\
\xa0\x18\xa1\xa4v\xad\x03\xbd\x03\xdaM\xfa\xeb\xff\xe5\x7f\
\xfd\xdf\x14~\xd2I'\x9dt\xd2I'\x9d\xe0\xdfI\
?\x22\xb2W\x80\x9d\xff\xf6\xa4C~eh\xda_\x90\
T\x8e\xdfC\xa0\x1e\xc4\x048\x13V\x0aU\x85y\x1f\
\xa4\xca\xab\xc31\xe4\xe1\xf6\xd5\x97|~\xad\xafe\xd4\
\xf4\xb2\xcd\xe7\xce1d\xec<\xc4\x80\x98\x12=\x0a\xc6\
\x88\x98\xc8\xc8E\xbf\x8e\xfc\xf3\xb4\xbcn\xcfRL\x87\
\xb8\x8c\xa30O\xe7\xe5\xa9N\xed\x0f\x95itC\xe7\
\xfd\x1f\x0f\xd6\xce\xe5\x90\xea3\xbf\xd6!;\x0a\xd0\xf1\
4\x1e\x87\x119\x1a\xfd\x1f\xd33\xad\x03\x09Ay\xd4\
\xfc=\xfc\xae>\xedyW\xc4]==\xac\xaf\xeb[\
\xe1}\xd8\x1fJ\x87~\x08\xe8[\xf6*\xce\xef\xbf\x17\
\xf3\xc4\xc07\x9e\xeb\xbe\xfbm\xd1\x8f\xe3\xd6\xd6E{\
\xde\x933\x80(\x05\xb9\xec\x18\x86\x09?\xfb\xc5\xaf0\
/\x0f\xaf\xe2\xfe\x93(p\x0e\xce\xf3\x05)\x0dx~\
\xfe\x88}]k?\xb5\xba2\xae\xdfs\xa2\x08T\xf2\
x\xde>p>\x00T\xf5\x83\xcf7P5\xb2\xc6P\
\xfdc\x0d#C\xe9\xd7\xad\xdf\xc8tC\x8c+I\xbf\
\x0eT\x18A\x10\xa7\xbe_\x1d\x92\xe2o\xd7g!\x08\
\xa9l6\xd9\xba\x87\xf5\xaa\x95\xc9\xb0\xa0>\x8b1u\
\xeb\xa1\xad\xc9\x98\xea'\x80\x1a\xffKT\x8buF\xb9\
\xef\x03G\xe9\xfb\xf4\x95\xf9V\x98\xd6%<e\x1d\x87\
\x96\xc4\xc3z\xf2\xef\x0e\xc6\xca\xd75\xd1\xc38|\xd4\
R\xfa\xd5\xab\xbe\xea\xf3\xbfk+\x9b\xd4\xcdq\xa5\x8d\
>F\x81\x1bN\xb5W\xea\xde\xa6\x11\x04[\x0a\x08\xd1\
\xf3\x9a\xbd~[i\x025\x94o0u\x88\x8a.p\
0P`\xfa\x9e\x913\xbd\xc1{\x1cFo\xf3\x1e\xde\
V^\xc8\x04\x84\x97\xd7=\xf3\xfb:\xa7\xdb\xbb$\xa6\
\x01\xe34W\xdb\x9a|\x8f\x101\x97,\x1a[q\xc8\
J\xd2\xc0w\xed\x0bJ\xc3>\xed\x9a\x17L\x9f`\xda\
G\xab\xf6\x81\xa7\x96\xd0:\xef\xae8\xe6\xdbB8\xf7\
Z\xfc\xfaD\xc3N3\x12l\x1f\x9b\xab\x07\x1aK\x84\
\xd6\xef\x9e>z\x9d\xba\x82C \xe0s(Y\x9ez\
[\xbf{\xb9\xbc\xf05f\xec\xe0\x16Gv\xe8\x14\xab\
V\xa1\xcdU\x96u\xac\x82\x806\x0f\xf1I\x13\xf4\xac\
F\xd3\xcc\xaa\xe0X;\x9f\x10\xac+U}\x17.A\
\xa70\x16\xc1|)\x89Z\x80\xcc\xfd\x9c\x00\xec\xde\xc5\
\xf58,\xa3i+\xc8\xfe\xabi\xfe\xd6\xf8\xcc\x07&\
u\xe2\xe2 \x1c\xc38\xb7\x0b\xa5\x01\xbd~\xca\xa7\x95\
\xe5R\xa3r\xcc\xa2\xf6Xa:^+\x9f\xec\xf7\xad\
\xbdf{U%\xf7I\xc7\xfe\xef\xf6\x88\xc3\xb8\x10\xd0\
\x0f\x16\x01D\x98qF\xfbl\xe7\xce\x10N\x09\xc0\x93\
N:\xe9\xa4\x93N\xba\xa7\x13\x00<\xe9\xc7BfV\
=\xe4\xb6\x830\x8fv<?3\x9c\xc6\xc8\xf9\xe7\xf6\
\x00{\x06\xab\x14w\xbc\xc1<=\x8f^*\x90\x8c\x81\
\xe7\xd1\xee\x01W\xad\x0c\xf4\x88X2\xef\x9d#P\x9e\
\xe2\x11\xde&f\xa0\xaf\xd8w\xcf\xac\x09\x1a\xc0\x99\x0e\
\xb1\x15\x95\x99\xea\x13\x052,d\xdc\xc4\x9bT\x89\x9d\
\xb7j\xe0\xf9\xf9\x81\xfa\xf8\xd4)@u\xa97G\x0a\
h\x8ca\xado\xcf\xe7\xa8|\xaf\xb7u\xd9\xb0n\xfe\
\x9c\xa15\xa9\xc6\xa2\xd2\x1by\xff>2\xbc\x91\xcf\xf7\
\x90\x8f\xff[\xd4\xc6\xfdK\xe4\xcf\xfa\x8a\xbe\xd1a\x1d\
}\x7f~G\xf2\xb8\xecG\xef7\xd2=h\xd0\xe7\xdb\
\xcfW=m\x92\x15\xfb\x8e\x5cv|\xf8\xea[\xfc\xd5\
\xbf\xfc7\xffd\xef\xbf\xdfG\xdbz\xc3o\xfe\xfeo\
\xf0\xb7\xff\xe9\xff\xc0\xbe\xadH\xe3\xd8y\x07&Cg\
\xd5\xcb\xaf\x03g\x04h|\xce\x84\x00DD\xf6\xa83\
\xeb\x00\xd7O@\x03X \xf5\xc7\x8a\x1b0^\x9d_\
\xee-\xb3\xf6F\xeb'\xef\xb3\xba\x0f\x18'\xbdu\x92\
I\xec\xbb\x9a\x84\xbc\xa8\xec\x89\xb5\xc0\x0e\xb4\x83\x1b\xcf\
|=\x0f\x0c\x5c\x9c.\xd1\x12BBJ\x03R\x1a\xa5\
\xce\x19\x11\xd3\x804\x0e\x18\x06IO\xaa\xa0\xde\xe4\x00\
\xeb\xf4\xba\x1d*\x01d\xcay\x8f\xa0kC\xb7h\xd5\
\xce\xba_\x1c:\xa8\xef\xa1zu\x7f\xebR}Q\xd7\
\xe6\xf3\xb4\x8f\x03\x01s\xbc\xb9\xa3\x16P\xe7\xb7\xef\xbb\
\xfe\xfcU\x9a\xd7\xeb\xa7\x93\xb7\xe2sp\x1c]\x82\x8d\
m\x14 \xa1\xb1c\xc6U\xa7\xf1\xb0\x7f\x03@AA\
\xf14\x06\xf6\xa7\xa4\x92J)\xf2\x86\xbb#\xef;\xca\
\x9ea%S\xfa\x8a\xe2T\xee?\xa6\x01\x19\xc1m\xc0\
\xa9\xc0\xa0\x9a\xbac\x93n\xde\x82\xe6\xee\x10\xabk\x13\
\xa6\x1f\xc6\x09\x97G\xaa\x00\x0f\xe3\x8c\x98\x06\x84Hi\
\xd3W\xef\x92\xfa\xfe\xd1\x00Cm\xd0\xbf\xd0y0v\
\x09\xbf\xda\xaf\xae\xe6\xeb\x12\x93\x92\xaa/\x96)E)\
\xf9Y\xb6S\xd2~\x02|L\xf7\xbe\xf7\xf8|m\xf9\
\xeb^\xfd\x1d\x14\x9fm\xef\xc6\xd0\xdb\xe2\xfd/\xba\x9f\
[\xddm\x8b\x17\x00\xab\xb3\x82\x0f\x98{\x1fW\xb6|\
\x8d\xcfU3\xcdC\x87\x97\x8a\xde\xad=\x94\xadb\xee\
\xe6`P\xbb\xf8\xb4\xe5\xc7\x10\xedC\xc6t}_\x9b\
\xa7c'U\xf0\xae\xa6\x16x\xcb\x0f\x95m_\xab\x00\
\x9b&\x9a\x99I\xa5\xbbh\xbbS\x19\x06J\xb2z}\
k\xf9\x1cc\xcf_\x19K\x12\x90\xe9}\x8c\x83\xc6\x8b\
\x12\xb4\x9c\x91\xd5\xbcI}\x87\xb7\xfaz}\x02\x98\x1f\
 \x10\x9d\xb5\xea\xea\x8d:'\xf8\x07\xf5\xbe\xd6C}\
\x1fp,C\x80\xeeC\x95\x8a\xa5\xc3$\x9aR\x08A\
\xef=^4\xe9\xd8\x13\x00<\xe9\xa4\x93N:\xe9\xa4\
F'\xf8w\xd2\x8f\x89\xcc\x0c9gl\xdb\xae\x03c\
\xa9\xe7p3J\xee\xb9D\x1f\x9cQ\xfb\x82\xfa\xaf'\
rf\xa5\xc6s\x86D^\x0a\xd1I\x09\xd6\x83j\x00\
\xacH2Pv\x7f\xfc\xb0\xcfXb\x00\x5c-\xe9\x0d\
bh\x07\x22\xbc\x11\xcf\x0f\xd6\xe2\x0eu0\xae)\xbb\
2\x19\xaf\x8b]\xcf\xd3.]\x018\x83\xe2)\x14[\
\xf9\xb1\x8fT\x9f^p\xe1u\xb5\x98\xb5\x17\xd6\xe5A\
\xdeW\x85\x10\x89i} f\xa4&\xed\x80Jx=\
\xbb\xfa\xc1\xeb\xc4F\x8b\xb1\x10y~_ V\x8b\xcf\
\xbd\xffk\xbd\xfe :v\x80\xe7\xd1\xc05\x8f\x83\x1a\
\x8f\xc5\xdd\xa9\xe6Zch\xbfT\x0f2Y\xad\xb8\xbe\
,\xbf\xaf]\xde\x85\xbfE\xc72\x0c\x1c{In\xec\
4\xd0\x1fC\xc0_\xfc\x8b\xff\x0b\xbe\xf9\xf9\xaf^y\
\x9d\xfdc\xd1\xb6\xde\xf0\x9b\xbf\xfb\xcf\xf8\xaf\xff\xf9\xdf\
c]_0\x8d\x13\xd20!\x0d\x09!%\x1a\xfcG\
\xa0\xd3\x8c\x10\xf4\x13\xc8\xd0iZE\xf8\x5cr\xb6\xbc\
\x93\x18\xc2\x11\xf4h]\xa2\x8b\xc0\xb6s\xfe@\xccj\
\xebCN@\x07(\xd8oV%\xbe\xb4\xcek~b\
\x94;\xe9\xbc\x00\xd46P\x92\xd6\x9f\x09\xbcQ\x1c\x97\
\xcej\xa3\xe2y\xb1]16o\xae!\xb0?B\x8c\
\x04\x06\x87\xb1:\x051\xb5\xc1\xbd~\xd6\x19\xd8\x837\
\xdd\xf8s\xfd\xb4\x92k\x9c~z\xf4\xfb\x82\xda|\xb8\
\xd4\x1an\xe4;\x87\xfaU\xcc\xbd\xcf\xef\x80\x96?\xc3\
Z\xbcW\xa0\xe9+r\x10\xe1>\x1c\x02cP\xc7\xb6\
\xae\x0f\xefY\xb7\xb9\xea\x00B\x01\xfb(P\x96\xad\x81\
\x81\xcc\x87Uk\xa0\x05\x81\x09\x96EP\xaa4\xd8\xc8\
2\xd5W\x0bU\x82s!\xf8\xb7\xef\x1b\xf2\x9e\x1b\xf8\
%\xe5H\x12\xeb\xd2\xbf\x17\xa0=\xced\x07\x8d\xb1\x02\
 ks\xb5\xf3\x1d\xcc0\x83\xc9\xfcD\x80a\x9cf\
\xcc\x0f\xef1-\xef0V\x00\xd0AtI\xbf\xcay\
\x02\xbc\xffC\xa8 \x0c\xd8TIc\xb1O\x09\x02\xf1\
i\x9b\xffM\x95\xd4\x9f\x05\xffx\xa0\xbe\xa2\xea*3\
\xac\xaa\xbfR)\xad\xf3Q\xe0\x22z\xc0\xcb8\xdf\x5c\
\xfd\x93\xa9Z\xdf{%\x0d>m|\x0c|\xcd\xb4\xa8\
\x9e\xd6\xa7\xd9\xe1y\x10\xa0\xd8\x85\xc3\xe7i\x07\xba\xfa\
\xd8\x07\xa0\x83\xffZ>~M\x0cT{\x02\x1b\xde\xc5\
\xd5\x1a\xaa\xeb\xe48\x13\x0eD#\x89\xb5\xee\x9c\xb3l\
\x1f*h\xad>C\xeb7\xce\xc7\xd6o\xa5\xce90\
\xbdK\x01Bc\xa61\xf6\xf5q\x1c\x17\x07k\xfd\xbd\
\xe3g$\xc5k\xb9*.\xdbV\xa5\xf8\x8cmg~\
\x04&\xe1\xdd\xa9\x94^\x96\xd7\x03ZM^\xa3\xba\x9b\
K\x8a5\x84\x80\x94\xb8\xe7\xc54 \xa6\x88\x94\x92L\
G\xf0\x9e\x7f\xa3\xee\x07\x0ci\xc00\x8ct\x1e\xa5\xf3\
F\xd2>\xcc\xbd\x87\x9a\x12'\x00x\xd2I'\x9dt\
\xd2I\x1d\x9d\x00\xe0I?&2\x01\x80T\xb72\x01\
\x80\xed0\xdaK\xc8\x98\xb9\x93\x0f\x1dI\xbb\x83\xb33\
L=@\xd8\x0e\xc7~(oi<\x0f\x97\xdf\xa0\x91\
s\x1dz\xab}\x9eV\x0f>pF\xe15Xc\x02\
\xc5\x9c\xdd\xa8\xcc\xf3]\xbc\xca\x8eT \xe2\x8d8z\
P%&\xba\xb0\xfb\xf0/Q;\xb8\xfbQ^\xad\xf1\
\xa68\x08%\xd6 \xb0\xa95\x8d'\xb8/\xea\xbe\xec\
ZW\x0f\xa8}\xa5\x1a\x1c2l\xa4\xe2\xeaE_W\
gV\xfa\xb4d\xf2^\xd7\xa7'\x1f\x03\xbfv\xea\xfb\
\xb7\x0f\x7f\x8b\xbe\xf4\x9c`M\x97\xa7\xa9\x9eo\x94W\
\xc9\xe3t\xe3\xe1\xf9\xdc\xe7\xe7\xe4U}\xe3QG>\
\x87%\xa5\x94\x0b\xca\xbe\xe1\xfd\x87\xaf\xf1W\xff\xea\xff\
\x8a\xe5\xf2p\x9f\xe0\x8fJ\xdbz\xc3o\xff\xe1\xef\xf0\
_\xff\xf3\xff\x81\xdb\xcbg\x0ciD\x1a\x07\xa4aB\
L\x04\xbe\x10#\x9d\x18\x04\xd9\x04t\xd5\xad\x03\xe8\xed\
\xd2u\x90\xea\xef\xefY;!\xd6\xf5\xda\xa0\x03\x91\x18\
\xe7\xa3\x5cO\xcd\x88\x8c\xa9\x0agZJ'\xb2L1\
\xacJ\x12\x02\xa5\x17\xa3\x83\x82^\xb7Nj\xe8\x00\xaf\
\xde\xaf\x9b\xda\x92F\x06\xd5C&\x01BJUe\x1f\
\x81\xe0\xb7\xcf\x87~\x7fj\xfb\x90fR\x9dS\xfds\
\xb5\xb4.\xb7\xba\x82\x8e\x13\x89\x1dT\x9f\xd1\xd6\x17\xeb\
\xd5\xe2\xdd\xd7\xbb\xef\xe9P\xcb\xfdC\x88\xf5~\x9d\x8e\
0\x9eW\x8a\xa5\x989\x82\xe1\x00\x0e\xf7~=\xac\xe3\
l\xbaF\x07\xa8x\x07\xf0\xb9\xf7c\xfb\xd0C\xb0K\
*\x8a\xdd\xc7!\xbe\x7f2\xf6m\xc3\x9ei\x8f6\x80\
\x0e1\xb8\xc6[\xd3\x0d\xa5\x01\x9e\xeaK\xceK\xd6\x85\
{\xbb\xe6\x89\xd4U\x9d\xb8\x0e|\x13#\xc8<\xa4\x11\
\xcb\xbb\xf7\x18\x96G\x8c\xe3\x22\x13\x12\x02\x08Ch\x1e\
\xdb='\x81`\x04\xbcT?\x81o\x00h\xbf\xf0\x15\
\x00\x08\x82>\x90\x14\xac5\xa0\xaf\x02Ej\x1b\xfb[\
}*\xa9{\x07\xfc\xf8S\x04\x9c\xf1\xda\xc7\xc4\x81Z\
\xe6\xe9\xffD> \xea!^\xf0\xfe0\xc6\xfd::\
\x80\x7f\xcc+\x84\xe3BS\x95\xea\xac\xf4\xd5i\x87!\
\x13X\xac8\xe8\xaeM\x91\x03\xd4\x7f\xad\x09\xd5\xf1\x94\
\x7f\xc41X}\x07\x01\xde_j\xa3;[\xf1\xf2\x04\
\xfa\xf9\xfc\x0a\x8a\xcfD\xfe\xb1\x92s\x93\xdd\xd0\x9dW\
\x8a\xa4\xf5\x04\xce\x05k@am\xb0\xd2\xe2\x00\x02\xba\
\x97_/F\xe1\xde\x03]\x18;\xc9\xf3\xf3\xf9@U\
wSx\x1d\xbd\xda.\xfe\x17\xdc\xbc\x81>d\x8c.\
\xd5<Nt\x105-\x18':=jvb\x13b\
\xa2\x13%\xaa\xb9\xf3\x1a\xdakc\x90Y\x13\xf07\x05\
\x9aN\x10\xf4\xc9u\xc4\x8a5\xc9\xc0\x13\x00<\xe9\xa4\
\x93N:\xe9$\xd2\x09\xfe\x9d\xf4\xe3#2`\xee\x08\
\x84\x87[\xa3Qq\xb3*\x11hb\xd4\x00\xaa\x03\xfb\
\xaf3x\x0e\xa8\x14\xa9\x02\xd7\x03p\xf7\x17$\x01h\
:\x98\x9b3\x0dA\x87\xecL>\x94\x0e\x05X\xa6s\
\x0b&\xf5^\x83\x0e\xe1\x15\xc9h\xe4\x80\x85\xb3f\x04\
\x0e\x94A}\xe6\xcfu\xd3\xa7\xd73\xa7C\x9cV\x95\
W\xe9\xc8\xf1t\x81]\x5c2M:\xce{`\x0f\x94\
\x89\xe1a\xd95\xb9\xa7\x16G\xd0\xa8\x81 w\xc7\xef\
\xbb[(\xef\xca\xb4\xd4\xca\xbfM\xde\xa5p\x1e\x07\x1d\
\xc8\x867\x1e\xfe@\xe2\xb8{3\xbe\xbf\x12>G^\
\xdf\x93A\xf59\xe6}U\x8c\x95\xbc\xeb\xa27\xe9\xad\
\xbc\xbf\x9f\xbc\xd3\xeeB\xc5\x08\x11\xc8\xa0m\xa5\x92w\
\xc4\x14\xf1\x97\x7f\xf9\xd7\x92\xfeK\xf7\xc9\xfe\xa8\xc4u\
\x96\xf1\xf1\xb7\xbf\xc6\xdf\xfe\xe7\x7f\x87O\xdf\xfd#R\
\x8ar\x0e2\x12\xdc\x8a\x11H\x11Q\xce3\x02\xa4\x1e\
,\xe7\x1fp@Ns\xaa\xef\x9bv\x1d\x81\x03`H\
j=#&R\x81%@>>Y~\xcdW\xd2$\
n\xdb\x92u\xf1\xb2\xf9_[\xab^\x1f\x95\x1d\xbc\xbe\
N^\xb2\x8f\x9fQ\xa2IQ\x18\x1a\x80\x1e8\xab\xeb\
\xaf\xad\xa7\x10\x82T\x8c\x1b\xf8\xe8s\xc2\xf7+\xbff\
\xae\x1dS\xfe\xd6\xfc1\x95\xe3\xf5\xe8\xc0\x80\xfa\xa3\x85\
n\x9c\xb6\xa4\xa0}\xb0_w\xb5SYj\x8b\xab\xb6\
w\xeb\xb2\x1f7t\xf5\xf2\xb5\x02hO\xd5\x1e\xda\xc5\
\xec@\x06\xe6ql\xb3z\xb1\x02\x10lOJ\x03\x86\
\x81\xceT\xcc?\xfchO\x0a\x02\xe0\x1c\x8c\xf2~t\
[\xab0C\xc9{\xcdS\xd5\xd0|v\x10\x86\xaa\xc0\
!\x04\xa4\x18\xf8.)\xb4\x97\x96\xcb\x8eu]\xb1m\
+\x81wI\xa7\x9bLF\xe8E\xe5o\x09\xce\xab\x0a\
h\x13\xcc#\x08\xe8\x8e=\x12\x864b~|w\x07\
\x00\x124g\xdb\xd8r\xc2\xe4^e\x86p\x96i\xfc\
\x8a\xd1i\x82e\x14d@\xfdP\xb4wy\xdd\xf8G\
@\x88\x00\x8b\x83x\xea\x07\xc5q\x09\xcb\x22@\x0a\xfd\
\xbb\xf4>O\x7fG+\x1e\x18\xc2q\xf3w\x8b\x22\x10\
ZU]\xddSn\x00\xac~Yj\x13\x911\xf9\x17\
\x1c\xfbS\x00\xfb\x97un\xe4s^;\x8c\x01E\x92\
\x995\x96.L\xf9s\xbc\xba\xf5`\x80\xc1\xe4\xd0\x88\
\xf5V\x0bU6#\x9a\xd6\x05\x83\xd8\x0e\x02u\x04N\
\x99\xae\xab\xac\xcf9\x8f\xa3~\xf33\x0cABC.\
\x0d\xacs\xd0\x96c\xe2\x95\xe3\x1f\xc1C\x1f\x13\x8e\xa3\
\x7f\xe4t`\x98R\xc5*\xbbJ\x7fv{K\xb1\x0a\
\x1c6\xa9\xbe\xa0\xbd\x8df\x0bbJ\x18\x86\x01\xc38\
aZ\x16\x8c\xd3\x05\xf3|\xc1\xb4\x5c0\x8c\x13%V\
\x07J\xf0!&\xa4\x08I>\xeb\x1d\x10@i\xf0\xc8\
\xbd\x8f\xb6P5\x97\xbd\x8f\x83\x7f\x18\xe2:5\xefw\
3\xa6\xf3\xb5\xde\x01\xe3'\x00x\xd2I'\x9dt\xd2\
I\xa2\x13\x00<\xe9\xc7H\xa5\x14\xaa^\x09\xe0\xe3\x81\
\xb4\x01\x80M\xbb7K3K\x07cI\x0c\xf2YS\
\x0f\xeeUi\x8al;9\x93ov\xf7\x95\x1db\x8a\
\xcd`\xc5\x19ZzB4\x81x*\xa02\x0f0\xa3\
\xc4\x92\x18\xbbC<Q\xa8\x00\x07\x99\xb5*\xd5\xd4\xc1\
\x09\x16:\x06\xba\x97x8fu \x16y\x94\x84 \
;\xd2=\x07\x10\xcd\xbd\xb2\xf2\xf9\x81Ly\xf4\xe1=\
\xc0\xf8\x03\xc9\xee\x12\x05\xb0^\x1e\xce\x83\xfc]|\x8f\
\xa7\xfe\xaf\xf4\x85\xc2k\x1c\xf5u\xb8O\xf7&Y\xed\
\x89\xfb\xb8=0\xf1\xfb\xe9\xedxf\x024\x82\xda\xf4\
F4\x03\xab\xe0\xed\xf72\xeb\x9c\xa9uhu\xfd}\
\xc44d\xd6\x8ae [5\xfe\xfe\xed\xcf~\x81_\
\xfe\xc5\xbf\xfa\x1fb\xfb\xefKTJ\xc1\xf3\xe7\xdf\xe1\
\xbf\xfd\x97\xff\x88\xdf\xfe\xfao\x91\xf3\x8e4\x8d\x92\xfc\
Hrf36\x00\xa6\x02\x80\xae&\xac\xf9\xdf\x81o\
\xbc\x06\xc7\xba\xaa}u@_\xbdh\xe9\x1aX\x12\xe8\
\x80'$\xaa\x89\xc9f\x9f\xaf1\xaeI\x1f\x04\xcfS\
\xcf\x14\x04H\xe52h\xf0<\xcc\xeb\xe6`U\x1d\xd8\
\xf6\xbc\x8e\xa8\x81\xb6\xae\xba\x89\xd1\x86\xdb\xc7\xb0\x9f4\
\xad--\x1a\xaf|\xcc9\xd3\xfa4ws\xdb\xe3w\
\xcf\x82\xe6i\xdb\x07\xf4\xec\x00\xea\xe9G\xeb\xb6\xf6w\
GU\x82\xa9\x06\xb3\xb5m'{M}\xdd\xee\x01\xc0\
\xfb\xf5\xc7\xbb6\x1e\x04\x04\x22B\x00\x1d \xe9>&\
\xa9\xff%\x02\x0c\xb5\xb1u|\x99\xb7\xa9\x7f\x83\xeal\
\x02\x13\x08 0\x7f\x02~\xddz\xf4\x0f6jR\x16\
\x08\xe8e\x98\x00|\xb3\x82u\xbd1\x8f}\xa7w\xf9\
}C\x88\x91\xd7\xdb\x06\xcb\x19{\xde\xb0o+\xf6}\
\x93t9\xa5\x0f\xa3\x19\xccv\x10\x0aKH\xe3\x84\xe5\
\xe1\x1d\x86\xe5\x01\xf38#\x0e\x94\xa0\xf56\xbbS\x1c\
\xafg\x9b\x07\x02\x8d\x15\x82\xa2w\x19\xe4\x0c\x02\x04M\
\x04\xdf1\xa2<\x01;@U \x1b\x87p\xc0E\xb9\
W\x00\xca\x01#\x97Bk\xf7\xfdu\xe8$\xd1\xd4Y\
,UYp\x5c\x1d0\x8b(V(\xf5\xeb\x00\xa5\xb7\
M\xe9\x0fK\xcb\x9fwa\xe6\xe0\xb6?\xd7^\x0c\x9f\
\xa2\xec\x94\xf6\xdc\xdfu\xc6\xf9\xc5\xc7\x02\xa4\xcc=\xdc\
\xf2$Q\xd5\x98\xfd\xfd\xa5\xb9\xc4\xe4\xde \xcf\x9a\xed\
\xe4\xc7\x18\xd6\x83`hS\x91\xad\xe0\x9d\xa4%\x09\xd5\
\x19-A\xbawe\xb8*n3eBS$\x9c%\
\xcdne?&\xee\xb9\xb9\xa9w\x17\xaf+L\xf5\xd0\
\x98\xfbyH\xe9\xf8\xc7&\x04I\xe5\xa5a\xc00\xce\
\x18\xe7\x05\xe38#\x8d3&I\xf3\x8d\xd3L\xe9\xee\
q\xac*\xea\xfea\x07\xda{\xb9\xc7\xb6\x0f6\xbe~\
5\x22\xcdA\x8e\xf1\x19\x00\xc4\xd8\xd2\x18!G\x84\x18\
\xd5\x1f@R\xb8\x8f\x7fHQc\x7f\xda\x00<\xe9\xa4\
\x93N:\xe9\xa4J'\x00x\xd2\x8f\x91\xcc\x0a\xf6\x9d\
R\x80~\x80\xad_\xac\x01\x81\x81\xae\xda\xdb$\x02=\
\xad3x\xd6I\x00:\xf9\xbd\x1fR=\x8e\x99!\x04\
\x13\xb8x\xcf\xcc\xfa\xc1]\xcaCU\xd2\xc0*\xa3\x12\
\x00\xaa8\x8ay\xac\x9c\xa3(8\x90\xe1\xa7T\xear\
\xf1YW\x9a\xf5\xc0\x86\xd7\xc3\xf9N\x15\xd7\xd3\x919\
z\xfd\x1c]\x9c>\x1f\x9d\xa1k8\x99\xb1z[\xeb\
z\x0f>:\xbb\x19\xee\xcb\xae\x0cR\x9f\xf1\x91\x18\xdc\
\x15\xf4{\xc8\xc7\x14\xb57\xbago7\x15\xb8K\xa7\
\x907b\xb7\xd6\xbe\x8e\xff6\x91\xe1\xbb\x0f\xed\xa91\
\xba\x87\xfa\xaaxO\xef\xf3\x0eh\xd3\xe4\x07V\xa1\x9b\
\xe7\xc6\xf2\x9c\x89s5\xc6\x92\xf1\xfe\xab\xaf\xf1\x17\x7f\
\xf9\xd7\xb8<>\xbe\xd1\xee\xff\xb1df\xd8\xd6\x1b\xbe\
\xfb\xcd\xdf\xe37\x7f\xff7\xf8\xf4\xf9\xb7@1\x0c\xc3\
\x88( \x906\xa0d\x13/\x12\xbc\x09\x81\xc6\x00\xb9\
N\x9a\xcd3\xff\xe55%\xf7*s\x1f8S\x99\x86\
@P\x8c\x89v\xa5:{}\x04\x01\x15W\x92S\xc7\
\xe5Y3<\xf4\x96\xe3\x04\x0c\xecA\x97c\xbdHo\
\xcd\xb1\xef\xa7:\x96\xe0\xde\xe2\x1f\x22\xc8\x9c\xb3\xbd\xf7\
\xd3\xa2\x9f\xab\x87=(\xb4\xfd\xf1>\x9e\x02^\xcd\xdd\
\xc3-\x0bd\xa8.\xcd\x00\xf4\x12\x81\xfdXx\xbd\xd5\
\x17\xfd^p\xdf\x0b\xac\x8a\xdaj\x00|\x8f\xf4\xb4!\
 \x06\xda\x03\xa3\xbd\xb0\xd0\xa4!;@!\xd41\xf1\
}\xba\xe5\x9b\xb3qnI\xd2\xd3|\xafV_\x18(\
\x01\xd5@\x1b\x81|hv`k\x8eFI\xa3()\
A\x18\xa5\xae\x8c\x1703J\xd5V?0\x81\xf3#\
\x12d3\x97\xee\x0d\xa0\xfd@\x04\x0cC\x92j\xf1\xca\
\xfaH\xf5v[Wl\x1b\xc1A\xaf\xdb0\x0e@\x08\
\x18\xc7\x09A\xea\x92\x15\xd4v\x80[-\x8f\x1a,\xf5\
&\x7f\xa5\xc6I\xd0\x87=m\xde.o\x87\xba\xc1\xcc\
\x10J\xa6*s\x91\xd4\x9a\x06\xbf\xceO\xc5\xab\x80\x92\
\xe7sx'\xbf\xce\x17p\x10\x8c\x99TPYA>\
g\x1c\xe01\xb8\xf4\x9f\x92(\xbf\xc8\x1f\x01e>\xe2\
\x22\x01\x8e>\xc7\x1c\xa8\xabex9\xec\x80\xfa\x5cI\
9C\xcccJ\xdaNO\x0cFo\xb9*\xbb\xb6\xd5\
\x1b\x89\xae]fMeZ@\x1e,(\x8c\x9a\x0c\x0e\
\xb8\xf6}V\xaa\x94%\xbd\xebr\xde\xf2\x1e\xdd\xd9D\
E\xe9\x8f\xe7\x9e\xa2z\xb8jz\xb1\xcc\xfa\x94\xa6\x15\
\xc1\xf2\xfcLD \x91R\xaaj\x7f\x08\x18\x86\x11\xd3\
4c^\x1e0_\x1e0/\x0f\x18\xe6\x0b\xc20\x22\
He7\x04TgF\xe30\x22\x0e#B\xa4\xe4m\
\xd0\xfe\xea\x7f\x1c\x13\xae\x0b\xd3\xd8\xc6\xe0\x8e;8\x9e\
\xbe\x8f;(\xaf\x02\x94N6W\x8d\xeb\xb0\x08\xde\x8e\
\xc1\xe7\x80\x03\xf7\xecY\xd8)\x01x\xd2I'\x9dt\
\xd2I\xc0\x09\xfe\x9d\xf4#&\xeb\xec0\x15I4\xf1\
\x00\xdb\x18\x0a3\xaa\x1d\x1e\x0e\xd3R\x9f\xe9\x19:\x97\
\x00\xf4\xf4\x1e\xd6S=d\x07\x1e\xdeKq\xe9\x0f\x01\
5\xc6\xc3\xb4\xb3\x0c\xcd\x0b\xa4\xe2\xa9N\xce\xf4\xc1y\
\x0a\x0f\xeb\x7f\xfb\x03\xaf\xc7\xe1q\x96\xe9\x14\xecOk\
\xf8\xdd\xff\x9e\x1f\x83\x1aS\x05=3\xeb@L\x97V\
QL/\x8f\xecA+\xcb\x99\x1e^u\x9c\x18\x03j\
\xa3\x98G\x03K\xbcg\x18\x87\xdcZ\xed\xbb\x8e\xea\x97\
{\x15z\xff\xfc\xfb\xa8\xb6\xfc\x07$\xf1|\xdf\xaa\xc3\
[t\x8cs\xec\x11\x0f9\xdc}!\xcbZ.\x14\xed\
\x98\xcd\x17\xea\xe5\x92D\x87\xa8\x07\xbao\x83\xcfeg\
&\x9b4Q\xc1\xbb\xf7\x1f\xf0\xcb\xbf\xf8\x17xx\xfc\
\xd0\xe6\xc8?\x03Y)\xb8^\x9f\xf1\xddo\xfe\x1e\xff\
\xf8\xeb\xff\x8a\xe7\xcf\x1faV\x90\x86\xa13\x02\x9fd\
\x03J@\xa0\x83v\x02\xd2!\xb0\xa3\xae\x95\x0a\x0a\xa1\
2\x8cT3K\x18\x22mP\xc5D\xe0\xa61\x89\x0e\
\x9cp`\x8e\x10\x9f\x82\xbf\xd0O\xf7\xe1\xfd\xbd\x8fY\
]\x86\xaf1\xffn\x1e\xf9\xf8\xbd\x8a\x00\x00m\x7f\x13\
\x00Q\xac\x01M>\x1b\xad+\xbf\x9f\x0f\xfd<B]\
\xd1o\xcf\x99\xe0\xd1~0)\xafZ\x07\xfe_[S\
+v\xf71\xe0\xcd\xfa\xc9\xd6\xa1\x1c\x9fT\xe9\xbdH\
f\xbf\xcf3\x84\xc8=\xda\xf71\xfdRJ\x8c5(\
\xa5p\x0f\x0a\x86\xdbm\xc5\xd3\xd33\xde\xbd{\xc4\xc3\
\xc3\x03bd|\xd3\xd6\xcd9\xa0w\x8a\xc2\x83$\xe2\
\xa0\xfd\x7f\x18\x86\xb6\xaeL\xaa\x86\xc6\x02\x83<\x91f\
\x07\xda\x8d\x92\x88\x92\x81C0\xbdS\x02\xb0\x97\x82\xe4\
N=\x02\xd5*\x8b\x19\x06\xb5\x99@\xafU\xd5\xe5\xbd\
d\x82@\xa5P\x1aVR\xec\xdb\xb6\x22\x86\x88\x5ch\
c\x90ueyT\x1bV\x7f\xe9\x8f\xd5\x0d4C\xd0\
\x81N\x15T\xaec\xa1\xf6U0\x89`\x93\x81\x1f\x10\
8v\x0e$2\xbe;\x0b9H\xf5\x15\x95\xa3<\xfc\
\x9f\x10\x99NM\x95RtP\x8d\xa0\xfd\x9f=\xaf\xf7\
yP?\xfb|3\xe3G>\xcd8(+\xbf\xe7u\
#\x02|\xec\x1b\x03\xf3k+Ay\x0bH,\xeeH\
F]\x18\xfc}\x04\x81u\x9a_\xf0\xbcT/\x02u\
J\xe3\x80\xa5i\x06\xa8\x0f+H\x5c\xfb\xd7\xfb\xb3\x85\
\xb3\xaf\xbcN\xcc\xb3\xc0\xd4\xf7\xdc\xc7]-\xb8\xcd\xe1\
6/\xf9'\x09>\xc5q\xe0\x90\x92\x81\x92\xf2\x93$\
\xa3\xe9\x9cTJ\xe6[;p\xfdM\xd3\x8c\xe9\xf2\x0e\
\xcb\xc3;\xcc\xcb\x05\xe3|AL#B\x22\xb0\x87\x98\
j=\x93\xd4pcJ\x18\xc7\x09\xc3H\xa7E\xdcg\
\x09\xde\xabcZ\xbf\xd6\xfe\xabA\xf5y\xf0\xf5\xe7\xe1\
\xda\xa7\xa1\x8f\x0d1\x0c\xaa\xbb\xf6\x00?ci\xcbW\
\x97\x22\x86&-z\x02\x80'\x9dt\xd2I'\x9dt\
\x02\x80'\xfd\x88\x89\x87V\xaa\x01;\xc8\xd7\x1f\x86\xc9\
8\xe8\xd0\xeb\x8cr=(7\xc0\xcf\x81\xbe\xfe\xf0\xdc\
\xdf\x1f\xaf=_\x1d0\xbd.\xb2+e\xe6\xc6\xdei\
\x11\xd0\x99u\x86\xf0\x88\xdb\x0e\xba\xfc*\xde\x13\xcf\xbe\
Mz\xa9\x86\x8b\x99\xa3=\xc1\xc6|\x04\x9dt\x99\xb7\
9+\xc4\xbb.\x0f2/.\x05\xe2\x0f\x8eG\xe1\x03\
s\xce\xec\x18S\x87\xe9c*O\xdb\x01|&t#\
\x80\x09j\xbb\x9d\xd8.29\x8c\xd3\x83%\xb5\xaf;\
\xa0\xe0\x9e<\x8e\x933\xfd\xf5\xf9\xdd\x95\xd7\xce:\x80\
\xe0H\xc6z\xe9.\xa8\x0d\xaf\xe3\x01>\xee~\xdd\xb7\
LO\x0f\xf7>\x12\xf7y\xf9}\x00\xb3\xb1\x16\xf9\xf0\
\xfcH^\x9e\x06\xe6\x10\x8e/\x96c\xce\x00\xca\x1eY\
\x0a\x01_}\xfd\x0d~\xfe\x8b\xbf\xc4ryx\x05^\
\xfdsQ)\x05\xb7\xeb3>\xfe\xf6\x1f\xf0\xbb\xdf\xfe\
\x1aO\x9f\x7f\x8bm[\x11\x00$yzL\x83<\x9d\
\xba\xad@\xb7\xd7W\x99Kq~A\xc6\xe6S\x94J\
1\xc1\xc4a\x18\x10ec\xca\xd7\xa8\xab\x95\xf1\xba\xd5\
\xe7\xad~9\x00{\xc7\x07w\xa1\x9e\x97\x8f\x07\xcb\xbb\
\x1f\xd6\xd7Ex@\x1f\x91\xe3\xed{O]#\x07F\
\xdf\xc1\xdd\x86.\xde\xcf\xf5>\x1d#\x98\xd0\x99\xd7\xf3\
\x06\xc0a\xfd\x1e\xa8\x9f~_\xae\xee\xab9\xed\xf9\xb5\
\x0f\x17\xf4\xfa\x19\x05\x9a\xb9\xf7\xe3\x18\xe9\xe4\x84C\x19\
)\xbdc\x04\xc8\x00G\xb0x\x1dT\xf7R\xacJo\
\xfa|w\xe0\xa0\xc8\xde\xe5\xb6\xad\x00\x02\xf6=c\x18\
\x12\x1e\x1f\x1f8\x87@L\xa5\x8d-\xfb\xd3A,/\
\xd7\xf3\x0e\x02\x8a\xf9\xde\xd9\x11\x87\xc4=\xd9\xf72\x97\
\x1c\x13\xb0\x13\x03\x01A@\xaa\xb5%c\x18G\x02E\
9\xb3\x1f|<\x03\x10\x10\x91\x86\xc8\xf7S\xce\x881\
\xa1\x94\x82\x18\x02R\x1a\xe8u\xb80_\x07\xdcR\x90\
\xfac\x00\xf2\xbe#\xa5TA\x1f\xdf6b\x8c\x94p\
W\xe5\xb8\x07;\xf0T\x08\xaa\xa8\x9e\xb5>\xa6\x1d\xcd\
\x08x\xc1\x8cm\xa9\xb6\xe7\x14\x8f\xbd(uV\x82^\
\xc5\xe7\x94K\xae\x81\xea\xc0\x0c\xf2w\xa2\xbfG\x95\xce\
\xcb\xd5\x94\x8a\x02\xf7\xfc}\xc1;\x02\xbaZ\x0em\xcf\
\xd5}\x81\x7f@j\xb6w+\xb4\xe9\xf3\xd2A\xe2j\
\xb5\xd7\x1f\x13$su}\x07n\x0d\x0eN\xb6x|\
\xc00\xaf\xb3\xbf\x99)T\xc7z\x13\xa8%8\xca\x0a\
\xb0\x9f\xfb<\x08\xec\xab\x8f\x99\xa1\xea\xca\xf1\x0d\xdeO\
2/\xd2\xe2w\xf9\x19\xfb\x84q\xf4\x5ce\x14\xa3\xda\
0\xf39\xee\x17\xfc\xe3Z\x8b1b\x1c\x17,\x97G\
,\x97GL\xcb\x82iY\x10\xc7\x051\x8dZ\x93\xdc\
_\x11\x13%\xb2\x1d\x98\xaf`#Un\xa7i\xc68\
\x8e\xf5\xc3Mti\xbd*\x95\xaa\x03\x85\xe6J\x00M\
\xfe\xb1\xfd\xec\xc9\x00p\x8e2H&\x16h\x0e\x82\x1b\
*\xf7\x02\xd3\xfa\x84\xf2\xd7\xa8P\xd9]\xf639F\
v\x02\x80'\x9dt\xd2I'\x9dt\x82\x7f'\xfd\xd8\
\xa9\x14\xaa\x00\xd3\x81\x87\x1fjC5R\xcd8\x0d\xe8\
s\x86\x03\x92\x0ei\x87\xe0\xf6\xe7\x87J\xdcI3x\
:\xe8@\xae\x93f}\xae\xbb\xf6\x5c(\x96?u\x16\
\xb3Af\xb2q\x03\x1dh[\x92\x83\xea/\x1f\xb7\xe7\
\x86\x96Y\x08\xceqB%\xe9T\xcd\xa7\xf5\x96_\xc6\
\xad\x03\xff\xeeP\xb6\xbe\x09\xc7\x1b\xd1\x1d\x0axO\xde\
\x17\xe8\xeaf\x1e\xc2:\x92\xaf\xfaR\x99\xad\xe6^\xcb\
\xda\xadwM\xaae\xf5\xf5\xb9\xcb\xab\x8f~$\x8dM\
w\x0f\x974\x108\xd9\x83\x86o\x91u\xc0\xe5\xeb\xb1\
\xef.\xdf\x00}p\x97\xa6o\xda\xfd3\xa7\xb7\xc0\xa3\
F\xf7\xedQh7gK\xc9(9c\x9c\x06\xfc\xfc\
g\xbf\xc4\xd7\xdf\xfe\x1c\xd34\xbf\xd9;\xff\xdcdR\
w|y\xfa\x88\xdf}\xf7\x0f\xf8\xf4\xdd?\xe2\xfa\xf2\
\x84Rv\xc0\x02b\x12\x00\x98\xe8\x15\xd2=\xe2\xc6\x10\
\x814 \xc6\x01q\x980L\x13\xa6i\xc40\x8cH\
i@\x8at\x92\xe0\x5c\xa6\x03/=`\xf6\x16\xdd\x87\
s\xbdu@[{R\xc3\x8e\xfd\xeas\xe5\xed\xfc\x7f\
\x18q\x0fj\xf3\xc0\xc7\x96\xfdeF\x9b\x8e\xb4\x19\xd7\
=?\xe4qL\xab\x102\xe2\xf7T\x83|\xb3\xe9\x1e\
iK\x81\x01\x16\x1a\xd0\xe6\xad\xab\xb2WJ\xe7\xcf\x1c\
`H\xb2\xf1\xe8\xea\xdc\xae\x82\xdd\x93\x15\xf6o\x0c\x01\
\xa5\xc8,\x83\x03\x05.q\x07\xee\x9dE\xb6\xca\x08\xe6\
\xf9^\xdd\x81\x81\xec$\xdc\xd6\x1b`\xc0\xae\xf7\xc4\xbb\
w\x8f\x98\xa6I\xf1X?\x07\xc0\x80&5\xeeB\xe0\
\xbe\x9eB\x07\x00\xde\xd6\x15iH\x18\xd3 \xc9<\xd6\
\x07\xca%\xe7\x1d\xc30\x08\xc0,@\x94\x14a\x1aP\
\x0a\x01@\xe6\xa9|#%\x1aMR\x82!F\x94\x5c\
\x08\xeaI\x226\xfbZ\x1e\x12\x8a\x19\x81@I\xfd\x85\
\x10\xa4\xe2L\x00u\xdbvJ\x19V\x00\xd0\xa5%\x8b\
^/\x06\xcb\x191P-\xd4\xa12\xaa^\xfa\xfb0\
\xea]\xca~(\xc6\xfe# \xa6\xb9\xa7q>:\x8f\
\x10\xe0\xa2\xfb\xd7RoJ\xa5\xf0\xe2s\xc6\xe3s\x14\
Y\xa6\x809\xc6u\xf0\x90\xcf\xfa\xfdRYW\x00\xb0\
\xceS\x9f\xe5\xba\xae\x10\x94\x92\xf2Gu\xf5z(\xbc\
\x98\x03\xb3m>9\x08\xe9\x12\x8b5\x89Y\x07\xe4\x09\
\xa0\xf3\xdc;\xc0\x8e\xfd\xc1\xb1\xf70\xe6\xcd\xd8Q*\
\xc0\x05\xcc\xcf\xf3\xf5\xb4\x04\xf7x\xcb\x09\xdal\x09\x9a\
\xf2\xee\xe3T\xa9P#BZL\x80\xf2\x900\x8e3\
\xc6\xe5\x01\xf3\xf2\x88y\xb9`Z\x1e\x90\x86\x89\xd2}\
\x01\xfc\xc8\x12\xa9\xde\x8b\xeecK\xa8\x1f`\xb8\xff\xa2\
\xbeg\xd8\xcei\x9a0-\xb3\xd4\xd2]\x0a\x10uT\
\xfb\x0f\x01\xe6c\x15\x08\xd8\xd6q\x17\xd8lF;\x9c\
\xc2\x021\x0c\xac\x1b\xc1y~la_\xeb\x83\x8e\x9e\
5\x1b\xaf\xa8\xed?\x01\xc0\x93N:\xe9\xa4\x93~\xf2\
t\x02\x80'\xfd\xd8\xc9\x8c\x92\x18T\x03v@\x0f\x8d\
91\x1afw\x86\xaeg\x0c\xad\x82\x82\xed\x1e\xe6\xcc\
\x82\xee\x9d\x09\xa8\xf7\xfa\x9a\xef\x06\xff\x15N&_\x07\
\xf5Z\xb7N\x84NL\x09\xcc\x0d[\xf3\x98K\x06\x9a\
\x0co\xe8\xd4\x84\xf9\xb0\x93,\xf1`\x9es;\xb0\xe1\
\xfbIg_\xb1<\x9dt\xdd\x1byx{[\x80\xff\
\xe7Gr\x0f\xf6\x0c\xdas\x16\xe2\x08\x05\x9f\xd1\xe6\x90\
\xb3@\xce\x98)\xb6'/\x046j\xa4W\xf9{5\
\xba\xbe\xec\xea\xd9w\xd7\xab\xfa\xbfI\x8ccF\xa6\xdb\
$\xb1\x12@\xb5\xafC\xcbT\xa6y\xbf\xf7\xe1\x1d\xd5\
1\xec\xc3z\xc6\x13\xc7\x8a\xde\xa7w\xfaR\xf8\xf7\x91\
\xa7\xe9\xd3\xb69.\xcf\xd6e\xc7\xb2\x5c\xf0\x8b_\xfe\
%\xbe\xfa\xea[\xa4!\x1d\xfa\xf7O\x91\xcc\x0c9\xef\
X\xaf\xcfx~\xfa\x84\xe7\xa7O\xb8\xbe|\xc6v}\
\xc1\xba\xdd\x90K\x06\x8a\x9c\x1d\xc4\x804\x8c\x18\xe6\x07\
,\xcb\x03\xe6e\xc14\xcd\x18F2\xae1\xd0\xbb\xb1\
\x837~\xedt\x7f\xed}\xd9\x87\xbfE\xaf\x9f;3\
\xda\xca\xf9}\xd4\x97\xf7C\xa9\x8f\xdf{\xe3,V`\
\xb9\xc0\xf2\x8ebT\x19\x05 \xa6XR\x885e\x9d\
\xe55\x84\xb7\x1d\x00r\xd7\x84`\x0e\x00\xbe^\x83f\
\xa8\xfbI\x10\xb0\x97\xaa\x9d\xc5\x04D\xa9\xf6\x9a\xaf\x01\
O\xa4\xaa\xa8\xd8\xfb\xbd\xc0\x89k\xb1\xc1\x03\x0e\x1c\x14\
\xed\x8f\x875+\xaa\xeb\xa0\x18n\xb7\x1b\xc1\xc4\xc0r\
\x87i\xc0e\xbe %\x02\x1b\x87r\x00\xf6\xa7L<\
\x98\xab\xee*\xcf\x22\x07QTE\x7f=\xce\xa5J\x83\
\x13\x8c+\x02t\x5c\x02+\x80\x92\x8etNe\x80\x83\
\xc4\xb2\x0d\x98\xf7,\x90#\x22\xef\x1b\x0c\xb4%\x18\xe4\
\xd8\x81Mp\xb02 \x04\xa6\xe7x\xb3\xbe\x04\xfc\xf6\
Z\x8f\xc1\xeb\xa1\xf6Q\x82\x90\xa0MJ\x04\x05s\xce\
\x02\xa6\x02\x10\x5c\xd5W}\xc8QfzI\x00\x9a\xd1\
\xf9\x16\x8ce3\x1e\xfb\xd7\x01\xaf\x00\x8d\xa7K\xc2u\
\xa0`V\xbe\xea\xf1\xba\xc7\x069!1\xb5\xa5@\xef\
\x09\xd5A\xd1\xf5\xc3\x8b&u\xd7\xde3-b\xbf\xc6\
\xac\x9b\xba\x9ct\x06\xbe\xf7YW/\x83\xa5\x11\xb8\xac\
\xd3\xa6\xc6eB\x82\x91|\xa6\xb6x_u\x12q\xa6\
|\x09\xe2Q\x1a\xcf\xeb\xcdpW\x85V\xdd\xcc\x01Q\
\xfe9\x10\xc6\xcc\x14\x1f\x0e\x08:\x08+i\xd5\xc2:\
\xbat\xa8YA\x16(\x9db\xc20N\x98/\x0fX\
.\xef\xb0\xcc\x0f\x98\x96\x0b\xc28S\xdd>\xc8\xebn\
\x10@\xaf\xeb\x08\x82\xd3\x94\xf6\x83\xa4u\xf5\xc1#\x84\
:G\x8a\xe5\xea\xdcfH\x03\x96\xcb\x05\xc386\x00\
\x90\x860\xb9\x82\x0fct\xb7\xe8\xbd\xc3\xd5K\xd6\xf5\
q1\xaa\x18\x87@\xa9L\xb3@\xe7>U2T\x07\
\x1cc|\xee\xc7\xcc\xdbN\x00\xf0\xa4\x93N:\xe9\xa4\
\x9f:\x9d\xe0\xdfI\x7f\x1eD\x9bM\xdb\xb6\x1f\xc0<\
\xf8\x81\xb1J\xff\xb9\x14\x83\x0e\xe9R\x01\xf6?g\xe4\
\xac\x1e\xba\xfd@\xee\x87\xd0c\x9e\x103\x18\xee\x18>\
R\x03\x01\x9d\x9ci\xb6\xd0\xa4\xfb\x823\xa9\x1e\xa7\xb7\
a\xa3Cr\x7fX}\x8b\xd9\xec\xcb\xbd\xbf\xae\xcc\x89\
'3I\xd6\xb8=\xa1\xfb\xfc\xd4?\x00\xda3\xe3a\
\x9a\x07\xf2>^G\x1e\xb5\x9d\xdb\xef\x02x\x94?<\
\xff\x02\xb0v\xec\xc7\xb7\xe9\xfb\x9e\x7f\xdf3\xd2}c\
\xd8\xc6\x9a*\x1c\xdbW\xeb}W\xcf\x9e\xd8\xd7\x0c3\
\xfdW\xa5\x1d\x1d\xb7\xaca\xaf\xd3;}_\xf8a~\
\xdeU\xb2Og\xe6@CA\xce;J\xc9\xb8\x5c\x1e\
\xf0\x8b_\xfe\x15\xbe\xfa\xfa[\xa44\xd4\xb8?\x16\xb2\
R\x90KF\xde7l\xeb\x15\xeb\xf5\x05\xd7\x97g<\
?\x7f\xc6\xc7\x8f\xdfa+\x86\x87w\xef\xf1\xf8\xf8\x1e\
\xcb\xe5\x01\xd38apG\x11\xae\x1a\xec\xff\xab\x1f}\
\xed\xea\xa6\x86\x01\x0d `\xf0\xdd\x5c\xc1[a}\xfa\
\xd7\xd4\x8f\x9d\xcf\xef>\xeea\xcd\xde\xc5\xbb\x0f\xe7/\
\xba\xf1o{\x1e%\x00\x0bJ\xdeQ\x0a=\xcdB\x92\
\x81\x01\xa1J\xf3\x84 I\x19\xe5\xd2/u\xa0\xcd\xf5\
/\x01\x80|\xe8\x09\x02U\x9cS\xa4\xb4\xe5@f\xdf\
%3\x19\x95\xfdZ\xf3\xd0>X\xf7D\xeb\x80v\xed\
[\xf0>\x10\xb0\x11\x02\x19{3\xb0\xeews\x1e \
\xe8e\xdd\xfe\xdc\xdf\xaf\xeb\x8am\xdd0\xcf\x13\xf6L\
\xcf\xf1\xef\xdf\xbf\xc78\xce\xaf\xfa\xdd\xaf=\x9f\xf6\x0e\
)\x88)\x010\xec9#\xc5t\xa8\x07\xa5\xd0M*\
\xcd\xb4\x87\x16\x82\xa7\x07\x82\xa4\xceC\xa0jz\x08\xa0\
\x03\xab\x5c0\x0c#\x81\x9bR\xa82\x99\x02\xcaN\xfb\
\xb65?}\xcc\x1a\x86\x01@A\xce\x05\xc5\x80\x14\x09\
\x1e\xf6\x00\x1f\x8a\xd1^!\xf8.\x1bb\xaa\xf3\xc4\x8c\
e\x84\x10i\xba\x22\x12\x00\xdc\xb6\x0d\x01.m\xc5\x0f\
jA\xceOJ\xd9\x05:6\xa0L2jt\xbe\xd1\
\x81R&@\x0a\x00\xc7\xcfd\xb3\xb0\xbe\x9b5_5\
{<\x0c.\xe5\xd9\xcd\xf3\xa2\x0b\x07\x0dM\x92\x89\xcc\
[dVm\x01\x1e\xc2\xfa\xf7\xa7\x09\x14\xf2k\xd5-\
\x08\xf8\xaby\xfa}\xdd\x07\x5c\xa2\xaf\xe5\xc3g}{\
P\xfb\x86\xb7\x0c\x0f\x15\xc8\xf3:6\xa9@\x8fG\x10\
\xab\xcd5\xf6\x1d\xa5\xdf\x82\xd1\xe6\x9f\x83\x81,\x93\xcf\
L\xceX\xa02TU\x82\x8b\xee\xe97\x10\xac\x1b\xe6\
\x19\xcb\xe5\x11\xf3\xf2\x88\xe5\xf2\x80q^\x808\x01A\
&\x15\x04dGI\xe9\xbai\x05J\xe7J\xed6p\
2G\xb8T\x1d\xff\xb8\x16\xd9_0\xc3\x9e7l\xeb\
\x0a\x98a\x9e\xa9B\x9c\xe2P\xf3\x82$]\xa9f\xed\
\xe7(\x0e\x09\xe7\xbe\x9f[x\xfe\xc9\xd4\xcf\xa7\xad\xd6\
\x0e\xcc\xa3\x83\x1bJ\xe8\x86\x18a\xa0T\xabey\x09\
v@\x5c\xfd]\x8a\xd1y\xd0\x09\x00\x9et\xd2I'\
\x9d\xf4S\xa6\x13\x00<\xe9\xcf\x85\x8a\xec1\x11\xf08\
2\x19\xed\xaf\xb7\x03\xc8k\x1e\x0c\x9b-\xc0\x10\xe4\x9d\
\xb1c\xfa\x9c\x11\xf7?t\xcc\x02O\xbe~\xddl\xcf\
8\x07]\x19i\xd9#\x0a\x90\x94\x99\x98hg6\xeb\
\xaf\xfe\xe7mc\x9au\x1c\xd6\xa1[Ao\x90\xd7\xb5\
\xde\x1b\xd3\x98K\x98\x88\xb9p\xdbH\xce\xf9\x9b\x98\x9e\
Z\x5c\xcd\xa0]\x9a\x1d\xef[\x5c\xca\xe4\xf4`Ae\
\xd6Z\x10\x80N\x02\xb0c\xcez`\xad\xa7\xbe\x1d=\
B\xf1Z\xba\xe3\x8dz\x8b|\xfc\xfcZ\xa1\xb5!\x1e\
V\xc7\xd8\xbb\xb7\xcb\xaf\xb6\xe2\x0be\xa0\xcfG\xd1\xd8\
W-A\xd0\x94(@u\x0c\xa3'5N\x9bk`\
\xa9_\xac;^\xa5\xd3\x05\x19S\xd9<3\xe3\xef\xe5\
\xf2\x80o\x7f\xfe+|\xf8\xfag\xf4\x16\xea}\xf9#\
#\xf6\x87\xba\xce\x0c{\xde\xf1\xdd?\xfe\x1a\xbf\xfe\xf5\
\xdf#\x0e\x03\xde\xbd{\x8fy^0\x8c\xd3Q\xdd\xac\
k\xefq\xbd\xbd\x06\x00\xbfD\x1e\xbf\xa7~|\xee\xe9\
K\xe1\xffT\xba\x9f\xa7\xaf\x9fu `)\xda\xdf2\
J\xdeP\xf6\x1d9o\x92\x14,\xb2G(\xa9Hg\
\xfe\xc50\x9bo\x09\x87i\xe6\x80\x9c\xe6X`\xdc\x18\
\x22\x86\x81v\x19c\x1c:\x1b|\xb5f]>\xdc\x1b\
\x83\x0b\xe7\xf8ZS\xa0\xdb\x86cT~\x04\xa1\x9a\x22\
AJ\x82`\xde\xa7\x92\x033\xaa\xf8y\xbbc\xa4D\
\x1b:`\xd1\xf33\x18n\xeb\x8aO\xdf}\xc48\x0e\
\x18\xc6\x01\xfb\xb6\xe2\xe1\xf1\x1d.\x17\xda\x02\xbc\xef\xdb\
\xbe?{\x000\xb8\xa3\x8fB\xfb}N\xc1%\x03\xbb\
\x8fI\x90\xa4\x9d\x99T\x97\x03\x903AZw\x8e\xb0\
\xef\x1b\x00y\x12\x0e@\xc9Tg6\x18J\xde%)\
\xc8\xfa\xf4y\x07\x1f\x16\x01>\x06\x02!T\x9b\xa6\xb4\
\xd88\x8e\x00\x82TB9\x1eQj\xc6Y\xd2\x87)\
\x04L\xf3\x8c=\xf3\x03\x9a{\x0e.9\x03!`\x18\
\x06:E\xd9w\xa6\xc9\x05!p\x9f\x81e\xbe[\xd4\
\xdf\x9c_\xb43h\x02\xf8|\x12x\x7f\xaa1\x0d\xd8\
\xf3y\xe2\xfd\xfdj\x0c\xa4jk\x00\x82\xa4\xe1D.\
\x9d\xc7\x1b\xb4\xb2tk\x9a\x0f\x0cn\xfb.\xb7f\xee\
\x975\x03\xed\x9f\xd0\xde\xcb \xaf\xb3\xe2\xc0X}\xcf\
\xcb\xe72\x08\xc8\xd5\xec\x14\xee}\xe1\xe5R\x92\x8f\xe5\
P\xcb[5\xed\xd4w\x19\xdd\xd8\xb7]\x9f\xf9\xb5\x09\
\x0c-\xe0:\xaf\x00\xa2\xb2\x0a\x1a\xb3i\xb9H\xad\xf7\
\x1d\x86eA\x1a':T\x8aC\x05\xd7\x10#\x10\xb8\
v!\xe9\xe8\x94F\xae\xc1\x80\x06\xfc\xdd9[\xaa\xf3\
\xbe\x86\x93B\x08\x94\xda\xden\xd8\xb7\x1dC\x1apy\
xDJ\x94\x04\x0e\xda;B$h\xd8NLV\x0f\
E\xc4\x05\xfbsWA\xb1\xa3\x07a\x93\x0dG\x96\xe7\
\xaa\xce\x05\xa9zq\x07 /\xee\xa6\xf7\x86\xef\xdf'\
\x00x\xd2I'\x9dt\xd2O\x9aN\x00\xf0\xa4?\x1f\
2\xec{\xc6\xbeS\xb2\xa3?,\xf3 \xce/\xc0\xfe\
\x05\xbe\xffs\xe6\xae\xc5m\xe0\x9f\xdf\xfb\xaf\x97\xc5C\
\xbc\x0e\x97\xc6/\xd4\xd2\xb2\xd19\xf3m@\xad\xf2\x22\
.\x01\xd81\x8a\x0ay\xed\x14\xc4\xc8\xedugXr\
\x7f\xb8\xcb\xdf3\xf78\x87\xfa\x1c\x89y*z\xc7\xf8\
\x1e\xc08\x8fS+\xdd\x1e\xbcU\x8cS\xf0|\x8c`\
\x97\xf5\x91\xee\xf2:\xa6\xbd\xcfIyt\xa5\x05\xf5\xbb\
\xd7\xdd\xe3(\xe2\x9b\x95:\x8e\xdd\x91\x0e\x0c`\xdfO\
wIT\xea\xa13\xbc\xb87\xf3\xb7&\xd1\x84^\x02\
\xb0\xcf\xab\xeb\x0es\x00\xb6\xcb\xfdu\xb6zr_7\
3\xa9\x87u\xc0\x8f@\xa0yZ\xf0\xcd\xb7\xbf\xc0W\
\xdf\xfc\x0c\xcb\xf2 \xe9\xa5\x1f?\x99\x19^\x9e\x9f\xf0\
\x9b\xdf\xfc=\xcc\x0c\xf3L\xa9\xbf4\xb8\xaa\xebq\xd2\
\x87\xba~\x14\x1e\xd0\xbc\xff\xf2\x06\xf0qx\x03\xbc\xf3\
\xb0:\xd6\xf7Q$\xb1b\x0e\xb4\x7f\x0f\xf5\xeb\x0do\
\x94y\x7f\xefa\x8d\xda\x1cl\xcf4\xb3\x0e\xfb\x99\xa4\
\x9b\xf3N 0\xef\xb0\xb2\xc1$5\xc6\xfdJ\xd2=\
)\x22\xa6ALv\xb3\xe9\xe5\xa5\x84\x10\x11\x03\x99\xf8\
\xea\x9d\xd9%\xc8\xea\xc4\xed\xea\xd8\xad[eU\xbb\x9e\
\x14*`c\xe1n\xddv}\xec\x00 \xed\x00:\x5c\
\xa0\xf1\xe8\xf7f\x07\x0b@\x9bxA\xe1E\xb6\x01\xf9\
\x0c\xd8\xb6\x0d%g\xecy\xc3\xbe\xae\xb8<<\xe2\xe1\
\xe1\x11\xc3@\xa9Hc\x86-\xdf\x0a\xda\xb0\x5c\x02|\
,'\xdc}$\xf2r\xc0V!\xe7\x82\x94(\x05H\
[e\xec\x8f\x18#\xb6m\x03@;i\xd5\x19\x03[\
\x86$\xc7$\xfc\x98%\x89C\xf5K\x81!I\x92\x0f\
\x9ak\xb9\xb8\xfdG\x02\x1dQ \xa0i\x03\xda\xb7\x8d\
u\x0b\x94\xf2\x0b\x02\x08C\x08\x04i\x86\x01)q\x10\
B\x08\xf4*\x1c\xe9p\xc4A\xd8\x94\x06I\x1br_\
1\x10\xc8L\x11XoW\x84H\xe0\xd2AA \x13\
\xe8E\xe0\xde\xa4\xd9 \xa8\x86}\xac6y[\xf8\xc3\
g\x15\xbccg\xb2\xaf\xcd\x08\xb4Y\x07\x16\xa9\xd7\xaa\
\xa3\x16\xbf\xaf\x00\xa3g\xa1\x98\x15pT=\x14\x87E\
\xfb{\xbd\xd5\x09\xe0\xbc\x22\xe0vw\x1e`\x86\xdcw\
\x05\xc6\xb1=\xca\xd6PAA/\xaf\xc0\x9d\xca(\xaf\
\x9a\xa6\xe5\xcd\xea\xb5z\x10\xcc\xed\xe2\xa8>V8\x1e\
t\x0e\x93\x10\x87\x09\xf3r\xc1\xfc\xf0\x0e\xd3r\xc10\
\xcc\xf4\xd6\x1b\xe9\xb0\x03\x9a\x17)$\xdaA\xf5\xb5^\
\xd7<\xd7}\xaa\x92z\x5c\xf7\x06\xae]\xae\xb9\x06\xc2\
\x1d\xf6\xa8\xc0\xff|\xdd\xad\xdb\x8a}[af\x98\xa6\
\x19\xf3\xb2`p\xc7MAsM\xf9\xaaIu\x13P\
\xaf\xd7g\x80Q\x85Y\xe5\xf9\xda'\xd0\xdd\xfa\x88k\
Py\x18\xe8\x08\xc7\xa8\x1d\xe2\x9e\xbbK)'\x00x\
\xd2I'\x9dt\xd2O\x97N\xf0\xef\xa4?723\
\xac\xebJ\x95\xaa\xee\xa0~\x0f\xf0\xb9$L\xaf.u\
|\xaeC\xb7\x1f\xf4\xc5\xe85r\x1bL\x94\x16\x848\
\x14\x1d\xeb+\x10\xa0`2\x96\xca\xc7\x99L\x9ee\x1b\
\xf0\xe0\x87\xe9\xfbC5%+\xfc\xcc\xac\xeb\xfa\x5cW\
\xd6\xca\xefR\x8b\xbe\x00J\xf4'\xe0\xfe\x91I\x9a\xc3\
\xdb\xde\xe7{wj\xae\xb7\x87\xf4\xddmej]\xda\
\xa7\xcb\xb7\xeb\x0b\xc0\xa5\xe2Zzg\xd8j\xb9\x0cT\
\xa1\x9e\xefk\xf2\xbc\xbf\x9f\x98!\xe3:#\xc7\xb1\xf8\
\xbe\xf4\xde\x96\x9a\xa4\xbb\xef\xc9\xc4\x88\xb7\xac\x1aSx\
\xa0\xda@(rkW\x9f\xb6\xdd\xf7\xd7\xbcw)V\
X\xa6\xe4_\xc7P\x0e\xe3\x84\xaf\xbe\xfa\x16_\x7f\xf3\
s\x5c\x1e\xdf!%\x82\x1c?v23\xbc\xbc<\xe1\
\xbb\xdf\xfe\x06\x000M\x8b\xa4\xd0\x5c]\xcd\xdbH\xf0\
\x09u]\xdd1\xad\xaf\xee_\xd3\x97\x9e\xbf5\x9c\xe8\
\x80;\x7f\x1e\xfc\xbf7\x13\x1c\xa9J\xc4\xd9\x11-\xe3\
|z-\xf9\xd7H\xa0\x88\xe2\xde\xff\x95\x92\x01\x13\x10\
\xb8o\xd5\x8bl)r\x1c\xe0*v\xb1\x03O\x03A\
\x814\x0c\x18\xc7\x99\xf6\x14\xd5\xc7m\x85J\x9aO\xc0\
\x8e\xd8\x7f>\xf7\xba\xf6{\x94\xc8`,\xa7\x9b\xd3@\
\xeb\xa7\xfbv\xd6\xb6\x07\x02\x10n\x0f\xad\x96&\x09F\
\x93\xd4\x9bi\xdf\xa9=\x18\x02J\xceH)\xe1\xb6\xad\
x~z\xc6\xb6oH!\xe0ry\xc0\xb2\x5c0M\
.\xf5\xa4\xfdYI9\x1cG\x000\xcb\x93o\x94\xfa\
\xaf\xbfo\xaa\x84\x93\xdaX\xe4\x99x\xcf\x99\x8e8\xa4\
\x92\x0c\x81Yn\xcb/H\xc56J\xcd\xd7\xaf\xb7m\
C\x1a\xa8\xc6^v\xd9\xb0=\xa8`\xaa\x9d!b\xdf\
vL\xd3\x88=\xef\x04r\xd4_\xc5\x0cy\xdf1\x8e\
\x94\xfc\xba\xddnH\x89u\x18b\xaa\xa0^\xce;\xe6\
i\x82\x99\xc0\xd6\xc0~\xa5\x9asD\xc9R'\x0e\x94\
\xb4\x07hs3 \x08\x00\x0c\xc8\xbb\x03Z\x19\x86\x15\
e\xdfQ2g\x07}\xed:\xd2\xc3\xce\xf4q\xaeR\
|\x9a\xaf\xa1\x97\x02\xec\xe7\x8d\x87\x1b\xdf\xb2\x80\xec?\
j\x1ef\xe5\x1f\xba\xbc\xd1\xa9\x05\x9b\xd4m9I\xf4\
>\xb7\xb6\x7f\x13t$D\xc9g\xa5U\xd7z\xd5c\
\xfd*\xdc\xd7\x9f\xab\xe9z]k:\x0f\xf75\xd9\xa9\
\xfd\xb6>\x90\xca.\x0c\xa1\xb4z\x98I\xa2\xdb\x00\xc8\
\xa6\xa7\x19m\xf9\xa54a\x9a\x17L\x0b\xed\xf8\x0d\xd3\
L\xe7\x1dU\x82\xcf\xff\x22B\x1a\xb8\x9e}m\x0b\x88\
s\x80\xdd\xd5\xc1C\x084\x01\x18(\xd1\x1fd>\xc1\
?\x92\x04\xcd\xbd7\xf7\xc5\xd0\xd6\xfd\xbe\xefX\xd7\x1b\
\xf6\xbc!\x0d\x03\x1e.\x0f\x98\xa6\x89\xe5\xf5\x12\x84\xa2\
\xb6\xe6)q\xe8\x1fj}\x8f6+\xc8\x8aR\xcb\xf6\
\xfe\xed\xe2Ag\x9d\x00:\x8br\xa9V\xda7\x14\xf0\
}\x02\x80'\x9dt\xd2I'\xfdT\xe9\x04\x00O\xfa\
s\xa4\x9c3\xd6u\xadR\x80\xe8\xa44\xf8'\x09\x86\
7\x81\xc1\xbbCy\x07\xfa\xf1 ^\xa4\x22\xca\xc3\xbd\
\x9f\xf1\x1b\xb3\xc8\xc3yp\x8eD\x11\x9c\x81m\x0c\xa6\
\x8e\x9f&\x15\x1a\x1dh\xfbC\xf5\x17\xaf\xc1t!\x08\
\xb0\xaa\xf7\x8a\xe0\xfc\x8c\x83\x09]y<\x1ew\xf9(\
\xfe\xe1,\xfe\xc6=\xd38\xb0\xd92\xaa\xed\xb8KR\
\xa96\xb3koGMr\xe8\xf5\xc3zg\x0e2\xdc\
%\x165\xc6\xe1>\xec\xbe!\xa8au\x8c\xba\xb8\xc1\
\xd8\xb6VN\x9f\xaf\xa4\x8b\x02%\x10\xdb\xe3\xb7@C\
\xce\x81.\x12\xaf^W\xb3>7gZ\x81V\x96\xea\
\xc5t\x1e\x8f\xd7^^\x05&\x5c\xc2F^<a\x86\
\x18\x12\xde\x7f\xf8\x06\xdf\xfc\xec\x97x||\x8f\xe1G\
\xac\xfa\xdbS)\x05\xcfO\x9f\xf0\xe9\xd3\xef`\x08\x98\
\xc6\x111\x8d\x15\xfcs\x80\x05\x15\xfc\xf3u\xd7\xd9\x01\
\xfcB?\xdc\x87{?\xdf\x87\xff>\xe2\x1cj,\xae\
\x03{\xbe\x0f|\x89\x98\xaa\xbb\x7f\xa3\xfc6\xb7qH\
q\x9c'\xfd\xbe\xe6i\xe8\xb4\xa2\xe4\x8c\x5c\x04\x16\x97\
,\xf5Q\xeemT\x9f\x0d\x88q\xc08/\x98\x97\x05\
\xe38\xd3I\x86\x97\x11ja\xb5\x0a\x86\xa3=?\x9f\
\xcc\xbe\xd7yo0\xa9V\x98\xd6\x8d\x83\x86\xde[\x0e\
~Q\xd2\x8cv\xbe\xa0>\xe4\x5c\xe7\xda\xad\xfd(\xf5\
\xe1\x18i`\xc1\xcbX\xf7\x8d^\x9f\x05\x829\xc8y\
\xbb\xdd\xf0\xfc\xf4\x84\xe5\xe1\x82\x18\x02\xd6\xdb\x0d\x0f\x0f\
\x8f\xb8\x5c\xe4\x0cDu\xf3.>\x00\x9b\xeeL\xaa\xef\
\xdfN\x02\xc9\x01<\xe8=\xc4=\x9a^\x8c\xe9\xf5\xb7\
\xd9\x89UW\xa3\x94B/\xc1\xfe\xc1\x09@.\x19\xe3\
0 \xef\x04\xf3\x00J3\xe5\xb2\xe3\xf3\xd33.\xf3\
\x82i\x1ai\x133\xb7<SL\xd8K\xae\xa6&B\
\x00\xb6\x9d\xe0Q\x8c\x01\xe38\xca\x19\x16\xd5\x8f\xb7m\
\xc38\x8e(\xa5\xa0X\x16\x18D)\xaa\x9c3\xbd\xb7\
\xc6\x08X\xc1\xf5zC\x8c\x09\xd34`\xcf;\xf2\x9e\
\xe9Y;\x0d\xdc\x87\x00J\x18\x0a\xf4\x84e\xac\xb7\x1b\
?\x92\xd9\x86}_\x05\xd0\xe6\xa6\xf6\xaaw\x8b\x83}\
\x0d\xf4\x91\xcdG\xc9\xe8\xf2\xbd\xaa?8\x90\xa6\xe9\xe0\
\xf3@\x00\x9cy'\xd6<\xdb\x5c\xf3\xb4\x01\x92\xa0\xd3\
\xbdw<\xcbQ\xb8\xf6Q\xabQ\xacJ\x1f\xd6\xe9o\
F\x89J\xcdiJ\x1c\xaa\xfe]}\xfd\xa3\x0c\xacT\
\x80\x9f\xb1<\xba\xce\x16\xde\x8fJ\xdb\x87\x07\x03b\x0a\
H\xc3\x8cq~\xc0ty\xe4\x87\x8fq\x02\xe2\x08D\
\xd9\xf2\x0b\x01)\xba\xedS\x02}1\xcako`o\
zx\x05\x00\x05\xf8\x05H\x1a\xd0W\xa3\xe6\xaf\xafM\
\xce\xe7&\x95[\xfb\xfe\xb0G\x11\xac+\xa5`\xdb7\
l\xdb\x0d\x08\xc0<\xcdX\x96\x0bR\xb5?\xda\xf64\
'3\xab\xf3\xbd\xeda\xd4\x880\xcd\x09\xda\xf1\xa3-\
\xcc\xfa\xfece\xebX\x96R\xb8\xf6\x13\xd5\xf4\x8b\xdb\
\x0bTuO\x00\xf0\xa4\x93N:\xe9\xa4\x9f$\x9d\xe0\
\xdfI\x7f\xaedR\xf9\xa0\xc7\xc7#\xc0\xe7\xf7\xfe\xc5\
\xbe\x0f{\xeb\xcf\xf3\xd3\x05\xc3\xf5/\x00\x92Fq\x84\
\xaa?\xd0\xfa\xf1\x9e\xe7R\xc6mO\x0f\x87_?\x0c\
+\xe8\xd5\xb3N\x22\x8fy\xb5k\x8f\x03\x1cUw\x0f\
*y\x9e\x9f\xf2\xe9A\xb7C\x8d\xbbl\x0f\x87\xe3\xca\
\xcf\x93i\xe9\xe9\xbe]P7\xd4\xfeQ\x15\xda\xf3c\
\x0e\x0e\x8c\xf8\x19^=N\xaf\xaeb\x92`\x04\xdd\x82\
$\x19\xcd\xebz_\xc9\xfb\xfbW\xc5\xb5\x1b\x0fw\xc6\
\xb9\x85\xdf\xb7\x10]^\xde\xfe\xae\xf0\xbb\xe8}\x0f\xb1\
\xee.\x8d\xd2\xc7\xea\xcb\x11\x93\xa7\xb8>Vf\xfc\xaf\
1\xc4\xc7t\xfc\xf5:8\xb3X\x08\xf2\x08\x0cy\xf7\
\xfek|\xf3\xed/\xf0\xee\xfdW\x18\x87\x89\x0c\xdf\x8f\
\x9c\xac\x14|\xfa\xfc;<=}F\x8c\x03U\xca\x92\
K\xae\xc8+\xa4\xcf\xe3\x8e\xc9\xacR,u\xc2\xb7g\
\xf6\x86\xd4\x1e\xaf\xeaJk\xd4Kuj\xc9\xd6\xb9\xd4\
\xc7\xf3\x00f\xd3\x05\xfd~\x00\x10]\x92\xben\x8d\xec\
\xd5|B77t\xd7\xf60C\x07\x5c8\x13Mi\
2TI\xc0\x0cX@\x1a'L\xcb\x05\xe3450\
\xcc\xee\xf3\x86\xa0\x8e@h\xcc$\xbd\xdb\xf5\x18g4\
;\xa0\xb5\xe9 \x12\x0b\x08\x5ckO\xb9\xc2)\xd1Z\
\xcdw\x01u\x9f\x22\xb0\xc0\xb2\xe5\x0c\xa0\xd0\xc3n\x96\
\xe4\x1fd\x070\xc4\x88\x9c\xe9\x9d6@\x0e\x07\x00l\
\xfb\x8em[\xa9\xfb\x1c\x80\xeb\xf5\x059g<<<\
\xe2\xf1\xdd;\x0c\xe3\xa8A`\xbf\x85\x0e\xc0\x84q\xfe\
\xc1?\x0c\x05`\xcf\x19Vh\xcd\xc1\x01\xbc,@\xcf\
\xe3\xfa\x18\x86\x10\xb0\xef\xbb\xe6(\x1b\x17\xe5$\xa4\xc8\
\xee\x1e\x818:\xdd`;8_\xf2\x9e\x11SDL\
\x11\xd7\x97+\xe6ib\xfb\x02$a'\x93\x12\xe6\xce\
;\x5cm7b]\xa9\xfe\x1b#U\x85\xdd\xa1\x08\xa4\
*\x0d\xc8#\xbd\xf6\xa1\x9c\x0b\x06\xa9\x03\xe7\xcc6\xa4\
\x14\xab:sL\x11%\xd3YH\x8c\x01\xd34c\xcf\
\x85\xde\x80\xcd\x10d\xaf0\x04\xc3\xb6\xae0\x0bH\x89\
c\x90\xb7\x8c\x98\x0c\xebv\x85m+B\xd9\x05\xda5\
'\x22\x99\x03Y\x05\xf4\xb8\xf7\xb3n\x94~\xe3s\x1f\
o(\x9c\xf9\x14\x7f\x01\x91\x0e\xfb%\x01e\x0b\xeeL\
\x04\x9a\x9fZO\x870~P\x81\x19\x8a\xf2c\x98\x9b\
\x16Q\x8d\x94\xd0\xb5\x00\xcc\xd7w-\xcf\xd7!\xeb\xc2\
4\xac\x0f[\xe4\xcf5\x7f3\xd3\xb2N\x5c\xab1&\
\x0c\xd3\x84\xf9\xf2\x88y~D\x1a\x17\x04\xa9\xe0W\x89\
\xdd\x18\x05\xde\xc9\xcb\xb6>x\xc4\x0a\xf2\xd1A\x8c\x83\
\xe9\x15\xe8\xd3\x86\x19B@\xf4\x05\xe7\xea\xbfz\x1d\xb5\
\xfdGiu{\xbf/\xf9^\xa87^5C\xb1\xed\
+r\xde\x11c\xc4\xb2\x5c0O\x0b\xcb\xeb\xd4\xd8\xfb\
\xfcj\xf7\xd5A\xec>\x22(\xa8\xf5k\x97\xb6s\xf8\
\x11C@.E\x92\xb2\x04\xa6\xf9\xd1\xc3\xa8\xde|\x02\
\x80'\x9dt\xd2I'\xfd\x14\xe9\x04\x00O\xfas&\
3\xc3\xb6mX\xd7\xf5\x0d\x80O\x8c\x80\x95*\x0d\xc1\
\xc3\xe7k0\xd0\xf3\xea2\xaey\xe8\x8c\xdc\x18\x08\xe8\
\xcc\xda\xb0\xbc;\xd2CgJ\xfb\x83u\x14\xeb\xec\x87\
k\x1d\x5ck2\xf0\xe4\x1d\x04\x00\x1e\xb0F\x7f\x8c\xc3\
\x99\x99\x97^d\x1fG\x07\xea\x00W\xc9\xed<%\x86\
\xc6\xa4{\x5c\xb6\xf05\x99\xc0\xad\x16\xd0\xfdt\x0f\x18\
O\x0c&\xb3\xebH\x8c\xdc1\xa4\xd6\x0f\xc2V\x01T\
u7\xbf\xf5\xf6\x05\xf4\xd2A\x1e\xe0\x0d\xef\xc6\xa6\xa6\
\xbc\x0fot\x18k\x86\xbc\x8a\xf7\xaa7\xfa&x\x1b\
\x15\x0eI\x9a\xf0\x913v52\xcb\xab\x00\x07\x9f\xbb\
\x1aY\x10\xa3\xc8\xb4\x9e\xc6cu\xcd1\xa3\xcd-\xd9\
\xa1\x8a)\xe1\xdd\xbb\xaf\xf1\xf5\xb7?\xc7\xbbw_\xd1\
\xe9\xc7\x9f\x01\xf8WJ\xc1\xd3\xe7\x8fxz&\xf8G\
\x1bt\x5cG\xce\xf0\xfa:\xf6k\xae\xa1\xc0\x15\xd51\
\xac5\xfcn>\xfa\xac\xb9\xbf\xee\x9f{`P\xc0[\
\xf1\xf4\xa8\x85\xdf\x95\xd3\x93\xdd\x01\x90}^\xfd|\x0c\
\xbfGz\x10^D\x9d3\xfdo\xdb\xb7|\x0f#\xf0\
G\xe0\x22\xa5\x01\xd3\xbc \x0et\x0eP\xf39\x94\xe7\
\xd7l\x8c\x09 \xe3\x13>k\x00 \xd3\x8bmg\x7f\
k>\x07W-\xf4\xaa\x06\x028\x01\x02\x13\x95\x96\xe0\
\x98\x03\xe8\xb2\xdd\xc5\x0d\xb0\xd61\x17\x82YU\x8d\x19\
\x1c\xdc\x18S\x03|\x94\x17\xe4)\xbe\x98a\xad\x1f\x87\
\x08Z\x99\x01\x8f\xef\xdec\xb9\x5cX\x86\xd6\xa4\xb7\xaf\
\xaa\x9dv}Z\x8c^\x80\xe1m\x92]@+D\x04\
\x93\x1c\x7fd\xa9\x1e[\xb5YFI\xc4\x5c\xf8\x0e\x89\
)\xa1\xec\x19!F\x94\xea\xdd\xd7%\x08\x09^x\xdf\
\xe6\xbcW\xfb\x7f{\xde\x05\x80'\x94R\xaa\xaan\x1a\
\x06\xda8\xdcv\xda\x0e\xf4\xf9*\xc9\xae\xf5\xb6R\xad\
8p\xb4\xbc\xde\x000\x0e#B\x0c\xb8^\xaf\x98\xc6\
\x11\xfbN\x07$\xaeV<\x0c\x09\xdb\xbaR\xd5Y\xf5\
5\x07\xfd`\xf2\xc0J\xfbo\xc1\xc75D\x98\x15\x8c\
\xc3\x88q\x18\xb1\xed\x1b\xe2\x90\x90\xb7\x15\x09\x05\xb7\xdb\
3\xf2\xbe\xca\xc9\x07a\xb6f'\x10M\xd5\xdb\xdf\xbd\
\x1c\x00\xfd)\x0a\x8c\x0e1\xd0\x01\x87\x9a\xf3JP\xe3\
\xd7\xfdU;i\x81\x0b\xebs2\x1a\xf4~W\x99\x9e\
\x94\xb9\xd0y\x8b\xf9\xb3*%\xd8\xea\xc54\xa5\xaa\x18\
wUe?\xd7<)\xd9\xc7\xf2\x14!\xf3:\xc4\x88\
a\x1c1-\x8f\xb8<|\xc0\xb8,\x08i\x04\xe0N\
{\x5c\x0d\x5c\x1f?\x22\xd5f\xdd\xc6\x1f\xc7V\xbfz\
\xe6\xfb$gR\x00\x02Aa\xae\xcf\xb6?r\x8d9\
\x00\xa89\xc2\xd6ug\x10h\x5c\xd9gz\xc4u!\
'$\xa5P\x1a}\xdbwl\xeb\x0d@\xc14-\xb8\
,\x0f\xd5\xde\xe6[d\xdd\x0b\x94\xdd\xd2\xed5\x1a\x08\
\xce\x05\xf5\xa9\x9f\xc5T\xc5\xa4}\xc3\xb4\xbf\xc5\xc8\xb9\
\xae\x94(9\x9f\x00\xe0I'\x9dt\xd2I?=:\
\xc1\xbf\x93~\x0ad\xb2\x07x\xbb\xddtP\xf5\x83c\
\x03\xfaJij\xc2.m\xe5\xcf\xfa\xf8\xbai\xe1:\
\xf8#@_\xfd\x19%(\x1eo\x0c\xb0Ho\x89\xfe\
0H\x15\xd0\x01\x09\x9ely\x98\x06\xed\xc6\xf1\xa9\xb2\
\xf0C2O\xdc\x80\x83i~\x0aw\xea\xcagiw\
\xe0F;S\xb3\xce\xaa\xa3X\x81\x1a\xcd\xe3\x99\x97\xd3\
\x8e\xfe\xaf\xa9;\xfc\xbf\xa2\xae\x0c\xa0/\xa0\xe5\xc8\xbe\
\xba\x0b\xb7;\xe9E\xc8\xfbc\x8d\xda\xca\xf4\xf8\xed\x99\
\xa7\xe1\xb3C6\x87V(\xbd\xd9!\xbf\x16\x86VZ\
\xdf\x86\xae\xdc\x9a\xca\x19\xc7\xa0\xf1)]\x7f\xd5\xf9\xc2\
\xbf \x0f\xc0\x0c\xaf\x91TA1\x91F;S\xa88\
\xa6G\x0c\x15\xe5\xa4\x1d\xaa\xbe\x0d\x05(\x19@AJ\
#>|\xfd\x0d\xbe\xfe\xe6\x17\xb8<\xbc\xc30P5\
\xf6\xc7N\xa5\x14<\x7f\xfe\x88\x97\x97g\x84H'\x14\
\xf7Lk\xff\x07__z\xe6cw\xcft:\x10u\
\x98\x1e\xbf\x87\x0c\xcc\xee\x87\xa4\xb3\x0e\xdc\xbb\x0f\xabk\
\xf0\x8b\x8c\xf0\xef\xc9\xfc\x8e4c\xfb\x9b\x9aG\x03\x19\
\xba\x0f\x1c\x922\xabs\xa4g\xb0;\x00\xfe\xf7Q_\
\xcf\xbe]\xe8\xfbJ\xeb\x84\x8c\xb8\xda-\xabpP\x1e\
1\xd0\xf6]\x0a\x896\xfe\xe4\xcc\xa2J\xddY\xa9\x92\
|.%\xe8y\x99\xbc\xe6B\xaa\xab!\x10\x08\x81\x80\
\xb4\x94\x12\xb6\x9d y\x8c\x81&\x22\xdc\xa6\x9e\x80\x9a\
\xcb\xe5\x11\x0f\x0f\xf4\x06|@\x14:\xf2w\x83\xb7\xb3\
\x94\x82\xdd?\x1a\xc9n\xdb8H\xaa\xcfUs\xb55\
l\xdb\x8e\x18\xa8\x86[`t\xccQ\xf7\xfd\x08(\xdf\
\xe0\xef\x14\xa9~\xb2\x0f\xe9\x98!FJ\xdf\x99\x80\xc5\
\xbddL#\xed\xf01\x1f\x02\x8c)%\xec\xdb\x0e\x80\
\x00\xa3\xc1\x90KA\xdew\x0c1a\x18G\x14#`\
\xb8m\xf22\x9c\xe9\xad6\xa6\x88l\x85v\xffJ\xc6\
\xbe3\xbf4$I\x8fJ*p \x10\xb9n\x1b \
\x1b\x8b\xc3\x90j\xdf\xfb\xba[\xd7\x1b\xf6}\xc3<\xcf\
\x80\xd7#\x1b\x864`\x1c\x12J\xd9\xb1o;\xf2~\
\xc3\xb6]\x01\xdb\x0f\xf3\xcfA\xeb\xd0\xcf\xb5\x0ad\xb3\
\x7f\x8b\x804\xee\x85\x9a\x17\x02\x8f\xe0\xe9<\xa9i\xcf\
\x0d\x1a7\x06\xf2\x19\x08\x88\xea\xaaM\x01\x93\x87]\x98\
\xe6K\xdb\xaf\xdd\xf3W\x81\x01\x9d\xd4\xa7\xcf+\x16\xe7\
k\x8ey\x04s\xd5\xf1f\x1b1\x84\x884\xcc\x98\xa7\
GL\xcb\x03\x86\xf9\x01q\x9c\x10\x87A\xfbM@@\
D\x14\xf8\xea\xfb\x06\xe79\xcf\x04\xa1\xaa\xfa\xfa~\xa7\
\xfd\xc5M#\x98\xce\x16\xf5\x03I\xdb\x17\xfb\xebF-\
\x1f\xd6>\xba\xef\xb2\xba\x06\xac:\x05\xf1\xb9\xc1\xf7\x0d\
\xedH\x1a\xb6m\xc7\xba^\xa9\x06?\x8c\xb8,\x0f\x98\
\xe7\xb9\x96Y\xc7\xb4\x96\xc7\xb0\x96?\xff\xbc^\xe6\xeb\
n\xdf\x11b\x82\xb4\x9a\xeb\xfa\x19\xe4\xb8f\xdf7\x04\
}\x0chi\x05\x0av%\x9et\xd2I'\x9dt\xd2\
I'\x9d\xf4gBA\xcc\xd64\xbd\xb6}\xd6\x0e\xbb\
\xfda\xf9\x18\xa7'?\xbc\xfb\x1f\xc0S\xb190S\
\x1f\xf0\xcb\xbaN\xde@\x0c\x94\xe0\xf0C\xb3\x0e\xb8\xf5\
\xa7;\xc8\xf3\x80\xdf\x0cp\x1f\xc8\xef%=cb@\
\xfa\xc7\xfc\x13\xa4\xe7E\x88)\xf0\xf0\xbe\xadA\xf52\
\xd5\x05\xa15\xce\x9f\xc1\xd3Qi\xc8\x9bQ\x0b\xed\x93\
\x06\xf4\x17\xde\xd6\x96W\x8b\xa7:\x1es#u\xf1\xfc\
\x7f\xf3:\xf6a~\xd7\xf5S-\xbf\x96\xed\xc0l\xcf\
`89\xd8z\xa4>?\xa6m\xe5\x99\xa4L\x00I\
%\xf6}\xa59\xe2\x09]\xfa\xc0\xea_F1\xaa\x5c\
\xa2dX\xd9Q\xca\x86Rv\xfd9\x18a@\xf1\x06\
\xc7\xee\x0fdn!\xe6\xd5\x0aB\x11\xa0#\x03\xe7\xef\
\xde\x7f\x8d\x9f\xff\xf2\xaf\xf0\xb3\x9f\xff%\x1e\xdf}\xc0\
8N\x7f\x16\xe0\x9f\x19m\xfe]\xaf/\x88\xc3(\xf0\
\xaf1\xb0M\xe5\xcd\xe7\xf7\x91\x01\xfe\xa3\x12\xa7\xd5\xdd\
F\xf0e\xea\xe7\xd3=}\xe9Y\xcf\xf0\xbe\x15\xa7_\
\xf7\x1eWw\x9c\xf3\xaf\xe2\xd5\xd5\xc2\x95\x11\x12\x86q\
\xc2</\x98\xa6E\xd2[\x02>~O\xbb\x8e\xeb\xe3\
\xb8\x07\xbdE\xc6\xe5p`\xe4\xa1\xf5\xd9\xd6\x0b\xaa\xaa\
\x1e\x1c\xe8\xd3\x1eW\xaat6S99\xa0\xe5{Z\
\x1a(\xe9f\xb9 \x05*3Z\xa1\xb4\x0f\x01\x12\x22\
\xeatb\x120\xa4\x84,\xe9\xb5i\x9a\xb0,\xcb]\
\xfd\xde\xa6\xba\xd6\xd5I\xc1\xf7@\x07H\x02\xb0o{\
\x05\xca\xb2T\x85\x83l\x1a\x16\xa3\x0dY\x08\xf0\x0c\xf2\
b\x0a\xd9\xf8\x0b\x02,\xa9*,\x80\xa4p.\xd0\xc3\
\xfd\x8e}\xa7S\x83eY0\x8e#\xae\xd7+A\x8d\
@\xb5\xe7m\xdf\x01\x03\x92$\x09\xad\x14\x94=#\xaf\
\x1b\x96y\xc18\x8d\x04\x9e\xe4\xbc\xe4`\xcfPuM\
\x91\xfd\x03\xd9\x03\x1c\x86\xd8\x0d&;h\xbb\xddp\xbb\
\xbe\xa0\xe4\x1dCt\xcf\xb1\x91\xd2\x8e0\xdc\xd6\x15\xd7\
\xdb\x159\x13\xf8A\x88H\xc3H\xd5rN\x0a\xdcn\
+\x8aE\x8c\xf3\x05\xd3\xe5\x1d\xe6\xcb\x07\x0c\xd3;\x04\
$X\xa1Dh\x0c\xf5\xe5\xc6>i\xd3\xa6n\xc4>\
\x0e\xd1\x11\xfd\xd0\xfdv\xe3Fub\x91\xb57Q\xcd\
\xaf&9\xce\xeb\xe3\xdb\xbf\x81\x89\xa1\xbeG\x1cTl\
iB\xb59\xeau8\xce\xe0\x80\x82\x94\x02\xe6\xe5\x01\
_}\xf5+|\xfb\xab\x7f\x83o\xff\xe2\xdf\xe0\xfd/\
\xfe\x0a\xf3\x87\x9f!-\x02\x00\xe3\x80!\x8d\x18\x86\x19\
\xc38b\x18F\x0ci@\x1a\x06\x0c\xe3\x80\xa4\xbfa\
H\x18\x12\x1d\xbd\xc4$o\xddi@L\x03R\x1c\x10\
\xc3\x80\x18\x13\xa2\xbcw'\xd9w\xf4\xfd\x13\x90\x94h\
\xddK\x09\xe6z\xdf\xc7\xe0\xe0_w\x8e\xf0v\x05N\
\x0a\xa6i\xfbr\x0c\x91R\xaa\x9d\xcd@\xd7\xbap\xf2\
\xf8\x9eo\xbb\xef\xd6\x98\xca\xf3\xfaBNF\xf6m\xe5\
\xb8W\xcf\xbft\xac\xd3\xef\x1b\x0e\xda\xfb_\x08\xe1\x94\
\x00<\xe9\xa4\x93N:\xe9\xa7G\xa7\x04\xe0I?%\
*\xa5\x1c$\x01\x9d\xc9\xe3\xc1\xd0\xa5\xfeL\x9e\x81\xbf\
,\x01X\x0f\x91\xb0z\xe0uu\xa3\xca\x18\xe8\xdc\x1a\
\xe0\xa7}\x97\xcc\xf0x\x1d\x13\xe0\xde\x1c\xe1\x0c\x8e\xe7\
\xd3\x98\x92z\xf1\x050\xa0\x0f\xf3\xe4\x1d\x8b\xa3\x07\xed\
\xa8[\x99\xa7\xd7Y\xd5v\xbe\xa2\x8e\xaf1tu\xea\
\x81\x88zE\x0a\xfe\xb8\x8b\xdb3n\xce\x04\xf7@\x80\
\xd7\xc9\xc15\x8f\xe3e65-/\xc0\xb3\xbe\xab\x87\
K\x8b\xd4g}\xedX\x883\xf0\xde\xdf\xe8\xf3\xaeO\
:\xa9\x11u.\xf3\xf7:r.@\xe5Xe.\x8d\
m\x97\x9a\xa0\x03v}\xfc>\xafV\xa7v\xedWV\
\x99J\xcdCk\xf5\x0aH\x18\xe7\x01\x97\x0b\xed\x97=\
<\xbe\xc74/\x18\xdc6\xd4\x9f\x01\x99\x19^\x9e?\
\xe3\xe5\xf93Bt/\xbf\xf2\x22\xe9\xb6\xadB\xc7\xe0\
\x87 \x00\x10\xadG+#\xfe\x06yp7\xf4\xe1\x95\
T\x0a\xa9\x1b\xaa~IU\xd2L\xe8W\xef\xef%/\
\xa7_\xc7o\x95\xfd%z\x157t\x92k\xbev4\
\xd7\x02\x02B\x22S^I\xf3\xab\xcf%\x98\xab\xe8j\
\xee\xbe\xd1\x1e\x96\x1b\x0e\x1dg_\x90v\xec\xa3\xd5\x8f\
\x0d\x86*9\x05I\xb7ey:\x0d1!X\x81e\
*u\xa6\x94\xaa\xed\xb7\x00W+% A{\x97\x94\
\x96#\xa6\xd0$\x87b\xa44\x9c\x99\xc6\x94\x15b\x98\
\xc0\xc5}\xdbhO2E<>\xbc\xa3\x8d2I'\
\xbdE\xa6>-V(\xe1\xe7k\x1c\xc0^\xe4\xd5\xf7\
\xa0\xea\xcb\xfa&\x01\x8e)P:0\xef\xbb\x802\x82\
\x17!\x04\x94\xec{\x84\xc6\x11\xcc\x87\xe5q\xcd\x179\
\x1a\x81\x80\xcbl\x05\xb7\xebU\x1ea\x13B\x8a\xd8\xd6\
\xb5\xf6\x0d\x0c\x18\xc7\x11\xdb\xb6\xc1\xcc0\x8e#\x0c\x86\
m\xbd!\x84\x80i^\xe8\xd18g\x8c\xc3(\x90\xd2\
`\x99\x12V\xf3<\xd3\x89\x03\x80a\x98\x08l\x0a\xc4\
L)P\x1d\xd8U,Yq\x00\xc0\xb6\xad\x04Z\x22\
\xed\x10\xa6Dub\x9a)\xb0:!J)\xb8\xddV\
\x8c\x03A\xe9\x98\x06D\x00\xb7\xeb3n\xb7\x17Dd\
\x04\xd0Y\x0d@\x00\x8fc\xc0z\xb0S\x1c\xf4n\xea\
\xb8\xa8[\xb7J3\xdf\x87\xc1\xd0\xba6\x98\x86y9\
Y=\x17\x98\xf9zb\x99}>\x5c\x03\xad\x1dL\xa7\
\xbc5'\xeao\xa1\xe3\x133\xa0 `\x1cFL\xd3\
\x8c\xf9\xf2\x1e\xc3\xfc\x08\x0c#BH\x94\xcc\xd3\xb8\xc7\
\x14\xb8\x97!\x104\xf5\x0f\x1d\xda/\xda\xc7\xc3 \x10\
\x8eg\x09\xeb\x01:?7\xf8\xbe\x10\x02?\xe5\xd5\xf3\
\x84\xb7[\x00k\xd48\x0atn\xeb@m\x95t\xaa\
\xefq\xeds\x03\xaa$ \xaf\xd9\x87A\xb61o\xb7\
\x1b\xae\xb7+b\x8c\x98\xa7\x19\xf3<\xbf\xf9a\x96\xf3\
\x87s\x9fy\xf4\xe1\xadO\xb3l<\xc7\x100N\x93\
\x9a\xc7s\x9c\xd7\x9b\xe57\xed\x0c\xb6]\xfb\xc8\x09\x00\
\x9et\xd2I'\x9d\xf4S\xa2\x13\xfc;\xe9\xa7Hf\
\x94H\xb8\xdd\xaed\xb4t\xc8w\xb0\xafT{X\xed\
\x00\xdf\xdfW\xc6\xcc\xf3\xd3\xc1\xb91\x01<\x5c2\x9e\
\x83z\x1eW\xfc\x5c=\xde\xfaMwP\xd7\xbdUi\
\x86v\xb0\xaf)\x1b\xa6H2T\x86\xa1\xc6\xb1\xa3\x14\
\x82\x8e\xcc\xf5>\x00\x80\x18\xfc>\xec\xd0:\x81L\xfd\
a\xbe/\x125\x9f; \xf1p\xa2\xbe+\xf9\x1eD\
l'\xfbJd\xb1\xfc\xa6\x95\xe4\xa1\xd2\x8c\xf5\x0a\x1e\
\xae{r\xa6\xeb.\xb4fi\x0e&v\x099\x8c\xc7\
t\xad\x9e\xce\xb2v\x8c\x9f\x18\x1c\x83{u\xec\x937\
\x00\x19E6\xfdj\x86>\x94>OX!\xf3q\x10\
#\xc3h=\xf3\xa9q\x08\x01\xc3\x900\xcf\x0fx|\
\xf7\x1e\x0f\xef\xdec^.\x92l\xfa\x1e\xa0\xebGJ\
\xd7\xeb\x0b\x9e>\xffN\x92Ec]\x00\xe4i\x05f\
\x85~\x9d0\xbc\xa7\xd7L\xa6(p\xe6\xdf\xcf\x9f\xba\
\xc8\xde\x98G\xf7!_\x9a\xfe\xee\xc0\xa6\xae!\x0f\xd7\
\xf5}\x8d\xea\x98\x7f\x01|\xbc'\x9f\xc3o\x91\xefI\
\xc6\x1b\xc0\xa5$\x05\x0a\x9b\xbc\xab\xb22\xcaD\x15b\
\xdd|G\xd1\xa4\x0eB\x08]-\xaf\x15\xe4W\xba\xb5\
\xae\xef=\x07\xfd\x0a\xec/\xea\xf6\x00\x82v\xd9=\xe7\
\xca\xb1\x044~%\xef\x8c/\xb5_\x04z\xa2\xa5Z\
\xaa\x833\x04\xcfb\x8c\xb2UG\x9bd1F\x14\x18\
A\xb6\x18\x09\x0a\xe8Y)\x99\xbb\xb3\xec\xdc\xdd\xae/\
03\xe4\x5c0\xcf\x04&\x1e\x1f\xdf5\x07(o\x90\
uRF\xfd\xa0\xe7R\xb0\xe7\x1d)\x04\xa44\xd4{\
\xee\x15\xf4\xd0\x9bb\xc4\xb6o(\xd9\xe8xCj\xce\
%{;A\xa9E\x85\xa5\x94\xb4'\x14\xdak5C\
L\x89\xed\xad\xceO\x98w1:\x1f\xd9V:\xe7@\
\x00\xb2\x03\x22\x9a[L\x97(\xfd\xb7\xed\xb8<<\xe0\
\xb6\xae(\x99`_p\xf5hy0Ni@\x90T\
b)\x05\xd34\xc1\xcc\xb0n;\xc6q\xa8v\x0a\xc7\
a\x80\xc1p\xbbm\x98\xa6\x09\xeb\xed\x86q\x9a\xb0\xef\
\x1b\x86\x94P\x8a\xc9)W\xc6\xbc\xd0\xce\xe2\xedv\xc5\
<O\xb8]o\x92B\x04\xa6yA\x0a.1i\x00\
\x0a\xca~\xc5\xfe\xf2DU\xd9:\xe7d\xf1\xaf\x10\xa4\
\xeb\x9dvP2\xda\xa7\xac\xec\xdbZ\x0d\xa8c\xc8\xd9\
\xa9\xdd\xd9\xb4\xa7\xfb\x9c5\xa9\xe9\x9a\xab\xa9\xf7*\xc7\
\xdd\xc7\x1cy\x80\xf6|\x1d\xa85=\xa7\xfa2\xf3O\
i\xc0\xb8\x5c0.\xef0/\x8f\x88i\x80\xc5\xa1~\
\xb0\x08.\xe1\x06\xa9\xafkn\xc3=\xf5F\xed':\
7\xd4\xcf\x87\x0a39u\xf1>\x0a\x1eOk\x96\xf1\
(\xc9\xe9\xf3\x81k\x16\x5c\xf5\x8a[\x8c\x12\xeb\xfc\xd8\
\x12\xf4\x8c\xbd\xce6\xa9Lv\x5c]\xebmW\xeb\xf7\
0\xf6\xc1\x9ew\xbc\xbc\x5cQ\xac`\x1aGL\xe3\x84\
yn\xde\xc5\xbd.\xaaY\xcd\xd7\xb3i\xbf\xeckw\
:\x13\xaa\x8a/\xcd\x02\xd4\x1c\x027\xc8 G6\xdb\
\xb6!D\xcdS;\xbd\x00\x9ft\xd2I'\x9d\xf4\x13\
\xa3\x13\x00<\xe9\xa7JfdBn\xb7\x9b\x18\x1a\xf7\
\xe8\xd7\x80@?\xb8\xda=\x00\xd8\xfd\xfa5\x19\x05\x00\
.\xe1g\x8eru\x87X\x9d\x89\xc9T\x13Hs\x00\
\xd0\x0f\xee\x08@\x80\xc0\x1b1\x02\xe4\xee]\x92\xc9\x9f\
\xeb:@_\xee\xc9\x04\x18L\x88\x96G\xfe\x9e\xa3m\
\x7fV\xef\xa29\xa3\x0e%?\x00{o\x91\xb5\xf6\xf6\
\xa5yZv\x8b\x83\x07M\x22\xef@\x0e\xaa\xd6\x07]\
-Lu\xec\xfa\xbd\xd6\xcb\x99\xac\x16\xe5\x10\xcf\xaf\x1b\
Sq\xa4ZJ\xdf\xfe\xbb\xb1\x873\x1f\xba\xaeN\x00\
\x18A\xd7b:k^\x02Gjz\xd5\xf30\x1e^\
c\xe6\x1f\x00\x04#S\xe6\xe3\xd8\xda\xc5t\x01\x01\xc3\
0`^.xx|\x8f\xe5\xe1\x11\xcbr\xa1\xc4\xcc\
\x9f\x89\xa4\xdf[\xb4\xad7|\xfe\xfc\x11\x06\x10\x88\xa8\
\xc6\x9e\xb8v\x1c\xf0lj\xfc\xad\xe7x\xff\xfd\xd4\xcf\
\x8f\xc3\x5ciC\xf4\x07\x91\xa6@\x95\x0e\x05\xe0\x8bU\
s\xae\xd5\xe9\xbev\xdf7_\xef\xe9P\xce\xfd3\x9f\
\xc3`\x9c\xe8\xe0\x81\x87\xdd\xe7\xaf\xf5y\x0ckm\xe7\
\x9c\xbc\x03\x00}\xe2\xbeQ>\xe3R\xb2\x9a\x95l\xde\
z\x03\xf4\x1b\xd8\xdfd\xd8\xa5v\x1a\xdc\x01\x88le\
\xba\xd4\x5c\xa1=?\xe0Xw_\xaf>\xce\xb1\x03\x06\
\xab\x14\x13\x08H\xb2Jm\x04\x8a\xec\x87]oW\xbc\
<?aY.U\x95vYf\xbc{\xf7\x1e\xe38\
yIu\xb4\xbc\xbcR\xe8<\xaa/\xdf\xebC)\xc6\
BO\xba\xe3\x08\xc0\x90\xb7\x1d9\x17\x8c\xe3X\xe7i\
\xce\xee\xa0\x80\xf5vg\x1e{\xde\x11C\xc4^\xe8\x5c\
$\xba]\xc4$G\x0fF5\xcdu\xdd\xf4\x01\x02\x18\
\xc7\xa9:\x1e\xd9\xd6\x0dy/\x18\x86\x88\xcbe\xc1\xb6\
g\xe4L\x95`\x07\x1c-\x1b\x00z\x97\xbd\xddn\x18\
\x86\xa4w \xa5&\x1d\x94\x99\xa6\x09\xfb\xbec]W\
\x00\x01\xcb\xb2\xe0&).:?\x09xx\xb8`\x95\
4\xa1\xc9\xe6\xee<_\x90K\xc68\xd2\x19\xc9\xcb\xcb\
\x0b\x86a\xac\xf9\x9b$\xb8\xd6\xf5\xd6\xa4\xc0B\x90\xf7\
`C\x0a\x01q\xa0'a\x02\xc1\x05%\xef(\xdb\x0b\
\xf2v\xd5\xa8pO6\xbd\xfa`\xb9~hiR\x82\
\x1c>\xe3\x7fu\xfe\xb45B\x10\xd1\xf7\xf3~\xce3\
\x8d\xc7Cu\x16\x83\xd2\x03\x82T\xaf>\xacY\x01\x82\
>\x17cL\x18\xa7\x19\xd3\xfc\x80\xe9B\xbb~H#\
\xe7\x94\x00\xf3\x0a\x04\xcb&\xa7\x7f\xd4\x80\x1cZ\xd0\xb3\
JS\xcfE\x05\xeb:\x90\xda\xb8N\xdb\xbe\xe7\xc0\xa0\
7K\x9f%\xddiHM&\x80\xb8\x82\x81\xfa\xe0V\
\xd7:Av>S\x1a\xa5\x0e\xee\x09Y\xc0,\xf3\xe1\
ZuI<_\x17@\xc1\xba\xad\xf4\xc0\x1d\x02\x864\
b\x99\xe7\xba&Z\xbdUF]k\xfe\x9e\x0c\xb2}\
\xcb\xd6\x147\x7fa\x06\xa8\xdf\xea\xfaW^YR\x99\
0\xd0\xf1L\x0c\x98\xc6\x11\xa5\x00\xe9\xaf\xff\x97\xff\xf5\
\x7f;\x94x\xd2I'\x9dt\xd2I\x7f\xc6\xf4\xff\xfe\
\x7f\xfd?\xef\x83N:\xe9'A!\x90\xb9\x09\x81\x86\
\xe2\xdb\xb9\x9d\x07]\x1e&\xa9Fr\x9f\xae\xff\xf5C\
\xa8\x7f}\x0f|(\xa0'\xd4\xf0\xc6\xa1K\x02\xc3\xfa\
\xbc$\xd5R\xed\x95\xb52\x1c\xd0\xa8\x07v\xe5_\x11\
/'\x00\x00\x00\xff\xf4IDAT\x0f\xf5\xba\xedA\
Cr\x08\x95ox\x93\x82\xa7\xf38\x15l\xf4rY\
\xa63\x12^\x16j\xbd\x8e\xe1jU{^3\xf4\xb2\
\xd475\xee\x1dy\xfeo<z+\xcc\xebZ+\xde\
\x8a{E}\xdd\xef\x89Y8\xf0A\x00\xb8\x1a\xdc/\
\x06X\x96J!\x9fQ\xcf\xbb1\x84\xfc\xa5\x97Hg\
\x1a\x8fD\xa6#\x84f\xff\xd1\xfb\x8a\x1e=C\xf3t\
(;T\xad!d\xb4RJ\x98\xe7\x19\x0f\x8f\x1f\xf0\
\xf5\xcf~\x8e\x9f\xfd\xe2W\xf8\xe6g\xbf\xc4\xfb\x0f_\
aY\x1e\xaa\x13\x8c?W\xcay\xc7\xf3\xd3g\x94b\
\x18\x86I^]I\x875\xf2j\xed\xbc\x9e\xb7\x7f\x08\
\xd5\xd8\x7fX\xb2FuMq\xac\xbbaU]|\x8f\
\xf0y\xe4!Ls_\xffW$F\x1f]\x15\x1b\xb4\
\xd5&c\x92T\x9d;\xc28\x80\x14\xf7\xfd\xf2=\xc5\
\xdd\xe7\xebT\xbf5\xf8}\xc7x+\x84\xb5\xea\xc7G\
\xf1\x8a$\xa5(\x0d\xc8\xf9\xefm\x08\x81N?\xbc\xaf\
\x8a9p\xc1\xf5\xea\xea\xb6\xce\xf0\xf7\xd7&\xf0/\xc5\
T\xa5\x0b\x11\x08\xd2\xe4\x92k\xf9f\x86aH\x88!\
 \x97\x1dy\xcf\x02\x22\x08\x0e\xa64\xd0f\x9d\xda\xed\
\xed\xe2\x8f_\xb3N\x9e\x9f\xc9\xeb|\xce,g\x97\xe3\
\x11\x14\xda\xd9Ki\xa0\xfamgr\xc2\xdfE\x000\
\xcaqA\x96\x0an\xc9\x05C\xa2\x84\x1d\xcc0\x8c\x83\
\xc2\x1dx\xa4g\xdd\x10\x02\xf2\xce\xb0a\x1c\x10e\x83\
/\x97\x8c\x9c\xb9G\x15\xf5'\xa5\xe5\xac\xaa\xd32\x1e\
\xfbp\x90=\xb8\x10\x22\xa5\xf2n\xb7\xfaq\x81R~\
M\xb2\xac\xaa3\xa7A\xdbh\xa9\xaa\xcaIu63\
\xa4D\x8f\xc3A\x92\x84\xe38\x22\xc6\x80}\xdf\x90R\
\xac\xe0_\x8c\xb4\x11\x17S\xc2\xb2,\xc8\xfb\x8e\xdbz\
\xc3\xf3\xd33\xd6\xdb\x0di\x18\x10\x87\x09\xa5\x18\xc1L\
\x00\x06\xaa\xff7\xbb\xb4\xa6Pp\x8cB\xff.R\x1c\
\x0fkX\x9f\xe6\x9d>$@sU\x0f\xebG0\x1e\
\x0e\xda;\xac\xdb\xaekyp@\x8c\xf0`J#.\
\xef>\xe0\xc37?\xc7\xc3\x87o1>\xbcC\x18\x17\
\xc4HU\xdf$\xa05\xca\x16_J\x94\x0eMR\xe3\
\x0e)\xb2_b\xbb\x0e\x81\xe3[A<\xcdA\x97\x12\
L1\x11L\xd4:\xa2\x8ap\x8b\x17B@\x0c\x9c\xf7\
>\xef\xe0s\xb9~H\x12(\xa9\xbe`:\xb6\x91[\
\x8f\xff\xb6\xb4^\x9e\xc7o\xbd\xd3\xe2\xb8#\x8e}\xdf\
\xe8\x1c\xc48\x8f\xdc\x1b0\xf3m{H_\xbf\xd6\xe1\
\xc70OS\xeb\x85\x06\x92\x9a5\x1b\xa1\x0e\xca\x0f#\
\xcb\xb2RN\x00\xf0\xa4\x93N:\xe9\xa4\x9f\x0e\x9d\xd2\
\x7f'\xfd\xd4)\x04JSE\xa9\x18\xf1K\xb2?m\
_\x98\x01\xf7\xae\xd7\x98g\xff\xad\x87Tg8\xa2\x83\
obf=\x8bz\xd0\xee\x98X&\xac\x87\xe6\x10\x8e\
\x80[\xe8\x0e\xb1\xcep\xd4p?\x04;\xa0\xd4\x9d\xb5\
\x95\xcd1\xafC\xbe\x1e\x99\x7f\xce:Y\x05\xa7\xee\xf2\
\xa9\xf7\xad\x0e\x00\x99!\xb2\xea-\xbb\xbe]\xb5\xe9\x12\
\x12R\xea\xcaL\x03~\xd9\xddw\xf1\xfa\xba\xb4g]\
hwQ\xeb\xd0Q-\xdf\x7f\x9d!\xe9\xc6\x92@_\
F\xc9\x19%\xef01\xac\x15\x10\x84I-\x97\xf7\x01\
\xf7\xe0\x9f_\xbe\xdd\xa6\xda?0\x94n\x98j_*\
\x89\xb7+\x06\xda=\x9b\xe6\x09\x8f\xef\xde\xe3\xc3\xd7\xdf\
\xe2\x9bo\x7f\x81o\x7f\xfe+|\xfd\xcd\xcf\xf1\xf8\xee\
\x03U\xe3:\xc0\xe0\xcf\x99\xcc\x0c\xd7\x97'l\xfb\x8a\
\xd4y\xa8e\x1f6C\xf0\x04,\xb4>4\x19\xfa\xfe\
\x09b\x04{\xfa!\xfdg*\xe7\xad\xb8>\xc2o\xcd\
S\xa0\x0dn\x1bc\xa5Q\xfd\x0f\x14\x0e\x93\x83aw\
\xf5\xbd'\x02\xc8\xa4\x80\xae\xb2\xaaY\xa8\xc0\x9f\xa4\xfe\
|^\xfa^\xe4e\xf6}\x15\xa4R\x5cs~Mm\
N\x1f\x89a\xdd\x9a\xe8\x9e\x84\x0a\xec1up0J\
6\xec\x5c:\xd1%\xb4</3t\xf6\xfd\x1a\xf0\xe4\
\x80!\xe4\x00`\x18\x86\x0a\x02\xe6\x9c\x11\x22\x81\x06h\
\xec\xca\xde\xa4\x07=\x1f\xadn\x8d!\xa5\xf0J\xa1\xea\
\xac_\x8f#\xc1\xaa6\xa7\x18\x9f\xc4_\xce=\xef?\
v\x9eI\xfd\x18!\x10l\x00=\xe3\x9al\xef\x01\xc0\
\xba\xae\xd8\xf7\x0d\x00%\x09C\x08\x88\x89\x12u\xac\x7f\
\xc4z[\xab\x1a\xf0\x9e\xf7\xea\xa5\x99 '\xeb\xb4m\
\x1b\xc6\x91v\xf56\xa9:\x1b\x80a P\x9e\xf3^\
%\xa0\xaa*q)Xo+\x86\x81\x80\xd3\xba\xae0\
\xbd\x0f)E\xc7\xb6l\xfb\xa6\x8f\x1e,+\x08\x9c\xbb\
\xc9\xa1\xc74\xcd\x00X\xef\xe7\x97g\xf6\xb5\xda\xee\x00\
\x94\xef\xb3\xd0\xd6\xe9\xd3z]W\x0c\x03\xd5\xa3K\xa1\
j\xe6\x9e3r)\x98\x97\x05\xeb\xed\x8a}[\x11\xa5\
\x22\xfc\xf0\xf0\xc0\xb1\x0a\x11\xdb\xb6\xd1\x09P\xa2C\x11\
\xdf\xaf\xc1Y\xd3-\xa5\x80\x22i\xec\xfa\x8e\x16\xd5\xf9\
\xe9\x91\xebe[\x00\x1cN\x81Qu\x89\xb6\x5cx\xe5\
2\xf9\x92\xfaVi\xc3\xb4\xe0\xf1\xc37\xf8\xf0\xcd/\
\xb1\xbc\xff\x06qZ\x10\x22m\x1b\xa6!!J\x0d<\
\xa4\x01qpG\x1c\x09C\x1c1\xf4\x80]\x8cHQ\
\xce\x8e\x5c58&\xdf\x98\xe4p\x85\xd7\x9cCz&\
\xa7-\xa1\x93\xfc\x8d\x91\xef\xfa\x18\x03\x10\xdbz\xab\xcf\
4\x8f\xbd\x9d\xe1\xee\xec`\xc6\xfe\xa5\x07\x10_\x0f\xa4\
\xfb\xb8\x80\xbfc\x1b\x98G 5\x000\xa9\xbf\xf3\xe3\
k\x8c\xb1\x9e\xc5\x18\x97ys\xbd\xf3\x9ee\xa8,\xb4\
\x01\x0c\x10\xb0\xaf\xbc\x92\xa4V\x0dA\x9e\xabw:\xaf\
\x89\x09\x014\x03\xc0\xfc\xd9\x9f\xa7\x0a\xf0I'\x9dt\
\xd2I?\x19:\x01\xc0\x93Nj\x94s\xc6\xcb\xcb\x15\
\xb7\xdb\x15{\xce(e\x97\xe4\x973?\xed0\xdb\x05\
\x00\x92`\xe1\xd1\xdf\x19J\x1eX\xdb\xc1\xb7\xa9\xcc\xa0\
\x97\x8e\xd13\x1e\xd4\x9b3\x83\x83\x8ao\xcd\xceZx\
\x10\xba\x16 \x07$\xfd!\xf9\x87\x1ce\xc9\xe53\xb6\
\xa7\x05\xd3R\xf7\xae\xe5Y\x0f\xe1<\xe0\xdf\x83(5\
\xb9\xabYyp\x17\xcf\x01\xc0\xd2U\xcf  \xc2\x8c\
\x1aT\xa1\xf5\x9e\x22t\xc4\x9bZ-\xdd\xb5\xfb>2\
\xfb\x86\x8c\x8dX|I\x06\x00\xa8\x92}\xb43\xc5\xbf\
 \x09$\xc0\xd0\x14\xa2\x1aY-\x86\xe3|\x9c\x02\xaa\
\xdb[\xfd\x02\xabcb\xe8\x01\x1b\xb1\x90V` \x03\
7\xa4\x01\xe34c\xb9,X\x96G\xcc\xcb\x05\xe34\
I\xb2\xe6u\x9d~*\xb4\xaeT\xcdDh\x1e*\xbd\
\xafy\xdf\xecF\xb5nj\xfd\xd5\xf7\xdd\xfd<\xee\x99\
\xd4>\xfc\xfe\xfa\x8fI\x87\x1c=\xff\xc0\xff\x1c\xb88\
\x90\xa6P\x9dN\xf7\xa4\xb5\xe7\xcfBh@@\xb7\xaa\
\xf5\xeb\xc0\x08%\xe8\xcc%e</\x93\x0a\xee[\xe5\
\xd4\xea\x1e\x1fZ\xa0\xaac\x08]\xfdU\x1d\xcen\xaa\
\xf3\x86\xc0{O\xee\x80W\x88\x11\xd9\x0a\x22\x12\x02\x0c\
\xc5\xb2l\x97Q}\x13Q\xb6\xff\xa0\xbd\xa8s\x16R\
\xf7_\xa9\xc5\xde\xd6\x15C\x22x7\xc8\xc1\x05\xa5x\
)aW\xc7\xdc\x80u[\xb9\xbd\x85H\x80l\xdfp\
[o\x02G\x22\xed\x05\x0a\xc8z\xff\xfe\xbd$\xf6P\
{\xab_\x92f\xc7}\xa0H\xe2\x90md\x7f\xe4\xcc\
\x8f\x0c1Q:\xca\xaa\xf3\x0f\x02=\xc5\x0c\x93@\xbc\
\x22u\xe0m\xdf5^\xec\xb68\x10\xf4/\x99RS\
\xc5\x0c\xa3\xc0\xca\x10\x02m\x0e\x0e\x09\xb7\xeb\x0dV\x0a\
\x96\x0b\xbd\x19\xc3\x08\xe4\xc5\x98\x98\x87\xd13\xf9\xban\
\x88\x81\x12\x7fE@)\x8c}6\x0c\x03\xd6\x8d\xf6\xff\
\xe8)\xd8\xe4\x81v\xc0\xf5\xfa\x22\xd5j\xda\x22\x8c1\
`\x9cf|\xf7\xbb\xef0\xca3m\x00\xd5E\xd7u\
\xc34Oxy\xbe\x02\xc6:\xddn+\xc6q\xc0\xb6\
\xd1F`\x01\xf0\xf9\xd3g\x0cq\xc04\x8d\xd8Jk\
wLT\xfdt)\xca\x18(\xbd\xe8\x92r\xe34b\
\xdbn\xf8\xfc\xbb\xef\x90lG\x88r\xde\xa5}\x1dr\
\xb4a\x06DIo\xfbxY}gi\x7f6\xda\xf1\
\x03\xf8\x1e\xa4\x84\xa9\xdeO\xf7\xf3^}\x88n\x8e\x99\
\x01\x88\x11\xe3t\xc1\xe5\xe1\x1d\xc6\xe5\x11Q*\xbe\x9c\
:\x0d\x1c\x8bI\xe0\x1e'!B\x07.\x86\x90\xd0[\
s\x081 \xe0(\xf5\x0c\xad7\x049?*.\x8a\
'\xa0N/\xd5 \xb5{o7A/\xb6\xc6ma\
\xa2\x14\x02\xbb\xee(Gs<\xaaRuO\xecN9\
\xb1;\xdf\x98\x03\xc4\x15\x88e\x1d\x83T\xe4K\xc9\xcc\
\xdb\xda\xba\xb5b\xb8\xdd^\xb0m\x1b\xcbJ\x11\x97\xcb\
\x03\x96yF\x8cQ;\x87\xf7\xb9\x7fH}\xfd\xee\xf5\
?\x07\xd2\x81\x82\x18\x07\x84Hi\xd8m\xdb0\x0e\x89\
6\x14C\x84\x15\xe3\xbar\x8741\x9d\x00\xe0I'\
\x9dt\xd2I?\x0d:\xc1\xbf\x93NzMf\x86\xeb\
\xed\x86\xe7\xe7'zJ,4v\xde\x1f4\xd1\x7f)\
\x97\x1a\x1a\xe3\x88\x19\x80\x03u\x8dC\xe4y\xbd1\xbf\
=\xf10\xef_\xfb\x01H\x9d\xa9\xe70y\xae'#\
\xc7\x03>\xe3\xf1\xa1\x98\x947HU\xd4u\xcb\xef>\
\xba\xd8\x81\xc3\xc3Z\xdd.\x99\x93\xf7\xc3=\xdd\x877\
\xc6\xe1U\x91,\xd3\x03U\xfc}\xfa\x9e\x0e\xcf\x94\x94\
@E\x0b\xb7\x1e\xf0\x13\x03n\xa5\xa0\xc8fS}f\
*\xf0\x0d\x90D\xbcRe\xf8\xcc\xaa8\xd2\xa1\x11^\
\x9f\xb7\xea\xac\xdck|\xfe\x08PJ@\x8a\x03\xa6a\
\xc04/X\x96\x0b\xa6y\xc14-\x18\xc6\x11)\xb9\
\x03\x8f\x93J)x\xfa\xfc\x91\x80\x88T\x0c\xa1>'\
\xc3z\x94\x82<\xcc\xf17\xee\xef\x89\xf9\xbc\x1d\xc7\x9f\
\xdd\x8f\xef[a?\x94\x9ca\xd7\xcdai\xf59\xfa\
\xdc\xeb\xe7\xd0=\x99\xe2q\x1fb\x983\xdd\xa1[p\
\x9c\xbf\xda\x08T`\x03\x00\xdb}\x9d\xcf\x0c\x22H\xd4\
:\x5c\xa1\xaf\xa9\x07\x00\xe1\xe5\xf93s(\x81@\x82\
\x03U\xfeQ%J=\x15\x92\xf2c\x9f\xb7>\xa63\
\x0c:\xe9\xe8\xbfKdk&\x1bB\x00\x86\x98hO\
\x0c\xc0(\xc7\x14!Pb\x8ej\x92\xee\x85\x97\xeb\xbd\
\x94f\xef\xcd\x0am\xeb!\x009\xd3;n\xceT\x8b\
}yy\xc18\x8ex\xf7\xee\x1d\x96e\xd1\x88\xb8t\
S\xed)@yz\xdb\x1d\xc4\xa3]:\xb7\x0fGP\
\x89\xd2\x84\x11///(\xa5`\x9e'Jj\x86H\
\x90P\xfb\xd3\xbd\xb4`1\xc38\x8d\x80Q\x8d\xb89\
Ii\x8eOB\xa0\x83\x13J8\x114\x1b\x86\x11A\
\xd2\x93[\xa6)\x83A\xd2\x84\xd34\xa1\x94\x8c\xbc\xed\
\x98/\x0b\xa2$\xfe\xdc\x13p\x8a\x94\x0c\xf4wS\x8c\
\xa9\xaa.\xaf7\xda\xfa\x8b\x91j\xda\xc34\xe3v\xbb\
bY\x16\x18\x02\x864`\xdfW\x5c\xafW<\xbe{\
\x07+\xc0\xa7O\x1f\xf1\xf0p\xc10\x8e\xb8\xdd\xd6j\
j!\x0d#>\x7f\xfa\x8cy\x9ek\x9fl\xdb\x06\x03\
\xed3\xde\xd6\x0d!\xd0f\x9bO\xe3\x988\x96)\x0e\
\x08\x11\xf8\xedw\xdf\x01\xfb\x8a\xc7%\xcaF\x9f\xde\xdb\
\xb0\xce\xc4\x02\xc7\xa2@\xef\x00\xe3\xa4b<pE\x19\
\xfb\xce\xaf9\xe7\xf4\xb4_\x07\x02`\x99\x07\xe7\xff\xbc\
<by\xfc\x804?\x00\xb1\xedW\x01\xa8@\x5c\xec\
A?\xd9\xf3\x03\x08\xbe\x059\xaa\x00\x5cz\xd2\xdf\xfd\
\x01\x01\xcd\xa9M\x10\x08l\xe0\x98\xd4x\x80\x9cr\xa8\
\x82 \x00\x18\x22\xa52M\xce\x5c\x82\x80\x7f\x7f\xcfP\
\xcd\x9e\x9f\xbe\xe8\xd5\x99\x99\xc5H{\xb4\xfd\xde\xc1y\
\xdc\xa6\xbf\xafUnC|\xd0\xde\xaaZk\x02\xc2\xcd\
\x0c!%\xad\x87\x8c}\xdf\xb0o\x1b\xd7\x0e\x80a\x9a\
\xf0\xf8\xf8@\xcf\xf5\xf5x\xc0\xb5\xcc\xaeo\xe0-\xcb\
\x96\xfd\xbf\xae\x9cm_i\x07\xd3@\xbb\xce\xc50\x8c\
\x0e\x9e\x12<\xce9\x13\x10\x94G\xe5\x13\x00<\xe9\xa4\
\x93N:\xe9'A'\x00x\xd2I_\xa6m\xdb\xf0\
\xfc\xf2\x8c\xeb\xcb\x15\xa5\xd0A\x08:\x06\xe0\xc0\xec\xca\
\xbe\xcc+\x06\xbb\x9d\x91\xebq\x98Gr\xbfb|\x1e\
\xc8\x93\x98,\x1d\xbcu@GWV\x88\xd6\x19\x22B\
\xcbUL\xc31\xef\xae\xd0{\xaa\xfa}4\xb0o\xdd\
a\xde:F\x02w\xed=0?\xdd\xb3C\x18\xea\xa9\
]\xf7 s\xd4\xf5E}\xe6yw\xcd:fy\x9f\
\xa2\xa513\x99\xe23\xca\x19u \xac\x1b\x04oF\
\xc1=\x9f\xbeCZ\x18\xfb\xee{\xdafl\xd7[\xed\
Ee\x1c\xfb\xb0cQ\xc1\x02\xd2@5\xc2q^0\
\xcd\x0b\xe6e\xc1\xdc\x01~>\xc6'\x1d\xe9z\xa5D\
\xae\x034d\x22\xf9K\xf0\xaf\xad\x19\xa7\xfb\xfb?\x84\
\xc8\xc8\x1e\xa5\x00\xfbg\xff=T\xc1\xb6n\x89x\xee\
\xe6\x8d\xe2\x0d\xaf\x83\xae\xbfP\xac\xe0l\xee\x1f\xf7\x1f\
\x0d\xba\x8f\x15\xe8\xd6\xaf3\xfe}\xb9}{\xdb\xff\x0d\
04\xd5\xb9>\xd7bnkZ\xfb\x8f\x97\xd7\xb5\xc5\
\xe4\xe4\xa3\xde\xf7u\x8a\x01\xb9\xc8\xc3hH,G@\
\x1f\x04D\x94L\xe0\x0a\x01\xb0\x5c\x10\x22\x90\xf7\x824\
\x0c0\xe5WJA\x92\xdai\x12\xa3_r\xae\xa6:\
\xd3\x90P\xa4\x1e\x98\x12\xafcl\x8e5\x864\x00F\
\xb0\x8c\x12P\x19\x1f?~\xa4\xe4\x9b\xc0\xb7\xcb\xe5\x82\
\xf7\xef\xdf\x0b0\xf19W\xd4\x19\x94N\xe2\xdeS`\
\xee\x90\xa2\xf0#\xc4\xbe\xef\xec\xe7\x18\xb1m+&\xad\
\xf9\xdb\xed\x063:\x03)\xa5`H#\xd6}C\x8c\
Tw\xde\xf7\x9dN\x0a\xb2@S\xd9\xf5\x83\x15\xec\xdb\
\x86\x10\xd8\x16\x08\xa8\xa1mA9\x8c\x08\xb2d\x17\x13\
\x80\x80\x92w\xa4\x94\x90\x8dR\x7f\x96\x0b\xe6e\xc60\
$l\xebF\xb5\xe0!I\x8a\x8a\x0e?rnu\x1f\
\x86\x01\x00=\xd7\xce\xf3\x82\x9c7<??Q\xfdW\
\xef\xb0\xbc\x15ly\x93\xaa)\xd5\x9eK\xde\xf1\xfc\xfc\
\x8c\xc7\xc7G\xe4R\xf0\xbb\xef~\x87\xf7\xef?`\x18\
\x07<??c[W|\xf8\xf0\x1e@\xc0w\xdf\xfd\
\x0e\xfb\xbe\xe3\xe7\xbf\xf89\xf2\xbea]w\x18\x0c{\
\xde\x00\x03\xa6q\xc24M\xb8\xde\xae\x88i\xc08$\
l\xdb\x86\xcf\x9f>a\xb9,\xd8\xf6\x1d\xeb\xcb3\xde\
]\x06Dd\x04\x93g`\xbd\x03\xf4\x03T\x87!r\
0\xe3\x0bLNh8\xae\x9c[m\xf9\xe9\x1d\xe6\xeb\
\xa4P\x8a<\x84\x80q\xba`~x\x8f\xe9\xf2\x804\
\xce@pi5\xf0\xed\x12\xb9>\x1dD\x0d\xd1\xed\xf8\
\xd6\x18\x9cCz\x1f\xbb\xdat\xbf\xf7x\x18\xcc\xbdE\
\x07\xa0\xc8\xa3p\x95\x80\xae\xb1u\xdf\xd2\xb3\x88\xf65\
\xd0\xdbA\xd0\xdd\x9de\xb4\xbd\xb4\xb8\x07a\xef\x1b3\
f\xc2Nh\xe7\x1b\xadu/\x89g\x09vZ+_\
\xefd\x81\xd8\xae\x8a\x5cJF\xb1\x82\xeb\xcbK\xdbK\
b\xc4\xe5r\xc1e\x9ekz\x16\xd1$\x00\xb9\xde|\
T\xf4\xbf\xe2\xe4\x9c\x91\xcb\xae\xbaR*\x92{^\xe1\
\xfa\xae\xf6\x0c\x0d{)'\x00x\xd2I'\x9dt\xd2\
O\x8bN\x00\xf0\xa4\x93\xbe\x9fJ)\xb8\xddndT\
\xb6[e\xb6\xc8\x184\x06\xbb\xbf\x86\x1f\xe5\xad\x9d\xc8\
\xadJ\xc1\xf0\x5c\xca\x03\xb0\xf1\xcf\xa5u\xe0\x12\x80\x92\
\xe0\xf1\xa3n\x7f\x1d\x95AwR\xbd?\xf4\xf7\xd4\x9d\
\xf7\xbb\xc0^\xb2\xcfT\xd7.m@=V\xc3\xeb\xde\
\xb5\xe3-\xb2NJ\x82\x07u\xc5\xab\xe54I=\xcf\
A|\x03\xe3\xb6\xe8\xed\xda 6\x84\x00\xab\x97a\xd5\
\x11\x87;g1\xa9:\xb1-\xb5\xc0\xda7\xce\xd4\xb5\
g\xad\xbd,\x8c\xf5%\x0aiU\x86Ac\xe8$I\
\x12\xe6\xc01h\xccQ\x97\x17\x80\x94\x22\x86a\xc28\
/\x98\xa7\x19\xd3\xb4`Z\x16\x8c\xe3Tm\xd8\x1d\x98\
\xb3\x93\xde\xa4R\x0a\x9e\x9f?S\xb3\x0d\x94\x8eq\x0a\
\xd5\x90\xfc\xdb\x92\x92\xaf\x98_\xa7~L\xef\xa8\xce\xdb\
\xe0+\x0eJ\xdc\x8f\xf3?\x818\xb5Hu-t\xc0\
\xfb\x97\xca\x0d\x9aw\xfeXO\xe0I\x82\xef\x1f\x01\xa9\
\xeb\x07\xaa-*\x92\x125\x16\xfd\xbe\x19G\x80\xb1^\
v\x93\xdf\xba\xb2\xabr\xe0]\x9ac\xddX\xae\x87\x99\
\xc7if\xe4\xb8O\x04\x01u\xe6\xea\x87QaF\x95\
\xfc\x9c\x11S\x92D[FT\xdb\xdca\x06\x04\xbay\
\x1f@*\x7f\x80a\x88\x09\xfbN\xbbw\xe34\xa2d\
:\xc1\xa0\xf4\x1a\xf3\xce\x96)\xa5\x96w\x98\x11P\x1e\
RB)\x19\x9f>}\x94\x07[\x02\x11\xd34\xe1r\
\xb9`\x9a&\x10Zc\x07p\x9e\xb1\xa5\xfcPDP\
\xb0\xa0\xa9\x85:\x88f\xe0\xf50\xd0\x1e\xa0\x87\xe7\xbc\
c\x9eg\xc4\x90\xb0\x0b\xbc \xf8H\xd5\xde\x14\x136\
I\x14N\xd3(\xd3\x14\x06 b\xdb\xf6\xba\x8f\x8eR\
y\xfe\xff\xb3\xf7\xaf]\x92#Iv x\xf5\x85\x87\
\x99\xb9GdVuu\xb3\xd9\xe4\xccr\x873{\xce\
\xfe\x9f9g\xbe\xce?\x1f\x92\xcbfwUfF\xb8\
\x9b\x19\x00}\xee\x87+\x02\xc0,<\xeb\xd1d\x93\x9d\
IH\x95g\x98\x01\x0a\x85B\xa1\xaa0\xb9\xb8\x22\xb7\
\xb6\x86\x9c\x12\xfa\x9e\xca\xc5\xadR\x84\xc4\x00\xe8\x86\x80\
e\x8eh\xa5\xa1\x1b:8gq\xbb\xdep\x1aNh\
\x16X\x22\xf3\x0dv!`\x1cG\xcc\xf3\xbc\x86\x85\x96\
R\x84m\xb6\xe5\x054\xc6J\x0eA\x8b\x14\x0b#@\
\x01\xa0\x198\xef\x10\xe3B&\xa1gH\xa6\xc5&\xd6\
b\xd0p\xbd\xdd\xd0\x0f\x03\xace\xd8r-\x05}?\
\xa0\xd6\x22B\x14\x0d}\xdf#\xa5$B$\x04\x8d\x8d\
Q\x11\x93\xca\x9c\x87\xce\xa2\xef:\xe4\x14\x91\xd3\x84\xde\
\x01\xce\x14\x146F\x9e3\xb2\xba\xcb\xb8\xd1!^5\
|u\xf7<\xe1a:\xf7x\x7f\xf9|\xd1\xd0nP\
\x85\xfd\xf2\x19\xe3\xf9\x05\xc6zT}\xae7\x05\xc5\x08\
\xcaS\xfcG\x9f\xed\xe0<\x97\xe7\xba\x82a\xd2J`\
\x0f\x9c\x99\xdd\xbc\xdd}\xd6\xa9g\x8c\xb2b\x85\xcd\xb7\
\x7fq\xf1\x90*a\xab\xb7\xedX\xb8F\xda@\x11\x0e\
a#*\x1ci\xf8,l\x95\xc0u\xd3\x90j=\xa7\
\x00\x91\xfb\xb9\xcf#\x18\x02\xac\xd7\xc0\x7f\xa9\x82\x0d\xc9\
s\xa9\xcf\xbf\xd6\x1aJ%@\xbc_+\xba\xae\xc3\xf9\
tZ\xf3\xf8i\xed\x80\xd9B\x8d\xe53C\x8a\xd9j\
\xb32o\x09\xf4\xab\xb26d~\x94Z\x10\x1c\xc5|\
\xf8\x9d\x02?h\xed\x10\x019\xec\xb0\xc3\x0e;\xec\xd7\
o\x07\xf8w\xd8a\x7f\xda\x8c1\x08!\xd09\xb3\x16\
\xa5\xe8\x0f\xd9\xcd\x14\x98\xd2\x1f\xd3\x06\xdb\x0fr\xadc\
\xfd\xd9\xae?\xec\xad\x86\xcb\xd0\x01\xe0\x8f\xf1G\x00P\
\x9d\xda\xfdg\xfd\xa9\xcdM\xbbm\x86\xde\xb6n\xdb\xef\
{\xde\xc6\xa2{\x07\xdd\x08\xb0\xb8V\xff`\xacg\xfb\
\xfcA\x91\xb5\xcc\xbe,\xbfK\x95F\x9c\x1b\x88S%\
\x8c\x19\xa8S\xa68\x85\x82jkn>2hVf\
\xcd\xfeO\x1d\x9d\xddu;\x01\x11\xac\xd5k\x92~\xd1\
\xffIW}x\xa1\x8d\x8e\x9ft\x8d\xb8\x22\xe2\xccA\
\xa8D\xf2\xb9\xb5\x82\xda\x0a\xff\xad\x05\xad\x92u`\x9d\
\xc3\xe5\xe53>\x7f\xffW\xf8\xee7\xbf\xc3\xe7\xef~\
\x8b\xcb\xebg\x9c\xce\x17t]O\xf5\xca\x03\xfc\xfb\xb3\
-\xc6\x05Y\x18E\xdf\x82\x7fv\xcd\xfd\xf7l\x0f\xfd\
\xfb\x97v\xf57\xf7\xe6\xf9\xfb\xce\xcc\xc7\xbb\xd5)\xde\
Z\xac\x0e\xf1\xe6.\xeb\x18\xe3\xb8\xd4y\xbe\x1e\xa0\x87\
\xe9\x10~\xdc\xa5\xdb\x0d\xf3\xd4)\xa3H\xe7\xc4\xbe\xde\
\xed\xe8\x8d\xb5\xb3\x9b\x8d\x9b\x89\xd3\xfe\xdc\x04\xb5\x87\xd6\
?\xb0\x90\x1f\xdb\xd6Z[S\x1d\xe81\xcd2\xcf'\
\xc1:0\xef\xa0\xcc\xff\x95\x91#\x80\x00\x85:\x004\
\xb2s\x8c\xe4E\x95\xda\xa5\x0d\xbc6\xceAM\xf8O\
\x07\xbf5\xe6\xb3#K\x8a\xb9\xfd\x8c\xd9\xea\xf1\x9e\x0e\
\x7fmt\xfe\xc9\xfa\xa3`\x02\x851\x1ab\x5c(\x22\
\x22\xec(\x00X\x96\x05F\x14q\xb7!b\x04\x80&\
\xa0\xa0\xeb\x8bb.UB\x12\x15\xc8(\xb9\x00\xc4)\
\xa5\xbc\x08u\x88\xca0\x81,#\xec>\x8e\xf1*\xd7\
T[\xc3\xd0\xf7\xbc\xc6\xf5N\x88\x90\x03dN8Q\
\x8dm\x14\xffh\xcaF\xac\xcc;H\xf6\x95A\x17:\
\xc4e\x91k\x07\x9c\xa5\xfa\xef\x12\x178gQD,\
E\xd9\x99\xc6\x0a\x93S\x98\xf1\xc6\xf0Z\x8c\xb1\xa8\x95\
*\xbcdF\xeazN\xe6\xa01@\x15\x10\x86,g\
\x0b\xe7=R\x5c\x00\xb45t\x95c\x85\xd7\xd2\xf7=\
Zc\x8e\xb6\xf140\x1fo\xce\x98\xe7\x05\xd34\xa3\
V\x86Aw]\xc02\xcf\xf0\xde\xa3\xd5\x8a\xd3xZ\
\xc5H\xa69b\x9e't\x9ey\xf48\xd6\x8dB\xd7\
+\xc4\xb7\x7f\x16\x18\xc8\xb3D\x005\x1d\xbf\x9c\x9b\xfa\
\xa2\xac\xa2\xe4\x02\xe7;\xbc|\xff\xd7\xf8\xf4\x9b\xbfA\
\x7f\xba\xc08/c\x81\xc0\x1b\x9fANTx-\xac\
\xe1x\xd4\xe7\xbb5\x0c\xf7\xe6|\xdb\xcf\x7f\xf6\x81\x82\
\x82,\xc7\x01\xb3g\xe7)\xab\x93\xb3U\x00:\x01\x1b\
\x89\xe1\xe9x\xd7\xee\xe5\xf1M_D\x0a\xd8\xcd{\xc6\
\xfe\xd1\xe7\xd2\xda&\xcd\xbb\xa9\x8caC\x80\xd4\x18\x99\
\x8f\x12\x8a\xac+\x89\xc1\xda\xd1<f}>\xcb\xbcV\
\xc5i]g\xf4\x9a\xa5n\xdd\x87\xc6{\xa3`\xbc\x96\
\x81\xfcf\xd0y\xa6s\x0e\xfc?\xcb\xed^\x14\xc6D\
u\xe1\xb6\x0b\x996\x00Z\xab\x14\xbbi\x0d\xc1\x07\x18\
c\x98\x0f\xf0`\x00\x1ev\xd8a\x87\x1d\xf6k\xb7\x03\
\x00<\xec\xb0\xbf\xcc\x9a09\xa6\xe9\x8ei\x9a\x903\
sE\xad?\x5c\xe5\xc7%=\x07\xfd\xe5\xad?^\xf5\
\xa7\xa5\xfe\x80\xd7\xcd\xaa\xd0\xb7\xfb\xf1\xbd\xfe\xe0\x95\x1f\
\xb5z\xd8\x9e\x19\xb0\xdf\xf7s\xc6_\xbb\xbb\xef[[\
L\xa3\x13\xbe6K\xb6C\x0fY\xa9:\x1f\x98\xaa\xe1\
\xae\x97\xd4\x1e\xbe\xeb\x0f|\x00t\xf8\x8c:\x22z\x9d\
Z\x918L\xbbm\x06;\xc6\x82z/\xfc\xa9Ov\
Ma2\xf1R\x98;\xa8\x88P\x0bVpC\x19\x1b\
<\xa6\xb1y;\xf6\xa18\xa8\xeby\xd8^6\x9f,\
\xc2\xf5\xfc\xf2\xb9J\xce(\xd3\xe8\x10\x95\x96Q\xeb\x16\
n\xcc\xc3\x1b|\xe8\xf0\xd7\x7f\xfdw\xf8\xcdo\xff\x06\
]\xdfo\xce\xeda\xff$\xab\xb5b\x9anh\xeb\xb8\
\xdf\x18;\xea`s\xfb\xa3\xb3\xf9_kk] [\
F\x1a c\xe2\xb9\xf467\xf7\xdfu\xdc\xadSd\
7/\x1e\xb6=\x8c\xf2\xed\xdc\x7f\xccZ\x13\xf0^\x12\
\xf6s\xce\xe0\xa9\x11\xdf\x1a\x8f\x93\xb3=\x9d\xe7\xa1\xff\
v\xe5>j\xcfG\xdb\xd4\xb6z\xb0^a\xad\xb2\xde\
\x89\x10\x80\xf1\x9e\xdb`\x08\xf2\xed\xd9@\xa5\x00F\xc0\
B\x80\xc0\x07\x0c\x85\x16\xa4\xee%Q\xe4C\x15o\x8d\
\x80z\xb5V\xcc\xf3\x04\xef\x03\x9c\xf7\x04\xca*\x01\x1b\
\xef=\x19u\xca\x88+d\xb3\xe5\x9ca%\xe40\x17\
\x02k\xadV\xcc\xd3\x1d\xc6:L\xf7\x09\xad\x154\x10\
\x08\xf9\xf4\xe9\x13N\xe3\x99\xac!^\xe9:\xe6\xf6\xfd\
R$w_.\x0c1v\xce\xa1\xa1a\x9afY\x83\
(\xce\xa0!\xb9]\xd7!\xc5\x04\xc3\x08H28\x8d\
\x85\x85a\x8e\xb4\x9c\xc9\x923\x96\xf9\x12\xd1\x90bb\
n3\xef\xe0D\xe97\xa5\x84\x9c\x0a\x0c\x0c\x86\xb1G\
\x14\xd5\xecR\x0a\x05Mj\xc5<-\xc2b\xdcDR\
\x18v\xea0\xdd\xef\xb0h\xb0\x9e`]\xce\x99\xac\xba\
\x92a-\xd9|\xde\x93Ye\x9dG?vH1r\
m\xac\x0d]\xd7a\x9a\xee(\xb9 t\x1db\x5c`\
\xadE\xdf\x8fH)\x09\xe8JPK\x99\x9c\xf3<\xa3\
\x0b\xcc\xfbVJF)\x05\x8b\x08\x83x\xe7\xb0\xcc3\
\x8c\xb1\xf8\xf1\xa7\x9f\x10|\xc08\x8c\xb8\x9cOh\xa6\
\xe1v\xbb\xa1\x94\x82\x18#\xba\xae[C\xa9\xe7y\xc6\
\xfd~Cp\x15\xaf\xa3\xe33\xaa1\x87\x1c\xd7\xec\x8a\
\x0a\x11\x95i2\xe65Oc\xe3s\xa2\x01\xb0\xa08\
F.\x091G\x18\xdb\xe3\xf5\xd3_\xe1\xe5\xf3\xf7\xb0\
\x81`#\x87\x01\x9f>\xeb\xb0\xdf\x01i\x9c\xe4[9\
\xec\x00\xb0\xbd\xe9Z\xb6\x8d\xa7\xed0>avk\x85\
\x151\x1b0\x14Y\x81dk\xf8Lm\x1f\xad\x06r\
\xed\x0c\xf9%hh$\x7f\x9e1|\xcbP+\xf7+\
\xbf\xb5\xd6\x0aX\xceM\xb9\x9a\xf5\x22\xc9\xb2c8z\
\x95\xfa\x9a\x1c\x0f9\xb6\xed\x84wtN\xe8\xb5\x9bu\
\x0cpl\xce\xf3$\xb9&y\x95]\xdf\xe1|:\xcb\
\xf1\xeb\x89\xe5e\x9ca\x9f\xf01\xbdu\xbc\xb0\xfar\
\xc9\x1c\x13\x81\x00\x1f\xdb\xd6Pe|A^\xc8\x84\xd0\
#\x97\x8c\x9c\xcb\x01\x00\x1ev\xd8a\x87\x1d\xf6\xeb\xb7\
\x03\x00<\xec\xb0\x7f\x9a5\x01\x02\xe7y\xc24\xddW\
\x05;\xd9\xcb\x1f\xbe,\xb8s\x0a\xb7\x1f\xfb\xfb\x1f\xc0\
X\x99\x13\xea\x00\xc8~~\xd8\x1d)\xa1\xa9\x0fN\x83\
\xd4\xbd\x96{\xda\xb7gL\xc9>ny\x04\xfe\x04\xce\
\xdb}\x13\x10s\xb7\x0d\xea\x90\xef\xb7\x1aH\xd8\x10\x1d\
:\xeb\xc8t\xb0\xc2Hr\x02\xd2X\x01\x00\xb7k\xe6\
\x8f\xf7]M\xbb\xcf\xb2}\xff\xa3\x1e\x0a\xb22\x8f\x90\
\xb2KRJHiA\x8c3J\x5c\xd0\x9a\xb6\x5cB\
\x83\x9b 0\xbc\x19\xab\xf3\xc7\x1a\xd9n\xb6\x89,\x95\
\xa6\x89\xcf\x1b\xe8dk\xee2\x09\xdb+\xb9\xc0\x05\x8f\
\xf1tF\xf0\xcc\x0b\x96KF\xc9Y\x983\x1e\xbf\xfb\
\xdd\xbf\xc2\xa7O\xdf\xc1\x87\xee\xe1\x1e\x1f\xf6\x97[\x8c\
\x11\x8b\x00\x08\xf4\xf2\x08\x00\x9a]\xe8\xaf\xf6\xaf:\x96\
\xcf\x9f\xff\xa9\xf6PGS!\x8co\x01\xc0uv\xef\
A+lC|\xfd\xbe\x02c\x1f\x03\x80\xcf\xed\xffY\
\x93s\x98\x1dKh\xdd\xf54\x93\x1eLAoY\x13\
vK\x03\xcf\xb7\x9bk\xfbk|\xeeKN\xa5\x8f\xdb\
\xc79\xbag\xe7l\xe3\xbf\x02\x12.\xca\xb9\x87\xa6\xea\
\xa9d\x225\x009'x'y\xfdJ\x81\xb1\x8e\xc7\
I\xfeU\xef=`\x98Co\x9d\x7f9\xad\x829\xb5\
V\xa4\x9c\xe0}\x805\x86\xe0[\xc9p!\xac\xf9\xc7\
\xacs\xc8)I>;\x02f\xcey2\xe4\xac\x85q\
\x14\xe60\x12\xf2{\xbb^\x91\xe2\x82\xbeg\xa8\xac\xb5\
\x0e}?\x0a#\xdc\xac\xa9\x04\xcc\x8e\xf1\xd4\xe4\xa5\x01\
\xffe\x7f\xd6ZQr^\x01\xc7&\xc0g\x95\x9cs\
\x04\xdb\xc8tu\xce\x00\xd6\x12\xd4\x91\x14\x14\xd6:\x8c\
\xa7qU\xf65\xc6\x08\xb3\x91L\xa9\x22\xa1\xd2\xd6P\
q\xb76`\x18:44\xe4\x5c\x85ah\x91b\x94\
9D\x90\xd2\x05\xcf\x97P0\xb0\xce`\x9e\x17i\x03\
\x05B\xd0\x00\xe7\x09\x9cY\xeb0\xcf3\xbc\xb3\x88\x89\
j\xab]O\x10\xd6\xc9\xcb\x0e\xe7<\x92\xac\x95>8\
\xe4\x941\x0c\x03\xbc\xf7\x98\x96\x19\xde9\xe4\xcc\xf0\xe2\
&\xebg\xab\x15\xcb\xb4`<\x11\x84-\xb5\xc2Z\x83\
e\x9e\xd1\xf7\x1d\xde\xdf\xaf8\x9f_\x10\xe3\x82\xbe\x1f\
\xd0\xf7=\x96y\x86\xb5\x161F\xd4Z\x90rD\x95\
\xf0n\xae\x0f\x16\x15\x06\xf7\xfb\x0d\xae\xde\xf0r\xea\x00\
\xf0~5Q\x80o\x10Q\xa8F\xd5\xdfV)\xa8\xd1\
\x1a\x05\xa3j#`\x14\xa7\x19\xa96|\xfe\xcd\xdf\xe0\
w\xff\xea\xdf\xa2\xebO2\x9e\xb1\x9a\x11\x969\xffO\
0\xce\x08\x1b\x94\xf3J\xff\xd6\xc7\xb5\xcc;\x99#\x0f\
\xf3\x8c\xf3\x90\xc0\xd6\x0a\xbb\x89\xe9Iy\x1d\xd6\xda\xf5\
\x99et\x1c\x82\x88;\x19\xf3\x8dJ\xc3\xbb\x1a\xaa\x82\
y\x12\xe2\xab/)\xf9\xf2R\xd6\x16Hx\xb5\xae\x17\
\xbanI8\xb0\xe6Ot\xce\xca\x8b\x8e\x0d\xa04\x12\
\xe6\xab\xf3A\xe7&\x04\x18\x87\xe4\x91\x841(\xb5\xac\
\x82(\xd3t\xe7\xfdr\x1b\x83\xf2\xe5\xe5\x15\x9d\xa8O\
\x1bc\xe5\xba\x1f\xd7\x9f\xfd\xbc\x03\x80\x5c\x0b\xa2\xcc\x19\
\xaaxo\xc2?E^\x18@\x04T\x8c\xf4\x13\x80\x03\
\x00<\xec\xb0\xc3\x0e;\xec\xd7m\x07\xf8w\xd8a\xff\
\xf5\xd6\xe4\xad\xf6\xb2\xcc\x98\xe7\x19)1\xacd\xfd\xf1\
\xbb:\x82\xfc\x01\x0d\xf9!\xad\x7f\xfb\xef\xfa\xf9\xf1_\
q\xb6W\xc7\x00\xf2\x13\x1b;G@\x7fv\xef\xf7\xc9\
\xf6\xdd\xd7\xcd\xe9\xe0\x0f\xf4\xed7\xb4|0\x1bsN\
7\x11N\x13\xe7B\xd8F\xce9\x86\x98\x89b\xa5s\
\x0e\xd6I\xa8\xd3>|yw\x1d\x7f\xdax\x0d\xcf?\
\xec?2\x96\xa12h.\x19)E\xc4\xb8`\x99'\
\xc4\x99\xa1b\x0d\x1b@\xc20'\x863\xe9g\xe7\x1c\
\x9d\x03\xc70\xaa\xd6\x1aC\x82@\xb6\xc2\x9aX\xbfI\
\xb2\xf5V\x91RD)\x05\xbe\xebp\x1a/t\xb6w\
\xa1\xbcd\x16d\xe9r\x86\xb9y\xe7\xa5\xbf\xe8\xec\xec\
\xfb\xe6\xb0?n\xad5,\xcb$\xb9\xbe\x08\x84\x00\x02\
\xea\x1a\xb3\x86\x13\xee\xcbk\xdf\xea8\xfaK\xfa\xfa\xf9\
x\xb3\x03t\x80\xa7\x09$u7N&\xd9\xbe\xfd\xf3\
4\x0b\xbf\xf9\xaef\xd6\xef\xfb\xd0\x5c\xd9\xb6\xaf\xfb\xf9\
\xab\xd1\x5c]\xca2\xe4\xf1Z\xf7\xda\xa4\xe7\xf9\xa4\x0e\
\xbf\x1c\xa7\xb6\x87\xf6\xd7:\x9e\x0e\xd5v\xae\xadn\xda\
\xa8\xc7>g):\xd4\xad\x8a\xf3\xaf\xe1\xb6\x12:X\
JF\xe7\x19z\xab\xb9\xfcj\xad(\x02\xf2\x955$\
W\x99z\x190\x06\xde\x07Q\xa6\xcd\xe8B\x87R\x18\
*\xacN<\x01-\x11\x00\xc9\x0c\x9b\xed\x9cc\xa8\xa7\
\x13U\xdc\xca\xab\xf5\xde\x93\x91V+\x8c\xb5\x88q\xc1\
0\x0cp\xde\xe3v\xbb\xa1\xef:\xce\xf9\x9c\xf1\xf6F\
\xd5Zk\xb9\xde\x0d\x83\x02\x80\x12\x86\xa9j\xdd;\xf6\
p\x95\xfb\xa2\xe0B\x8aQr\x13b\x05Z \xe0g\
m\x0d1EXk\xe1\x9d\x93|z\x0e\xf3\xc2\x90W\
\xef\x1c|\xf0d5\xe6\x02\x83\xb6\xe6\xfd\xd3\x97Gz\
\x9eV\x0a\x9a1\xe8\xfb\x01)S\xc1\xde\x82u\xce\xcb\
\x82~\x1c\x90R\xc2t\xbb\xc39\x87\xf3\xe5\x82\x14\xa3\
\xdcR\x86\xe9\xceK\x84s\x16\xc1{\xf4C\xbf\xaa\xb4\
\x96B\xe1\x91a\x1c\xd1ZCJ\x05\xd6\x00}O\xc5\
\xe5\xfb<\xc9=\xe7=\xe8\xfb\x0eK\x8c0h\xe8\xfa\
\x1e\x0d\x15%\x0b\x10-\xb9\x12\x9d3\x08\x8e\xf7b8\
\x9d\xb0,\x111&\x18\xd3\xf0\xf6\xe5\x0b>}\xfe\x8c\
R\x9a\xb0>\x9d\xb0\xb52\xf3\xaa\xf6=\xe2\x121O\
w\x8a\xbc\x14\x82\xb8>\x04\x19\x17d\x08\x7f\xfd\xf2\x07\
xD\xbc\x9c\xd8'\xb5$\x01\x013A\xbf\xc60g\
\xc8\x0b\xa2R9^\xb3\x80\xb6C\xff\x82\xbf\xf9\xbb\xff\
7>}\xff;4\xe3PQA\x8e\xdc\xb6,\x18l\
d\x7fC\xe9\x15\xfd?\x0b5\xc3\xb1b\x18clt\
\xce\xb0\xc0\xc3\xba\xc2v(8(`\xe2\xae\xbc\xe1\x17\
TQEoF\x84.\xa4\x5cm\xdc\x0e\xf0\xf7\x89\x93\
\x5c\x98\xd6\x93\x89Wk\x85q\x9eW \xc0\x9a\x81\xe4\
\x01\x048W\x84\xb9j\xe5\x19\x09\xc3\x10p\x9d\xf3\x5c\
#\xb7\x90\xef}.\xc0\xd6\x80\x92\x13\x7f3\xf0F\xac\
\xeb\xa5FM\xac\xa2W\xd2\x81\xb5\x10\xe4\x9f\xa6;b\
Z\xe0\x9d\x87\xb5\x9ck:\xf7\xf0\xf0\x1bA:[\xac\
)k\xb31mD)\x05\xc1\x93\x0d\xaa\x00`\xad\x14\
\x00\x01$\x8f\xb0\xccO/m9\x00\xc0\xc3\x0e;\xec\
\xb0\xc3~\xd5v\x00\x80\x87\x1d\xf6\xdf\xd6\x18\x86\xb4\xac\
@ \x13Q\xef\xf3\xd4}\x0b\xfa}\x04P\xac\xdb\x8c\
2i \x80\x9d\xfe\xbc~<f_\x07\x7f\x94\xf3\xfb\
\xde!\x97\xbd\xeb\x7f\x1f\xc0\x06-\xb7\xc6+*\xbb\x8a\
 \x9a\xb3\x16n\x07d)x\xc6\xd3||\x0d\xffM\
\xec\x03\xc6!v,\xbeZ\x1bJ\xceH\x99Nz\xca\
\x91\xb9\xc3\xc4I\xd7vB\xd8\x89\x80\x80\x15\xca\xa0\x92\
\xb6\xd3\xf1!x\xa0\x89\xe5\xf7\xd7\xa4\xe7\xa9\xad\xc2{\
\xbd~2\x14\x94\x91\x00l\x8e\xa0~f\xbfJ\x1bS\
\x86\xef\x02\x9cutl\x140\xdd\x01\x88\x87=Z\xad\
\x05\xf3<I\xffZa\xff)(ka\xed\xb7\xaa\xc9\
\xfb\xb9\xf6\x97\xda~\xee\xec\xb7\xe1\x83\xfa\xbe\x9d[4\
\x99>\x1c\x11\x1f\x17\xd9f\xe1\xee\xa5\xc0\xb7\xfb\x1f?\
\xed?j\x1e1(\xe3\xe6\x83\xf3|\xd4\xbe\xe7L\x04\
\xdb\xd7\x8d\xb9\xf3sm\xc6S\x9d\xfb\xcf\xebz\xa3\xa2\
\x0c:\xf6\xf5<F\x04\x1b\x040\xa0\x00\x01\x9d\xf3R\
\x09\x00B\x00L+L\xcf\xd2\x0a\x00a-Ix!\
\xac\x85\x05\xf3\xf9\x11\xd0w\xfcl,9\xcb\xc2pd\
\xfbD9\xd8\x91\xb9\xa6\xa0\x1a\x99O@\xce\x04\x9f\x9a\
2\x16%\x8f\x99\x81\xb0\xea\xacE\x8a\x09C\xdfcY\
f|\xf9\xf2\x13N\xa7\x01\x10f\xd98\x9e\xd0w\xbd\
\xb0\xcd\x08v\xb5\xf5\xbe\xb3\xce\xda6@\xa5\xb6\x86\x92\
\xd2\x9a\x03\xcd\x18\x90\xe5&\xf9J\xe7yF\xe8\x08\xa2\
-\xcb\x82q\x18`-p\x9f\xa6\x95Q\xed\xbc]C\
(K\x11\x10\xb4\xeb\x90s\x85qL#QrA\xf0\
\x1e>x4X\xbc_\xdf\xd19\x8f\xf3\xe9\x84(/\
0 \xa0\xd84M\x02\x00\x9e\xd1J\xc64/p\xd6\
\xc0Y\x879F\x18\x11\xaa\xea\xfa\x1eU\x9em\xa5\x14\
\x0c}\x0fc-\x86\xd3\x09_\xbe|E+\x05\x97\xcb\
\x19\xa5\x14\xcc\xcb\xb2\x8e#\xe3,:\xb9&\xb6\x99`\
m\x8e\x05\xfd8\x90aW*\xbc#{q\x89\x91s\
\xc7X\xb4\xd2\xe0\xbc\x855\x0d1\x15\x9cN'\xcc\xf3\
,\xf9\xdc\x80e\x9e\xf1\xf2\xfa\x8a\xda\x18\x02\x9c\x96\x88\
\xf3\xf9\xc4}K\x04\x8c\xc1\xb2L00xyyA\
7\x0c\xf8\x87\xbf\xffO\x18\x5c\x86\xb5\x15\xf3\xed+9\
\xa9\xad\xc04\xde#\x9d\x8f\xad\x15\x94\x0a\x94Ra\x8c\
\xc3o\xfe\xe6\xdf\xe0o\xfe\xee\xdf#\x84\x11\xb9J\x0a\
\x02\xb3\x8eN=tM\x99\xb1\xcdi#@\xe0\xe3\xb6\
\xfd\xcc3<\xe9:\x9f\xf8\xaf\xceom\x0f\xf7\x19C\
V\x1d\xfbh\xab\x05\x90\xf4\x1a:%\x05\xa8\xb3\xc22\
m`N\xc2\x92\x08\xa2\xe7\x9c\x99WO\xf2`\xb2E\
\x86\xf7\xa6\x14\x18C@\xbb\xca\xcb,c\xc9\x94U\x91\
\x14g\x99/\xcf\x09@\xbf\x01\x85~mTkdS\
\xdaU\x99X\xf2\x09J\xd8}\xdb\xe7\xe4\x93kl\xb2\
\x86\xcc\xcb\x8c\x189\x8e\x14p?\x9dO\xe8\xd6pk\
\x05\xcf\x9f\xd8\xcf\xd2Od\x90\x162\x18e\xdc\xe9u\
\xb1\xcf\xa5}\x8dB]F^b\x96Z\x0f\x11\x90\xc3\
\x0e;\xec\xb0\xc3~\xbdv\x80\x7f\x87\x1d\xf6\xdf\xde\xac\
\xb5\x08!`\x18\x06\xf4=\xd5^C\x08\xf0>\xc0{\
\x07\xef\x03B`\xa2\xf7\x10\x82\xe4+b\x19\xfd\xac9\
\x8c\xf8\xd7!x9\xde\x0a\x9b\xccRi\xd1:\xb2\xf1\
\xf8#\x1a\x80\xe4\xd0\xdb\x03\x0af\x15I\xd8\xc0Fc\
\x18jc\x8cY\xc3l\x9c\xf3\x08\xc1\xa3\x93\xf3\xf7\xfd\
\x80a\x180\x0c#\xc6a\x5c\xd9.!t\x0c\xad\x93\
\xbck\xfa\xf7\xcfe;\xb8a\xfb!\x9f\x12rN\x88\
1\x0a#\x85\x0a\x9a\xd6Z\xb6\xbf\x1f\x10\xfa\x01>t\
\xb0\xce\xc3h\xf8\xb12\x1e\x85\xc9H@UY\x90t\
\xd6A\xdf]\x80\x01\xb2\x19\x98\xe7\xaf\xa1\x192\x86\x00\
a<\xae\xc0\x1d\xaf\x9f\xdd\xa0}\x22}\x0e\x03c=\
\x8c\xa1C\xad@\x07\xc3\x97#\x92\xb4\xbf\x14U\x0d\xdd\
\x9c\xba\x7f\xce~\xfd\xa5X)\xcc\xf3H\x16\x0f\xb6\x11\
! \x81\xf63v\xce\x9f\xdas\xff\xb5\x0f\xc0\xbdg\
\xdb\xef\xdf;\xdd\x7f\xea\xb8o\x8c~\xe6\xceA\x7f4\
\x03\xe6\x924x\xf0\xe2\x1f\xce\x09m\xef\xee\xb2\x9a\xb0\
l\x8cU`\xec\xe7\xcf\xf1\xa1\x19\x0ep9\xf3\xda'\
\xfc\xc6\xb1\xff\xe7\xd4\xf7\xdc\x97f\xe7\xc0c\xef\xd0?\
\xbd\x8cP&Pm\x0c\xefT'\x9c\xd3h\xebg\x03\
p^k_\x010\x8e\x02\x1d\xadH\xb8\xa0\xb5(\x02\
\x0cj=^\xc2s\xab\x84=j\xff\x11hc\xdd5\
'\xc0\x10\x00\x8c1\xc2\x8b O\xa9\xcc\x99g%T\
\xd1\x18\xaa\x9c\x1ac0\xcf\x13S<\x88\xa8\x06C\x85\
\x09\x94)\x0bu\x1d\x7f\xbb\xf5\x15M@\xde]8\xe4\
:\x9ed\xfd\xadkx/s\x10rM(\xe8\xfb\x1e\
1.\x00\x80\xd3\xe9\x0ck-\xbcc\xc8\xb3\x13\xe03\
\xa7\x08\xef\x03\xfaq@\xc9\x09\xcb4s\x1d\xef;4\
\x18\xa4\x94\x11\x97\x85\xed\x0e\x1e\xb5\x01)3\xdc\xb6\xeb\
<\x9c0H\xbb\x10P+\x01\xbe\x10\x02Z\xad\xe8\xfb\
\x0e}\xd7\xc3Y\x87ea.\xbd\xae\xebPk\x83\x0f\
A\x94}\x13\xee\xb7\xdb\xca\x1e\xd5\x90\xe0\xbe\xef\xe0C\
@\xd7\x93\xa1Y2\x81$k-\xe2\xb2\xa0\xb6\x86a\
\x1c\xe0D\x99c\x9e'\xcc3C\xac\xb5\xfc\xf9|b\
\xae\xdd\x99 \xe5\xbcD\xcc\xd3D\xb1\x93F1\x96\xe0\
=\xc6\xd3\xc8\xb6/\x0bN\xa7\x13\x8ce\xf8\xf3\xd0w\
\xe8\x02\xd9\x8b\xcey\x9c\xcf\x17\x84\xae\xc7\x8f?\xfc\x01\
}\x1f\x80\x92P\xf2\x0cT\xb2)y\xb3\x01\xd3(.\
Uk\xc3xz\xc1\xdf\xfd\xaf\xff\x07\xfe\xfa\xef\xfe7\
X?\xc8\xfa\xcd\xf5]\xc7 \xf3\xed\xe9\xb8\x15Q\x0f\
\xca\xd6\xf0\xb3\xee{\xfa\x97\xf5\xe88\x91-\x0fe\xb6\
\xcf\x0f\xe3\x86G\xae/\x9e\xe4\xf1\x05\xc8\xfc\xd5\xafz\
\x1a\xce\x052\xa8\x0942\xfd\x05\x9fe\xdb<\xf52\
\xee)\xbca\xf9/\x94\x9d\xb7\x95\x13\xbe\x1f\xd0\x98k\
\xb0)\x9bP\xd9\xf5\xe0\xf5\xd4\xc2m\xda\x06\xaa\x92p\
;\x00\xf9\xfd\x22!\xca\xb2\x080\xaf\xa5\x88\xd8X\x8f\
\x923\xa3\x12\xc0\xb5#\x84N\xc4ntQ\xd4\xbe\xdc\
\x8c\xebP\x93h\x84\x8d\x11\xddDu\x98@\x1fY\x80\
J\xdae\xaeP\xc9\xf1{0\x00\x0f;\xec\xb0\xc3\x0e\
\xfb\xb5\xda\x01\x00\x1ev\xd8\x7f\x1f\xe3\x0fge\x9al\
\xdb\xf9\x03\xdd\xac\xffn\xdb\xf7?jy\xc0v\x9c\xd6\
\xa1N\xef\xd3\x1f\x1a\xc3Z\xe4\x00\xfdW\x5c\x82\xb5>\
:\x13ve\xf7\x19a\xa1\xa8\xe3\xb1w6\xfeG\xd8\
vMT\x8e$@V\x98\xc0[\x18\x10{\xdb;N\
\xf4%\xf8]\xa2~\xb4\x17\xd7~h\x0f\xc0\x84\xd6\xc2\
{\x943\x05\x03\x8c\xa5\xd3\xbe\xd6m\xc5ah\x80s\
AD[4\x04\x8a\xf6\xe0\xa4\x19\xe9o\xa1\x05\xa5\x94\
$\x19\xbe\x83\x0b\x04\x10s.(%K\x9eD\xde\x0b\
H\x9e-',Ak\x99\xd3k\xf5\xe8\xfe'\xb2e\
\x99\x99\xa3I\x92\xdds<\xef\x19\x80\x12\x9a\xf6\x17\xd8\
\xfe\xde\xff\xb1\xef\xdb\xdc\xa1\xc3\x0d0\x07\xe0\xc3\xec\x94\
2\x0f\xe5u\xbc\xfd\x0c\x98\xb6\x9eO\x86\xc6n\xc7\xfa\
\xd1\xac\x8e\xeb\xc6\xa2\x93\x1d\x04\x00\x1f\x8b\xb3?\xe4\x98\
\xe7\xf6\xed\xdbF1\x13\xc8\x7fv \xe3\xeeZ\xf6\xc7\
\xb22)\xa7\x87\xeel??\xd4\xf6\xf54\x01\x1b\xc9\
\x1c\x12\x86\xda\x0a\xc61Q\xbf\x82)hm\x15\x99\xe0\
zY\xe53\x18\x9ai\xb0\x02+\xc6Y\xb2|JA\
\x08~\x0d\xe95\xa6Q\x19\xd5\x18\x82\x07\xada\x11\x90\
/\x84 \xa1\xb3\x9cJIDAV\xe0]\xfa\xc99\
\xc7\xd0\xcfR\xe0\xadCZf\x5coW\x8a\x0a\xa4\x84\
\xf1<\xc29\x87\xe0\x03\x86q\xc4\xd0\x0fp\x02\xcc5\
\xb9\xe9F:\xba5a5\x89\x9amN\x99\x8b\x12\x80\
X\x0aL\x03\x01:\x00\xe7\xcb\x05\x00p\xbb^\xd1\x85\
\x00\x17\xa8\x92\xdb\xf5=\xd0\xcc\x9ac\xb6\xd6\x0c\xef\x03\
r\xc9\xa8\xa5`\xe8\x07X\x1f\xb0D\x82Y]\xd7\x89\
\x00B\xc5t\xbf\xc3;\x87q8\x89pQC\x5c\x16\
8\x03XO\x06\xf2\xd0\xf7\xc8\xa5\xe0v\xbb\xc1X\xe6\
F\xa4\xb8\x06\x90SF\x08T\xd9\x0d\x1d_\x0e\xdd\xee\
7\xa4\x18qyyE)\x15\xf7\xdb\x1d\xde\x93\x95\xe9\
\x5c\x10\xe6\x18\xfb*\xf4=RZPr\xc6\xe9t\x92\
\xfe\xb5\x98\xa6\x05\xbf\xfb\xeb\xbf\xc6\xfb\xdbW\xdcnw\
X\xeb$\x0f#\x19\x9a\xceZ|\xf7\xfdwx\x7f\xbf\
\xe2\xfa\xfe\x86\xf14\xa2\x94B\xc1\x13\x99\x13\xb5V\x9c\
N'\xe4Z\xc8d\xb4\x04a\x9ds\x88K\xc4\xf7\xdf\
\x7f\x06`\x90s\x11\x01\x93\x82a\x18\xf1\xf7\xff\xf9\xff\
A\x9c\xdf\xf1\xf9\xd2c\xfa\xfa\x07\xd4\xc6\x1c\x8a\x1c\xe6\
\x15\xa8\x15\xadY\xbc~\xf77\xf8\xdb\xff\xe5\xff@w\
\xfeL\x90\xb96\x00d\x93r\xdd\xffhvc7\x03\
9\x0f\xb6\xf9\xa7\xcf\xfa\xbd\x19\x00\x04\xe5\xb0\xcf\xed+\
/\x9f\xb0;~?O\xf5\xbb\x11\x01\x8dmZ\x0bx\
W+\x8c\x88\xac\xe4\x9c\xb8~\x192k\xad\xf4\x13\xe4\
\x98\xd6\xf8R\xc1\xc2\xc8\xcb\x16i\x835P\xe5\x9e-\
_ \xcfQ\x1a\xe7\xad\xb3\xcc\x11\x18S\x82u\x16~\
\x15d\x22[\xb0\x94\x0c\x0b\x8bT\x0aB\x17V \x5c\
\xdba\x0c\xcf\xa9m\xa8\x12\x8a[j\xc1\xfd~G\x92\
\xdc\xafV^\xac\x9e\xcf\x17\x01.\xf9;\x88\xe7\xda:\
\xb5\x09\x18\x09K\xf0\xbeV\xcec\x82\x9eL}\xd0*\
U\xc2\xb5\xfd\xb5\x92\x1d\xe8\x9cG-\xe5`\x00\x1ev\
\xd8a\x87\x1d\xf6\xeb\xb5\xff\xfb\xff\xfa?\x9f7\x1dv\
\xd8a\xff\x0c\xc6\x1f\xea\xfc\x11\xfb\xd1\xdf\xca\x16\xfb\xb3\
\xfe\xf6\xc72\xc4\xd59\x0f\xef\x85U(\xccB\xb2\x0a\
\xe9\xb0\xf1\xafG\xd7\x85\x95\xe1\xa7\xfb\xc9L\x0c;F\
\xdb\xd6\x96\xff\x9e\xb6:$MU9\x13rf\x08u\
)\x1aFM\x10\x8c\xec\xa7]\x9f<F\x01\xd1\xc4Q\
\xa1\x7f@\xc7e\xdf\x8f\xb4\x0d\xa8\xd8oS\x07\x0bP\
\x9f\x89\x9f\xa9\xb4\xaa\xa5 \xc0)\xeb\xdeL\x9d>\xfe\
\xadh\x03\x1a\xacc\xc8\x22\x0c1,k\x9cx`@\
\xa3\xc8$\xff\x95\x5ci\xb9d\xd4\x9c\xa8\xe8Y\xa8d\
*0\x87\xe02\xff}\xef\xd1\x7fok\x22\xb2\x83\xa7\
\xfb\xa3\xff\xe5X\xfd\xe8\xe6\xffq\xdb\x8f\xed\xbdc\xfd\
l\xfb\xf1\xd2H\x05\xe3\x0e\x1d\x1b:\x96x{W[\
\x1d\xf7m\xd3\x83\xad\xe7{$\xff\xc98\xfdx\xee5\
\x11\x88\xd01\xd8\x04Xz(kv\xe0\xa4\x00\x0e\x7f\
\xd2\x8c\xb0\xd4\xbe1\x19\x98R\xbf2\xbc\x08V<\x96\
7\xaa\x0e\xaae\x1f\xfa\x07 \xa7\x88\xac\xb5\xf5\x180\
l\x90\xe1\xef\x04&r\x8a\x04q\xe4\x96z\xeb%\x5c\
V\xd4w\x15\x1c\xf7\x0c\xd5\xab\xa5\xc0\x19\x83 \xec\x9d\
RX\x86/\x0d\x0aCdsAk\x0c7u\x12f\
\x1a|\x10\x81\x04\x02\x04K\x5c\x00c\x10\x82\x97\x1e\xe3\
\xfc\xcf)!xO\xc1\x0c4\xf4=Upke\x1a\
\x00\x08\x1b\xd0y\x86\xf5\xf3\xfa\xa5o\xd6.2+\xf0\
@\x00+\x02`n4+\xebXC\xc38\x9e\x000\
7\x9a1\x06\xd69\xccq!\xc8!@im\x15K\
\x9c\x09\x9aJ\x0eS\x0diN\x1a\xae\xeb\x1c\x8a\x82C\
\x96\xaa\xc0]G\xf5\xdf\xda*r.+\xc0R\xd0\xc8\
\xf6\x93\x9clYD\xab\x9c\xe3}\x0a\xbeC\xce\x05\xb7\
\xfb;\xd3\x1eX\x87y\x9e\xd0*U\x83\x8d\xe4u\x9c\
\xee\x13B\xf0\x08\x9d\xc7\xe5rF\x8a\x19\xce\x19t}\
/u\x19\x8c\xe3 \xac:\x09\x11\x07CT\x97eA\
J\x05)\xa7\x95\xd95\x0c\x03\xe6ib\xde\xdcZ\xd1\
\x0f\x03\xfb\xd924[\x9f{v\xcd\xf3G\xe0h\xe8\
{\xb4\xd6\xe0\xbdg;\x1bA\xd0e\x89\xc89\x01 \
{\xed|\xbe\xe0\x1f\xfe\xf1\xf7\xe8\xfb\x1e\xa6D\x86\xff\
j8}\xc9\x00\x1c\xfe\xeao\xff\x1d\xfe\xf6\xff\xf5\xff\
\x85\xef_\x04\xf8\xd3\xf5F\xe7\xe8\xe3\xfa\xb0\x9f\xbb\xcf\
e \xcf*e\xa1s\x87\xcc=\x1d#\xb2\x99\xd3\xd6\
\x08[N\xd6\x1e\x9doO\xd3\xd9Z2\xfad\x90\xc8\
\xf3N\xd6\x07y^ae\xdfm\xcfL\xd6\xb6\xcdW\
#yr\x8b(o+@\x07\x99\xcb\x96r\xd4\xeb\xfd\
\xe1\xffX\xbf\x15\xe6k\x11\xc1\x16\xabBfv\x0bU\
w\x9ey\x81\x9de~\xc6\xb5\xed\xd26\x15\xc4\xa92\
\xaek\xe5\xbc\x9d\x97i\x05$\xf5\xb7\x89ud\xf0i\
\x7f\x7f\xd3)bz\x0f8\x06\x0ajQa\x17\xdd/\
 \xa8\xe1u\xb4\xc6\xfc\xbd@;\x00\xc0\xc3\x0e;\xec\
\xb0\xc3~\x9dv\xb0\xff\x0e;\xec\xd7l\xcf\x8e\xc8\x1f\
\xff\xfb\x1fetl\xda\xfa\x06\x9e\xa1\xbdYXq|\
k\xaf\xb6\xb6W\xffg\xd4!S_\xea1$\x99\xdb\
\xf6\x8e\xd6\xfeo\xadu\xd7W\xdcB\x87\x87L%\xcd\
wdV\x06\x06\x01\x18\x00(\xadI\x08\xd1\xe3\xb1\x0a\
\x84l!\xab\xdav\xb6\x97\xf9\x86\xe8\x88T\xc9\xd1\x04\
0\xcf\x16\x94\xe9\xb4\x86\xbe\xd65\x9fY)T\x18.\
\x95\xe0h\xa9\xc2\x9a\xd89A\xff#\xef\xe5?\x87)\
0\xa1\xf7H\xb6\xee\x00\xa6o\x01\xc0m\xdf\x9f\xee\x8b\
\xad\xff\x1e\xb7\xe1\xc3\xe3\x9f\xbfo\xe3\x02\xe2pk\x09\
\x03z\x9a\xdf\xd6\xf1sF\xa0m\xbd\xc2'\x80\x0d\xda\
\x1e\x19\xdbmG\x0a\xe49\x1e\x1d\x7f\xd6\x07\x19\xf7O\
\xd7\xb9\xbb\xbe\xf5\x88\xa7f\xee\xfb\xc0l\x87|h\x9c\
'\xc2z\x83A\xad\x19P\xa6\x8d\x5c\xd7z~9\x1d\
\xc3\x06\xc9\xc8\xb1N\x81\x00\xaa\xd7\x1a\x09\xdf\xb5\xc2R\
j\x8d\xea\xa5\xd6Z\x94\xdaH\xfe\x84\x84\xf4Z\x0b\xeb\
\x1cR\x13\xb6\x99$\xfb\x87\x82\x8dF\xf2\xe1\xf5=\xbc\
\x0fh\x92\xcf,\xe5\x0c\x08h\x99\x13s\xe8\x0d\xe3 \
\xf5\x16x/9\xcb\xc0\xf9\x1dSD\xe8:\xbc\xbe\xbe\
Rm\xb6H\xf8\xb2!k\xc9y\xbe\x80\xc1\xdaw\xdf\
\xae\xab\xadQ\xb0H_\xde\xd4\xa6\x0a\xbe\x05\xc6Q\xa5\
TS\x19\x14\xc9M\xe8\xaccx\xb2\xb3@\xabX\xe6\
\x05\x15@\xe8\xbaU|\xa8d\xae\x93\xce\x11\x0c2\xd6\
\xc1\x08\xeb-\xc6M\x8cJ\xfb>x\x11:\x10\xa1\x11\
\xe7\x1d\xe2\xb2\xa0\x08\xa8\xe9\xac\x80&\xb9\x888\x0a\x99\
\xd0\xc38\x02\xc6\xe0~\xbf3\x1fj!\xd3\x8e\xf9\x1b\
\xf9b\xa2\xeb\x18\x9e\xd9*\x19|:\x06\x8c\xa5p\x8b\
\x8ea+a\xb3\xb7\xdb\x15\xb5\x16|\xfa\xfc\x0ac\x80\
\xbe\x0b\xb8\x9c/p\x8e\xa0%\x8c\x81\xb3Tq\xeeE\
\xe8\xa3\x94\xba\x8a\xa3L\xd3\xb4\x86\xfb\x92\xfd\xc7{\xef\
\xa5oB\xe80M\x13\x1a\x84\xf5(\xc0\xd1\xcb\xeb'\
\xcc\xcb\x8cy\x9e0\x0e=j&([K\x06\x8c\xc7\
_\xff\xdd\xff\x86\xdf\xfd\x9b\xff\x1d\xc6\x11\xb4\xe4\xbd$\
x'\x97\xf0\xcd\xfd%\xa3U\xfft\x16\xee\xe7\xd8\xfe\
\xc5\x9aR\x84\xf9\x99U\xb1t\x03O\xc0Q\xa4\xac\xbb\
\xdd\xb9\xf4\xdc2\xdf\x9a\xcc=\xb4\x0dTk\xc2\xa6\x93\
Y\xbc\x86\xf1Z\xc7qG!%\x11\xf3\x100\xae\xd6\
\x8aV8\xe6\xd8,2\xe88\x0fyj\x8a\x7fp=\
\xd0\xd4!M\x01Fe\x16\xca\xd5\xebxw\x9e9\x01\
\xf9|\xdb\xd6\x15\x05\x82\xd5\x9c%\xeb\x96!\xd6\x0cO\
V\xc0^\xd7\x03\x8e[\xc3}\xe6\xe7\x99\xdf\xdb\xba\xc5\
^\xc4^\x90\xcdH\xa4\xb7\x8cC\x18 \xe7\xcaPx\
\xc3\xb9\xfc\x97\xbfR:\xec\xb0\xc3\x0e;\xec\xb0\xc3\x0e\
;\xec\xb0\xc3>\xb4\xd6\x1aZehPJ\x11\xcb\xb2\
`Y\x16\xc9\xe5\xa7y\xf0\xaa8Y\xc2\x98X\xff6\
{dc\xe8\xdf\xc6`$\xa3C\xbe\xb7\xc7r\xd2\x92\
]=\xea\xdc\xf1\xdf-I?\xcb\xd2o\xa1c\xac\xe0\
\x08\xd4\xf1Y\xf7\xd3YZ\x1d\x15\xc3c\xb8\x9f\xe1J\
jV\x15\x89\xc5\x11\xd2\xe3\xf8\xe7\xc4\xd9\xb4d0I\
h#S\xc5\x1b\x94\x5cQ$g\xd8\xfdv\xc5\xd7\xaf\
_q\xbb\xbd#.\xf3\xaa\xac\xf8k\xb1\x9f\xbb\x96u\
D\xec\x1cH\xf6\xf1\xc7\xe5\x7f\xce>:\xfeq\x8cl\
m\xd8F\xa1\x9ccK\xdb\xb5\xee\xdf\xdb\xbe\x8e\xbd}\
\xd8F\xf3X\xd9s\x1b\x8c\xb0\x87\xcc\x0ep\x5cgD\
{\x0a\x11\xd6\x90S\xdd\xf7\xd4\x96\x8f\xae\xad\xe1)\x14\
Y\xac\x89\xb3\xcf\xf3\xe0\xe1*\xb5\xbf\xb8\xdf\xc0\x1a\x83\
\xf2\x8d\xd2\xb9e\x1e>\xe9,\x05\x1cJ\xa1\xf0\x03\x9d\
r\x86\x0a\xf2\x9a\x855$\xe1\x8393\xac\xd0y\xcf\
\xa8Y\x01$r\xce\xb0\xce\x92\x81&l\xa1\xae\xeb\xd6\
nP\x00/\xc6(\xa1}T?-\x85l e\x0b\
\xc6\x98\x10\xba\x1e\xc1{\xc4yf\x08\xaau\xa8\xb5\xe1\
~\x9f(,$\x82\x13\xba-\xc6D\x96\x920\x95S\
\xa2\x1a\xed\xaaN\xbd\xeb\x9f\xfd\xbf\xd8\xb1\x9et\x9d\xa3\
\xc0\x04\x99Q\xa5\x16\x02r\xce\xc2y\x86@s\xd6\x93\
i<\xcf3\x1a\x1a\xce\xe73\xc5\x1bv \x8a1\x0e\
1Rd(.\xcc+\x8a\xd6\x10\xe3\x82\xfb\xf5\x8a\x14\
\x17x\xb7\xb1\xaf\xfa\xbeG\xe7\x03\xbc\xf7\xc89#\xa5\
\xc4\xf5V\xf2\xb3)P\x99RBmY\xee\x1d\x15\xb7\
k\xad\x0c1\xce\x05\xcb\xbc\xa0\xb5\x8a\xae\x0f\x00\x0c\x9c\
\x0d\xc8\x89\x82.\xb9\xb4U\x99=\xc5\x84\xdb}\xc2\xb2\
D\xa4\x9c1/3B\xc70\xce*!\xc1\xbd\x08\x85\
\xc4\x18q\xbb\xdd\xf1\xe3\x0f_VVZN\x11\xd3\xed\
\x8e/_\xbe`\x9e\x17\xc4\x18\xf1\xf6\xf6\x86Z+\x86\
~\x00Z\xc38\x8c\xe8C\x0f\x03\xc9\xf5f8&\xe3\
\xb2`\x99g\x18cp\xbb\xdf\x01\x03\xa4\x14q\x1aO\
\x98\xef\x13\x8c\xeb\x00\x1b\xd0r\x861\x1e\x7f\xf3w\xff\
;~\xfb\xb7\xff\x1e\x15\x1dZ\xdb\xc2a\x8d0\xc5t\
n\xeax\xe5\x8b\x9e\xa7\xe7\x94\xb1\x04\xfcv\xcf\x14\x80\
9d\x9b\x96z\x98\x87\x00vi)X\xcb~Ro\
k\xc2\x96\xdeC@\xf6\xdd\xfc\xe7g\x01\xddws\x14\
\x86}\xd2\x1a\x818+ \xb1\xd6[E\xe5X\xdb\xc0\
{\xc9\xf4 \x9c\xbblW\x91t\x1c\xda~\x05\xaa\xb3\
\x00\xd7Z\x16\x00j\x11\xf0\xdeZ\xea\x8a\x09\xfb\xd3\x0a\
3PY\x7f\x1a\x9aov}k\xad\x85\x91y\xaf\xe5\
y-\x15%'Q\xd1\xfev\xc1j\xbb~\xc2\xc3\x1a\
%9\x0a\x0d\xb7e\x99\x07F\x84\x88JI\x22)\xc2\
\x9e?\x00\xc0\xc3\x0e;\xec\xb0\xc3\x0e;\xec\xb0\xc3\x0e\
\xfb\xaf0\xfd\x01N\xe1\x8e\x05K\x9c\xb1,3b\x8c\
+\xeb\x85~C\xdb9\xd1;\x87JX\x10\x0f\x7f\xab\
\x0a\xa0\x11\xc0lo\xdb1[\x1d\x9b3\xbe\xafGM\
}'-\xdfV\xee\xdd\xde\xa1 \xe8\xb7:\x15\xad\x89\
\x92\xa8(H\x82\xa0\x07VgN\xbfo #\xcb\xd0\
\xc9\xd93\x1c\xd5\x99o\x02V2\xb4\xdb\xa1\x89\x93L\
\xd0\x84\xf9\x02\xf9oE.\xcc\xbd4/\x11\xf7\xe9\x8e\
\xfb\xfd\x86\xe9~\xc3\xb2\xcck\xbf\xfe\x92M\xfbUY\
\x97\xeb\xf5\x18\xfe\xe7\xf9\xf2>\xba\xaf\x7f\xca~\xb6\x8f\
\xb6\x01\xb1\xdb\xf4\x08\xe4>\x9b\x8e\xde\xf5\xef\x83\xc2\x1f\
\xb6\xed\xdbb\xc0S\xd9\x87\xcf\x1c\x95\xeb\xff\x9e\xcd\xb4\
\x8fU\x81\xf7\xb6\xb6\xed\xa9\xd1\xfb6o\x80\xb7\x96\xdd\
\x01\xe0zZ\xe9\xa7V\x1b \xa2\x1b\x1c\xfb\x06\xad\x15\
9\xd6\xacu\xe8\xfc\x811\xf0\xce\xf1X\x01-k\xd5\
p?2\xd8\x08\x94[\xa4\x18Q\xa5\xae\x5c\xa9\xfe\x1b\
\xbc_\x05\x08\x9c\xb5\xc2\xd4b\xf8j)\x05\xcb2a\
Y\x16\x11\xad\xa8\xc8\x91\xa1\xb5)'9/0\x0c\x03\
\xba\x100\xcf3\xe6eF)\x05\xce:\xe4H\xe1\x0c\
\x9d\xe7NXs\xcb\xb2\x104\x93\xdc\x83\x80\x01\x1aU\
M\xab\xb0\xa3\x9eM\xfbCM\xd7<\x8eS\x15b \
x\x92sFk\x15Vr\xd11\xf5A\xc1\x22m\xb9\
\x5c^(\xd4P*C2\x85I\x99\xd2B\xa1\x84&\
k\x96\xac\x17\xe30\xa0\xeb\x02\xfa\x8e\xa1\xb1}?\xc0\
J\x8e\xbdi\x9ePr\xc6\xedz\xc3<\xcf\x881!\
\xa6\xc4K\xb0\x06\xc6\x19\xf4\xc3\x80\xe0\xa9\xba\xdaZ\xc5\
\xdb\xd7/\xf2\x82\x03\x08}\x80\x0f\x1e\xc1yXc1\
\x0c\x83\xb0\x9b\x0d\xa6\xe9\xbe\xaa\x05{\xef\x89\xb4HX\
v\xcd\x19u\x0d\xcb\xa5\x98\xcb\x0f\x7f\xf8\x11\xcb\xc2\xf2\
K\x9cq\x9f\xaeh\xa8\xb8^\xdf\x91K&\xb3\xb3U\
\x84\xe0\xf1\xf2rB\xd7\xf7H)a\x1cG4a\x8b\
\xc5\x98p\x9ff\xfc\xf4\xd3O\x0c\x89N\x09\xb7\xdbm\
\x15\x8aJ)\xc1\x1a\x8be^p}\xbbR\xd4j\x18\
E|% \x17\x87\xbf\xfe\xbb\xff\x0f~\xf3\xb7\xff\x0e\
\xb0^\x00Qe\x95\xcbK\xa5\xdd\x1a\xf3\xf8Yf\xa4\
\xb0\x03\xd7\x0f\xbc\x19\xbc\xf1:GV\x80~7\xafX\
\x1b !\xbdZ\xa7\xcem\x9d\x1f\x9c7\xdb\x11*r\
\xd3\x84\x01\xac\xf3\x0a\xbb5\xc0\xca<6\x8e\xb9\xee\xda\
^\x98D\xca\x92EJQ\x0e\xe3x\x1dz>\x1d\xbb\
\x0c\x0e\xe7\xf9\xadS`\x1f0\x8d\xe3\xdeZ*{\x1b\
\x0d\xedm\x04\xde\xdb\x0a\xf4?\xce\x7f\x0d3o\xd2_\
\xa9\x08\x10\x0d\x9e<'\xe6\xcbTu\xed*\xa2,q\
Y\x10#\x95\xa0\xf7\xf6\xc1\xd4C\xadu\xcd\x9bi$\
\xdc?\xc5eU6N1q\x9e\xd7\x8aV\xc8\xbcm\
\xf5\x08\x01>\xec\xb0\xc3\x0e;\xecWhG\xf8\xefa\
\x87\x1d\xf6\xcfm\xea<\x94\x92\x99_\xaa$\x94L\x87\
\x96\xce\x80\xe6\x0b\xda\x9c'\x9aY\x13\xfdc\xe7KI\
\xb1\xf5o\xef\x88m \xc3\xa3\xed\xaa|\xdc\xbe\xf9>\
\xeb\xce\xbdS\xa7\xff6\x0d\x9f\x03\xc3\x82\x8d0\x08\x8c\
\x863\x89\xa3Np\x0f\xccQ(\xac\x0c\xad_\xdb\xa9\
e\xd4\xe8Ho\xca\xa00\x04\x04\x9da\xe8\x9c\xd6\xe3\
$\x1c\x99\xed\xa2\xe3\xc4\xbe%\xe0\xa1\xe1\x81mu\x92\
\xc8L\x9a\x97\x0d\x5c\xc5>\xdf\xd3v\xe1\xff\xe2\x8d \
K[\x9d@\x9a:\xce\x0cc\x8410\x7ff\xb8\xad\
:\xa1\xcfe\xb7{\xc4\xed\x8d\x1b\xe5O\xfc\xde?\xa3\
\xfeg3\xe2\x9csL?\xdaG#\xf6\xf9;vm\
S\x93+x,k\xe4?\x02\x14\xac\x9bv\x80\x80^\
\xfb\x87'\xd1\xa3v\xfb\x94\x81\xb6\xed\x97\xcfJ\x15\x5c\
\xdb\xa4\xe2\x08:g\xb6C\xb6k\xdc\xe6\x83\x82\x8a\xc6\
p\x0ePyW\xfaW\xc0\xa5\x92\x09\xd68\x1f\x90s\
BZ\x16\x19\xd7\x04\x91Bp\xab0A\x03\x05{\x08\
6Q\x88\xa3T\x86\xbf\x8e\xa7\x13\xba\xaeG-\x05\xd6\
[\xe4\x92E\xb5\xd7\xa1\xd5\x06\xeb=ra\xca\x01\xe7\
\x99K5x\x8fE\xc2E\xbd\xa7\xba\xaf5\x06\xad2\
\x0c5\x09\x98\xa49\xf8\xf4\xfe\x04\x09Y\xe45\xea\xf5\
n\x1dZ\xeb\xf6\xa2\xc0\x18+,\xc4,a\xa9\x0c\xf1\
\xaf\xb2\xde\xe8\xcb\x00\x82\x83\xac\xdf\xf9\x80\x06\x0a\x09\xe9\
\xb9\x8a\xce\xf7Z0\x8e#\xac1p\xde!\x97\xbc\xbe\
\x13\xb1\xa2z\xea\xac\x85\xf5\x1es\x5c0\xcf\x13bd\
\xbe\xc5\x22\xe1\xcc\xe38\x22\x84\xb0\x86d[\xc3\xd0\xdb\
\xd6*^__Q+\xf3\xf45P|\xc7{\x87\xd3\
8bY\x22Wlg\xc8Rl@\xae\xbc\x17\xa1c\
\x9e\xc0\x9c\x13J\xca8\x9f\xcf0\xc60\xdcZ\x84\x8e\
\x88\x9b6\x84.\xc0Y\xb2\xbeB\xe80\xf4=\xfa\xbe\
\x875\x14\x7f\xa0\x1a,\xc3{\x97\xb8`\x99\x17t]\
\xcf\xf1\x87J\x11\x0a9W\xdfQI\xb8\x1b\xa8\x08\xdf\
\xf5=>\xbf\xbe\xca}\xe1\xf9\xc7qD\xae\x05\xefo\
_\xf0\x9b\xef~\x8b\xdf\xfe\xab\xff\x15\xdf\xfd\xcd\xbf\x81\
q\x9d<\x81\xc8\x963k\x9a\x07]\xffu-\xd8\xd6\
d5\xd9,\xa6\xf3~\x1b\x0b\xe6\x9bc\x9e&\xe3F\
\xa0\xe3\x9c\xd9\xed7f\xff\xd0\x22\xf8\xcb\xf9\xa6\xa0 \
\xf7\x19\xc9\xd3g@\xb6\xa0\xb1*\x1aD`M\xeb\xe4\
\xdc\x91\xdaVu\x5c\xa6\xa1\x80\xae\xbd\xbbf\xd6\x22\x0c\
Be\x06Z\xae\x8d5SL\xc38\xbdx\x05\xe3\xf9\
\x14\xaf\x12\xb3\xbf\xcd\x7f\x82\xb3\x0c\xf1e\x98\x7fmd\
\xb5\xb7\xca\xb4\x00|&2\xcc\xd8\xc8\xcb\xb0,j\xc0\
\x00_\xc2\x84\x10V0z\xed8\xe9Z\xed\x17\xed\x1b\
k,\xfbLT\xc3\xad\xe4\xa5\xcc\xc2\xde\xe5\xef\x10\xd6\
m\x8c9\x00\xc0\xc3\x0e;\xec\xb0\xc3~}v\x88\x7f\
\x1cv\xd8a\xff\x1c\xa6\xc0T\xce*\xe2\x91%|\xa7\
\xea\xab~aS(\xa3\xe2\x11x\xa1\x8f\xa3\xc0\x8bn\
\xdf9IF\xa8\x09z\xec\xf3\xbe\x9d\xe97u\xfa\xf4\
\xdf\x07\xe7@\x1d2)\xac\xed\xe0q\xd8\x9c8CG\
\xa3\xed\x84:\xa4\xd4\xee\x18:*k\x9d\xd8\xe5\x1d\x02\
\x9d~-\xa7\x87\xec\xcb\xc1H\xde'\x01\x0f\xc8\x00b\
\x88\x95\x910\xc0&\xce\xda\xfe\x9av\x8dY\xfb\xab5\
\x08\x9b\x88L\x8c\x9c\xf3\x1a\xae\xb5\x95{\xbc\xde\x7fi\
\xd6\x1asC\xf2\xe6\xec\xef\xb3\xf4'8F\xac\x8c\x95\
?\xd7\x9e\xafY\xbfk\x9f\xd2x\x0e\x11o\xe6\xd9\xf7\
 \xe1\xcf\x9cN\xcb>\xb5x\xfdf\xd0\xa8\xee\xb9+\
\xb0\x96\xe7\xae]\xe9\x9d\xb1\x01\x1co\xb2\xc1H\x9b\x1f\
\xf7?\x9e|\x1d#{\x93}\x8f\xd7\xbb^\xf2\xae\xfc\
\xae\x22\xf9\xcc]\xdc\xd6 l&\x01\x0a\xedN\xfdS\
\xcd\x88Bi\x83\xce\x9d}y\xaa\xf8\xd6Z\xe1\x1c\xf3\
\xfe\xe9\xf8F\xa38E\xdd)\xe4\x1aa\xd5\x12\xa4b\
(*\xf3er\xfe\xf8 `\x99\xa5co\x9dC?\
\x0c\x98\xe7\x09\x00\xc3L\xd1\xc8:\xbc\xdf\xae\x98\x97\x99\
\xac\xa5J\xc6]\x12q\x8c\xba\x82!d\xca)(\x07\
Ph\xa3\x94\x82\xf1tb\xbb=C\x90\xb1W\xed\xb6\
\x8e\x8a\xb2\xbb\xfe\xab\xc2~6\x06p\xce\x0b\xd8O\x90\
m\x9b\xeb\x12Z\x09\xb3\xe6\xb8[\x96\x05\xf7\xfb\x8cq\
\x1c\x81\xa6\xa1\xc3\x05\x90P\xd9\x9c2\x8a\xb2d\xe5\x05\
\x02\x81;eU\x13\x00\xa9\x02\x9e\xce\xf7\x89lA\xe9\
\x7f\xf6\xbd\xc78\x8e\x18\xfa\x0e\xcemj\xaf\xcb\xbc`\
\x9af\x0cC\x0f4\xe0~\xbb\xc9\x9a\xd2p9_\xd0\
\x05\x86\x5c\x13\x84$K\xd19\x87\xbe\x1f\x00C0p\
\x9a&\xa0\x11<\xf2\xde\xa3\xef{\xdc\xefw\xc4%\x8a\
\xa0KC\xca\x09\xe7\xf3y\xcd\x01\xa7\xcf\x07\x08\x8bq\
\x9e\x97\x95-^kE\x8c\x11\xcb4\xe3\xf3w\xdf\x89\
 \x88\xc5</\xc8\xb9\xc0\x18\xa0\xef:\xf4}\x8f\x22\
\x82+?\xfe\xf0#\xefs\xab\xf8\xe9\xa7/0\xc6 \
\x04\x8a^9o\xf1\x87\xdf\xff\x01\xe3p\xc2\xbf\xf9w\
\xff\x1e\xc6\x92\xad\xf8<\xcfu]\x85\xae\xdd\xc6H\x8a\
\x09\xac\xa1\xba\xeb\xd8\x17\x1c\x8a\xdf\x0c\xac\xbe\xcc\xd2g\
\x9b\x94Q[\xb7\x99m\x8c?l\x7f\xa8{[\xfb\x8c\
\xbe<\x82\x80~\x06\xeb3F\x8f$\x18\xc8\xf6\x96\xc2\
y\x06Q\xf0-\xb5pNHy/\xc2:hD\xee\
\xdb\x8e\xa5\xa7e\x8c\x0a\xc4\xc8\xb9t\x5c\xc3X\x11\xf4\
\x11\x90Q\xd6\xe5\x22\xcf.\xb4\x06+9qS\xcah\
P\x00O^\xb2\x15\x0a\xdc\xe8q:\x06r\xe6\xd8N\
9#\xc6Er\x81:\xb4\xca\xdc\x82{\x80\xdc\x18#\
\xca\xdb\x9b\xb5\xc6\xb0kv\x9fA\xca\x05VRmP\
\x98d\x1b\x9b!x\xe6+\xfc \x9e\xe0\xb0\xc3\x0e;\
\xec\xb0\xc3\x0e;\xec\xb0\xc3\x0e\x13S\xa0\x86\xe1\xbdq\
U\x5c,e\x07~\x09`\xa1\xff\xc5\xce\xa9Y\x7f\xbc\
\xaf?\xfc\xcd\xea!mN\x90\x1c'\x00\x84\xfeos\
\x96\x04\x1c3+\xce(\xb6\xf3\xb4\xbe1\x05\xeaX\xea\
\xb9$A\x00UG&\xeb\x8e`\xe6\x16\x16\xb5\xe6\xe8\
\x13gi\x03O\xd4\xe9f\x22}&\xd3gx\x9f\xd4\
\xbe^\xf3\xca\xbc\xa8\xcc\x8d\x98k\x96\x90.&\xb1o\
;\x8c\xafU\x05#\xf6@\x8d\x84_)3Q\xfbW\
\xd80\xb5\x92]\x91K\xc64\xddq\xbd\xbe\xe3v{\
\xc7\xb2\xcc\xabC\xff/\xd5\xda\x13\xf3\xce\x18e\xb1\xec\
\xbe\xff\x19\xf6\xecT\x7ft\xcdk]\xfb]2\xde\xa0\
\xce\xa4\xfc=\x00\xcfb\x1f\xd5\x09H(\x9e|V\xf8\
\x8e\x1e\xb6~\x94\x0f\xb2kW\xe2\xc1V\xdfV\xeb\xfb\
\xe6|r\x8d\xcf\xdf\xf7\x80\xc6\xb6\x99\x1f\xd7\x81\xb5m\
\xfb\xd6\xcc\xd3\x1f\x84\xd5\xa8s\xbf>\xf6\xd1\xfa\xbf\x8d\
e\xc4rmw\x22\xc9\xb3Y\x09\x88\xb5&s)%\
\xa0\x01\xd6y\xe6\xe8\x13`\x07\xc6\xc0zK'=0\
/\x981\x0d\xd6\x10D\x0b!\xa0\x16\x86\xf7\x15\xc9\x83\
\xe9\x9c\xc323\x14\xde\x88P\x04@\x00\xa2\x0a\x90h\
@\x86m\xce\x19\xceP\x14\xa3\x0a\xa0\xd5\x1aU\x86%\
\x9b\x9a0\x9f\x08\x1et]'@4\xafC\xf3\x00\xee\
\xd9\xcd\xcf\xe3FAEc4\x14\x93\xa0)C\x82\xc9\
\xc2\xd3\xf9\xe8}@/\x8a\xb6\xd6P\x9c\xc29\xe6e\
#\xe8\x22\x00_\xa5p\xc3IBaS\xca\x98\xe7\x19\
%\x15\xb4\xd2\x10|@\xd7\x0fp\x96\x0a\xbe\xd6\x02}\
\xe8q9\x9dq>\x8f\xf0\xc1c\x18\x06\x84\xd0a\x89\
\x11)&,\xd3\x0c\x03\xe0t:\xad\xa1\x9e\x5c\x03y\
\xdd\xbf\xf9\xcdo0\xcf3\xde\xdf\xdf\xf1\xd3O?\xe1\
\xfd\xfd\x1d\xc6P$\xc4\x07\x8a\xb0X\x00).\xe8\x02\
\xafCs\x0a\xbe\xbf\xbf\x8b\xeao\x825\x06]\xf0@\
\xa3\x120D\x90E\xc3\x9dSJ\xf8\xfa\xf5+\xac#\
P\x1cc\x84s\x0e]O\xb1\x96\xae\xeb\xf0\xf9\xbb\xcf\
\xa8\xb5\xa0\x0b\x1d\xc6a@\x8a\x11\xd6\x1a\xbc\xbf\xbf\xaf\
\xe0\xe3\xf9t\x82\x01p\xbfOx}\xbd\xc0{\x02\xab\
h\x0dc?\xa2\xebF|\xb9\xde\x91\xd6|\x8a\x0a\xfe\
=\xbf\x84\xd2\x99\xc5\x5c\xac4\xde\xebm]\x91\xcdR\
~]'d\x0d\xffh\x8d\xd8\xcf\xc1\xe7\xfd:v\xb6\
r\xdb\xca\xa3\xdb\x8d\xb0\xd2\xf59\xf4p\x8c<2[\
\xadp*\x10\x22\x15XCh\x92\x8b\xac\xd4Y\xf8l\
)\x85@\x99yxY&e@:_\x93ps\xeb\
\xb6|\x95\x90\x17\x02Vs\xdb>\x00z\xd2'\xcer\
l\x03\x0c9\x7f\xba\xfe\xba>\xe3\x1a\xba\x8ea\xe6}\
\xdf\xa3\x1f\x06\x94\x94\x01\x11\xe9J\x02\x08\xef\x8d\xcfM\
^\x8c\xc1\xeey!,\xc2\x10\x02\xba\xd0\xf3\xda\xf4\x18\
\xe9W\xeb\x82\x80\xf7\xf6\x00\x00\x0f;\xec\xb0\xc3\x0e;\
\xec\xb0\xc3\x0e;\xec\xd9\xaa\xe4\xd7Q\xd0/\xc6$!\
\xa7\x8fy\xc3\xe47\xf8\xeaC\xed1\x9b\x15\x94\xe07\
:W;\x1f\xa8\x09\x1b\xee\x01\xc0\xd8\xf6\xae\xe7h\xd8\
\x80\x16\x89\x12\xda\xf6\x0a\xb3no\xaco\xb7\x81\xde\xd9\
\xce\xa9\xda\x1cA\x8ar\x10\xa0P'\x8e\xdb\xcd\x0a\xe8\
)\x00\xd7\x04$$\x18\xb0\xed#\x93\xe2\xb9\x15t\x8a\
\xd4\xd1Z\xcf\xe7\x98\xf4\x9c\x8e\x10\xc1\x00e[@B\
\x807\x87\xa6\x13\xa7\x85 \xe5\x1e\xbc\xd0\xeb)\xb9\xa0\
d\xe6S*\x85\xe0AJ\x09\xf3<a\x9a\xae\x98\xee\
W\xe6T\x12p\xf3_\x8ai\x7f>7\xc9\x18:\xe0\
\xff\xadZ\xfa\xf15\xcb`\x157\xf1\xb9\xc4\xf31\x7f\
\xec{[\xc7\xdf\x0e\xf4\x83\xd9\xc6\xef7\xe3ZM\x0a\
\xef\x1c\xdauOk\xa8\xbb&\xb6]\xf1\xed\xd4\xdc\xc1\
\xb3<:\xf1\x90~\xc4\xae\xad\xfcw\xff\xb7\xbf\x07\x8f\
@\x84L\x17b\x07\xc2\x8ee\x88+\xc3q\x9b\x80\xd9\
\xa8\x8d\xe3J\x98@\xca\xbe1\xd6\xa2I\xd8,\x94\xe1\
\x93\x22`\x18\xd6\xcd\xb1O\xb6[\x08\x0e\xc1\x13\x80b\
_\x18\xa4\x94\x90\xa5<`\x11S\xc6\xedvC\x95\x1c\
\x82!0\x148\xc5\xb8\x82L\xad\x01\xb9\x14L\xf3\x04\
k\x1d\xbc\xb0\xc0\xb4M}\xdf\xaf\xc0Z\xca\x09\xcb2\
3\xf4S\xefV\xe3z\xd7Z\xc3\xf5\xf6\x8e\x9c2b\
\x8c\xbb~\xd7>\xda\xd6\x09H?s\x0d`8\xb1\xf6\
\xd3\x0a\x968Gu\xd6U\x91\xd5aYf\xbc\xbd\xbd\
\xe1~\xbf3\xd4\xd8S$\xa4\xa1\xc1{\x8f\xd6\x9a\x80\
\xfa\x05\xbe\xebP\xd1\x90\x0b\xd3,\xd4\xc62\xd6X\xf4\
\xc3\xb0\xbetY\x96\x88Z\x1bJkXR\x22PX\
\x0a\xe6y\xc6\xf5z\x85\xb5\x16QT\xd8K!\xa3O\
Y\xa9o\xd7w\xdc\x97\x19Y\x94\xc8\xef\xf7;\x96\x18\
\xe1C\x87\xd0\x05\x00\x0d%gL\x13\xf3.\x02\xc0x\
:\x09X\xd4\xd0\xf5\x9e!\xa5\xd2\x1f\x04\x1d\xc3\x1a\xb6\
[\x12\x05EJ)00\x98\x97\x19\xad5\x0c\xc3\x80\
\x18\xe3zL)\x04[\xfb\xa1\xc7}\xba3w\xe0\x1c\
\xd7q\xd8\xf7\x0c\x09\xd6\xf5\xb1\xeb:\x9c/g\xdeg\
\x03\x94\x9cq}\x7f_\xd7Pc\x0d^>\xbd\xc0Y\
\x0aZ\xacJ\xbd\x0f\xb3\x1f2\x1fDI\x19T\xc7}\
\xce\xb1\xd9\x9a\xccUCe\xd9f\xc8\xcak\x10&\xb1\
\xce\xb7m\x11\xf8\xd8\xccn\xce\xef\xe6\xa8\x91\xfa\xf6\x0b\
\x81\xeeW\xb0\xad\x09cU\xc7\x22\x9f\x07\x22\x9bm\x0c\
\xd9\xa22\xcf9\xa6\xa5-\xc6P\x19\x1bX\x9f\x03V\
\xc47\xf6\xf7\x0dr\x9d93G&\x05ud\xcey\
O6\xad\xb3\xc8\xb5Pm\x18\x15)\x13p\xcf\x99 \
\xb9>\xa7\xb3\x08\xd5\xac\xe7hM\x04d\xb6\x10xc\
\x98\xaf\xd0\x0a#4\x97\x8c\xd22\xc3\xfek\x96\x5c\x9a\
\xbc\x84\xfd\xfa\x04\xb9cFB\xc6\xad\xe13\xb8\xeb:\
\xd4F09\xc5\x08\xb4F&\xa0\x84\x22\xc7%\xe2~\
\xbb\x1d\x00\xe0a\x87\x1dv\xd8a\xbf.;\xf2\xff\x1d\
v\xd8a\xff\x14S\xa7\x82\xac\xb6\xc8\x1f\xd1\x99\xca\xbd\
\x1b\xea\xb0cP\xc0H(\xdc\xe6<\xa8=\x7fW[\
\x1d\x12l\x00\xdd\xbai\xef\x84\xc8\x1f\xb0C\x14\xcd\xba\
Qls\xb5\xf6g\xa3\x93D\xef`m\x87:W\xbb\
2{\x87\x82\x0e\xdc\x96\x8fh\xbb>e6\x905A\
\xe0ns\x98(b\xb0\x95\xc7\x0e\x88\xe1a\x04\x07\xac\
\x00\x11tT\x192F\xe7\x99WQ[E\x15&C\
]s\xa1i\xdf\xb0^\x05?X\x86\xc8\x0f\xbf\xcb5\
\xa1\xc1X\xc9\xbb\x96\x09R\xe4LG\xff>\xddq\xbd\
\xbdc\x9e\xeeH\x89\xcc\x8a\xed^\xfc\x8f\xb2\xed.c\
?f\xd4\x99^\xf3\xeb\xfdqkO\xa1\xae\xcf\xdf\xbf\
\x19\x8b\xbbq\xb4\xee\xd1\xdb\xf7\x5cVL\xfb\x1dR\xff\
\xfe\xdf])\xb9\x0bz]\xdf\xd6\xf5\xb8E\xea\xd3#\
\xdav\xa4\xec\xd8J>\x9cjC\xe7\xda\xfay\xb7\xf7\
\x09\xd0\xdb\xdb6\x9e@\xc0\xe3g\xcc@Bu\x05\xd4\
S\xc0\xaeU\xe6\x0d[\xfbX\xaa\xe2<\xe0\xf5W\x01\
\xa7\x8d\xa8\xff\xc68c\x9anh\x8d\xa1x\xca\xb23\
0\xe8\xba\x0e\xde\x07\xceY\xc9\xf1We\xcc\x12_l\
XbDN\x0b\x9c\xb3\xe8\x02\xc1r\xc0\xa0d\x8a\x85\
@\xc1\xf3\xd6\xb0\xcc\x13Z\xad\xf0\xde\x09\x98\xc7<i\
\xd6\x1a\x94\x921\xcf\x13\xe6yBk\x95\x0cAc\x10\
c\x845d\x10\xa6\x94\x18\xd6h\x0c\xe6e\xc1<1\
7\xe1\x12g,qY\xc3q\xb9\xee\xed\xc7.`-\
\xf8\xd2\x00\xc4\x884\xfc2\x84\x004\x02h)Q!\
7\xc6\xb42\xeb\x94\x09Xra@\xa9\xb1\xc8\xa9\xa0\
\xe4\x82\xae'\x9b\xe9\xed\xcbW\xa4\x98\x98\x7f\xad\x011\
'xo\x10\x9c\xc5\xfdz\xc5\xf5\xfd\x0d\xf3|g\x9e\
50\x8c\x16\x15\xe8%\x87\x1ePq\xbb_\x91k\x85\
u\x1e\xf3<\xe3~\xbb\x22t\xcc\xbdW2\xef\xab\xb3\
\x0e\xd7\xf7+U\x84\xbb\x0e\xc1;|\xf7\xf9\x13\x86q\
@-\x05q\x9e\xe1\xac\xc3\x922n\xf7\x09\xef\xefW\
\xdcnwy\xf1P\xd6{\xdb\x84\x91<\x0c#\x00\xa0\
\x99\x86\xf1\xc4\x1c\x84\xc6\x915\x96\x12s\xfeu]\x80\
w\x1e]\xd7\xa1\xef\x02B\xf08\x8d'\xd4R1\xcf\
3\x96\x181/3\x9c\xa7\xa2\xec\xf5v\xc7\xb2,\x08\
! \x17\xbe\xe8\xf8\xe9\xa7\x1f\xf1\xf5\xfd\x1d\xef\xef7\
\xc9\xff\xc6\x17%\xda\xff)G\xe4\x18\xc1HZNv\
\x0dC\xdd\xcfJ\x9d\x91\x9c\x1b:\x87\x85v\xfe\xb46\
<\x03\x84\xdc\xc8\x17\x5c\x1f\xed\xda\xdb\xca\xdc[?\xef\
\xd6\x0d9X\xa7j\x93Pr\x80'][a\x0cE\
y\xb4\x0ee\x88\xcb1d\xe7\x120\xe4|\xe6\x9c\xad\
\x02\x8aUa\xe5j\xfe\xc3\x06\xaesM\x98\x9ad\xb5\
\x13X7VB\xfd\x05\x18\xad\x85\xcf\xa2Z4\xdf\x1e\
\xcf_\x0a\xc1\xbb\x94#`\x1b\xc1\xc2\x9c\xe1\xbc\x84\xe4\
\xca\xb9\xac\xbc\x14\x03\x1aZ+X\x96\x19\x00\xe0C\x00\
\x1a\xc1\xcaR\xc9\xae\xd7e\xecy\x1d\xe7#b{\xb9\
\x06C\xe0rY\x16\xd4\xc2gh)u\xcd\x1b\x1a\x97\
\x19\xcb21O\xe8\x91\x03\xf0\xb0\xc3\x0e;\xec\xb0_\
\x93\x1d\xf9\xff\x0e;\xec\xb0\xbf\xd4\xf8\xe3\xbd0a~\
Ikn\x9e\xed\xc7\xf5#\xf0G%[=z\xcb}\
\xf7\xa7L\xeb\xd0z\xb0cN<\x16\xe4\x7f\x8c\x11o\
f\xdd&n\xd9\xde\x91\xd3Cv\xf5\xf0\xf0] \xe7\
\x07\xa7\xd8\x039\xfa\xa7l!\x8a\x03\x98\x15\xf4{\xa8\
{W\x97\x95\xb0+n\xe7\x0e\xfe\xcb\xfa\x8c\x08!\xe8\
\xbe\xaa\x89\xd0%\x97\x13\x1d\xb1J\xc7\xdf\x91\x05\xc1:\
7\xa5\xd4Z\xe9\xa4\xb5\xa7pLc\x00\xeb\x94Q%\
\x0eYe\xc2v\xbd\x9f\xadU\x94\xda\xd0\x1a\xf35\x91\
\x1d\x18\xd1jY\x1d\xbe\xed~\xfc\xf75\x82\xa9\x04[\
\xb0s\x88\xf7\xee\xb3\xee\xd3p\xf0};\xf5\xfb\xf3\xb6\
\xf5\xb8\x0f\xbe\xabOo\x1e\xee\xe3v\xbe?\xe9\xb9\x8b\
\xed\xcf\xbb\x85\x00?\x1dlv!\x82O\xd6\xe8\xd5s\
\x1c\xeba\xbb\xa2\xe6\xf1\xeb\xa3\xb5\xfd\xa8\xdf\xae\x11\xfb\
\xeb\x94\xde\xd41\x08\x9dK;\xd31\xff\xdcW\xfcL\
\x00\x84\xfbv\xe7\xd2\x0f+` \x80\x84\xcc\xb5\x5c2\
\xd08Fu\x0c\xc6\x98\xd0\xf5=\xfan@\x15\x95m\
\xb0E\x1c\xbb\xad\xa2\xe4$!\xf6\x0c\xab\xcf)#t\
\x1d\x8c1\xc8)\xa2\x96\x82~\x18\xe0CX\x19l\xad\
\xb1\xe3\x09FX\x94B\x86\xda0\xf4p\xce#\xe7\x82\
\x10<\xc7}-\x88\xcb\x0c\xe7\x18f\xdcu\x1d\xba\xae\
#c\xc904w\x99g\x5c.\x17\x8c\xe3\x80\xd0\x05\
L\xf7\x09\xce9\xf4}\x07\x1f\x98\x17\xcd\xfbn\x05\x0e\
\xe5\xb2\x1fz\x86\xe0=\x95\x86[m+#\x97\xec\xc5\
\x0a\x17\x02J\xa9H)\xa2\xef{\x9cN'\x98U(\
\x88\x00\xc6\xedvCL\x11//\x17\x9c\xcf\x17\xce\x8d\
Z\xe1\x9dC\xd7\xf7\xf0!\xc0\x1a\x00\xb5\xe1v\xbb\xad\
/%\x9c\xb3\xb8\x5c.k8\xaew^\xc2\xaf\xd9\x06\
\x18 -\x91\xa0\x0a\x0cN\xa7\x91\xa1\xa3\xceQq\xd9\
Z\xe6\x22\x94\xeb\xa8\xa5\xe0\xf5\xf5\x15\xadU|\xfd\xf2\
\x86/_\xbe\xe2|:\x11\xc8\xcc\x09\xde;\x04\x17\xe0\
C@\xdfwXf\xa6\x1c\x08\x12\xc2M\x95\xe5\x8a\xfb\
]r\x0bb\x13\xa3\x18\xe4<\xc64xG0\xb8\x88\
\xd8\x09\x00\xdc\xefw\xe4\x9c\x99\xeb/g\xdco7\x84\
\xc0\xb5\xf2.}YJF\x8a\xa2\xf0j\x08\xf4\xbd\xbc\
\xbc\xe0\xf3\xe7Wt\xa1C?\x0c\x88\x91\xf9\x10sJ\
8\x9f/\xb8\xbc\xbc\xacsc\xb3\x8f&\xbdA\x93\x10\
p\x83=\xf8'\xf7\xfd\xe7g\xa7LP\x99\xdb?\xb3\
\x0e\xad\xb3t\x8f\x16\xee\x9aU\xdb\x963\xb6\x16\xaa\xed\
2\xff\x1e\x99\xb7\xfa\xdc\xd1u\xc8Z\x82\xaa\x0a\xac\xd7\
R\xc0f\x93\xcd\xa8\xb99Y\x96\xcf\x9a\x5c\xc8\x08\xdc\
\xd7\x05\xb9G1FXg)\xdc\xe2\x1c\xac\xb4\xc3\xae\
\xa9(\xb6\xfe0\xd6\xa2\xad\xe9@\x0c\x82\x00\xfa\xde\x05\
4\xc9kI0\x9c\xcf'\xef\x99\x12\xa3V\xe6\x14l\
\xc2\x16\xe4\xbc\xd1\xdc\x9c\x1b[\xbd\xeb\xc8\x82\xff\xf6>\
=\xaei\xca\xfe\xad\x12\x0e\xddd\x1c\x1b\xf0P\x8e\x05\
s\x84\x00\x1fv\xd8a\x87\x1dv\xd8a\x87\x1d\xf6?\
\xaf\xb5\x1d(\x94\xe4Gx\x937\xfe\x0f\xe5v\xe0\x00\
V\xc7\xd7\xec\x5c\x99\xbf\xdc\xc4%\x22Ka\xc7\x82Z\
w~\x03P|\xe4\x02\xd0\xda>\x1c\xeai\x9f\xee\x7f\
>xs\xe2\xe9\xe4i\xb8\xe0s]\x0c\xe9\xcb\xb0\x16\
\xf0^\x15#!\x09\xcai\xfbc\x18\x22\xbd\xee\x02v\
N\xd6\x0a\x5c\x088SK\x817\x16\xb5d\xc4\x99\x0e\
\x0a\xc9L\xca4\xd4\x90`\xb2\x8b\x14\xa0T\xc7\xaf\x81\
\xea\xa2\x06\x9a\x8b\xc9\x09\xab\x83N\x9e1\x06!t\x04\
\x1c%\x97c)\x05K\x8c\xb8\xdd\xae\xb8^\xbfb\x9a\
n\x04\x05\x9f\x1b\xfd\xcflM\x18o\x8fChS\x9c\
\x058\xd0\x0c4\x06\xf6\xd1\xf6\xce_\xdb\x8d\x95\x9fu\
\xce\x1b\x99H\x0dM\xfe\xd5\x8d:\xde\x9e\x0f\xf8\xf3\xac\
\x81@\x94\xde\x13c\x04a\xfcc\xb6\xee\xd71\xb8\xdf\
I\xd3kz6\xdewm\xbd\xa0\x8f:\x1e\xd6\xf2\xdb\
qZ\xcfc}\x1c\xaf\xdc\xb6\x16\x95\xf2:\xf6\xb7|\
]\xfbrZ\xdc\x80\x09\xf6s\xc9\xb2\x8e0\x1f%\x04\
\xfc\xb3\xe2\x84\x0fC/L4\x00\xa6\xc1\x1a\x0b/\x82\
\x10)'$\xc9\xfdf\x0cC\x7f\x9b\xcc%\x052r\
\xc90\xd6\xc1\x08\xa8Wk\x851r=\x12\x1a\xe9=\
\xf3sv!\xac\x00\x04\x81p2\xc1j\xe5}\xb7\x92\
c\xaf\xeb\xba\xb5\x8d]\xd7\x01\x00\x82\xfc[kC\x8a\
\x0c?\x8cq^\x11\xda\xb8,\x0f\xf3\x84\xf7\xecq\xe0\
Ti\x0f\x1aAEc\x1ab${1\x04\xaa\xe0\xb6\
Z\xd1w\x1d\x86a\x10\x96\x95\xac\x1b`:\x80\x18\x17\
\x04\xc9\xdd\x97s\xc6\xfdNE_\x0d\x95-%#-\
\x11M\x04:RJ0\xc2F\x9eE\x98\x83\x82\x1e\x0c\
s~{{\xc3\xedvC\x8a\xcc\x95\xe8C@?\x0c\
\x122\xcc\xf5?\xc6\x08k-\xa6iZ\x01V\xeb\x1c\
\xee\xd3\x1d\xf7y\xe1}\x1cGy.T\xf4]\xc08\
\xf4x}}\xe1\xba\x03\xa66\x18\x04\xd4t\xde\xc3:\
\xaa\x15\x9f/g\xe6\x1b\x94\xbe\xf6\xce\xa3\xe4\x82\xeb\xfb\
\x0d\xb7\xeb\x1dooW4\x1d\xd7\x12\xde<\x8c\x03.\
\x973\xac\x00B\xa7\xd3\x88a\x18(dQ\x0a\xef\xb9\
#\xd0\xd8u\x01\x97\xf3\x09\xe7\xd3\x88Z+\xae\xb7\x1b\
\xde\xde\xdfq\x9f&\x94Rp\xbd^q\xbb\xcd\xf8\xfa\
\xf5\xeb\x87\xf3\xe9\xd1\x8c\xbc\xd02\xcf\x0b\xd3jf7\
\x8f\xbe\xa9\xaf\xb5\xf58\xdd\xa3\xf3\x07\xe0.\xf6\xd6\xf6\
\xc6C\xd71-Wk]\xc3|\xeb\x03\xfb\x9e\xac>\
-\xcb\xb9Fk\x92\x1f\xb0V\x86\xe4\x16\x09\xcb\xd7F\
T\xc9]\xa9\xcf\xa1\x949g\xad0\x02UmZ\xc7\
\xaf\xf7L?\xd1\x84\xb9Z\xe4%\x98>\x1f!\xf7\x0b\
\xc0\xaa\xd0]\x04 dY\xce3m\xd3<\xcf\x0c\x09\
\x96>\xd3q\xc7\xf1}\xa7\xfa\xf4.\x8c8'\xb2\xff\
J\xce\xc89\xa15>\x0b\xf9Ww\x7f\x8f}\xa3y\
\x89\xb5m\x8f\x8cC}\xb9\xe7\x0e\x06\xe0a\x87\x1dv\
\xd8a\xbf\x1e;\xc2\x7f\x0f;\xec\xb0?mt\xec\xd5\
\xd1\xe3\x8f\x7f\xf9Q\xbf\xff\xdf\x0e\x95\xd8\x7f\xfe\xd6\xfe\
\xd8\xbe\x8f\xad5\xa5M=\x1e\xbb?\x8dF])\xa0\
\xa3.\xd9\xfe\x08Mx\xae\xce\x86\x82c\xabix\x95\
:-\x1f\xb4u\xef\xd80\x84n\x0b\x7f\x84\xf8t\xd6\
\x1a\x84@\xc0\x8f\xdf\x95e'l\xa6\x1d\x00\xa3a\xc1\
\xd0\xf3\xc9u*pH\x80\x8f\x8c\x8c\xd6\xa8\xd8\xb8w\
\x02\xb5.k\xa9\x88\x08aVY\x09O.\x92\xb3\x89\
m\xa1`E\xad\x95L\x0cP\x05u\x0d\xef4t\xc8\
\xac(\x85\xee\xfbF\xc1\x94R\x8a|&k\xe4\x9b>\
\xfcg\xb2R\x98\xf0}\x7f\x7f[kd'\x8a#m\
\x85\xd1\x82\x1d\x9b\x06:~v\xe3R\xfb\x0c\xbb1\xb1\
\xdf\x8f\xdd\xbd\xd8\x5c\xf4\x7f\xfa5\xfe\xe9\xb9\xa1m~\
\xdeN[\xdb\xcd/O\xfb\xb62\x1f]\xf3C\xb3\x0d\
Ob\xf6\xfbe\x8c>\x1f\x8fuN\x13\xcc[\xab[\
\xdb\xb2g\x99\xea\x9c\xa13\xad\x9f\xf5\x182R7v\
\x0f\x95t\x0b\xbc\xf7\xa8\x12j\xd8\x1a\xd0@0\xba\x8a\
P\x07E\x03\xf4\xc5CB\x8c\x19\xce\x92\x95\x97R\x82\
\xf3\x1e\x0d\xdc\xd7w\x1dY;\x06\xe8\xfa\x01Pf\x93\
\x80\x97EXq0\x06\xb9\x14,\xd3\x0c\xeb\x1cB\xd7\
\xadu\x19Cv\x91*\xd4\xd6Z1\x8c\x14\x99\x881\
2\xd7\xdd\xc2\xdct\x0a\x04\xb6Vq\xbd\xbec\x99g\
\x02f\xce#\xe5\x84\xb8,\xc2v\x1bV\xc1\x05\xbdN\
5\xce\xeb\x0d\xe87\x06\x0c\x87\x04\xc3%\xc9\xa2r\xf0\
\xde\xafa\x8f\xd6\x13(k\xad\xe1>\xddQJ\xc1\xe7\
\xcf\x9feM#\xf0XJF\xe8\xc8<\xcc1\x91U\
\xb7*,{t\x81y\xfabL\xe8\x87\x01\xc13'\
_\x15\xb0S\x19\xcd\xa1\xeb8|Z\xc5\xd7\xaf_\xd8\
'\xad\xc28\x8b\x94\xb2\x84U\x93\x95YKEi\x15\
1&\xcc\xd3\x0cc\x1aN\xa7q\x0d)\xd5\xb5\xc39\
\x07\x03\xa0T*\x17\x1bc0\xcd\x13\xa0/\x1cr\xc1\
\xbcDxG\x80\xb25\x8a\xbf\xa0\x01\xcdl\xac\xb4\x18\
\x09\xae\xd6J\x86dk\x0d^rC\x1aC\xaa\xec<\
\xcf\xa8\x12\xd2\xad\x22&Y\xf2\x19f\xc9\x1d\x98r\x86\
5\xec\xe3\xe0\x03\xa6\xdb\x0d\x80AC\xc5o\x7f\xf7;\
\xe6\x9b\xfbY3Rv\xbb\xa9\x8f\xcf\x8c\xdd|\xd4\x8f\
?7\xc9ws\xd2j~Kv\xfe:\xd7\xd4\xb8~\
\xcb\x82\xd1\x08\x92\xeb\xbf\xce{\xc0\xa8\x1a3A\xbd&\
/O\xb4\xef\x8a\x80\x86\x5c\xcb\x13_\xfe\xc8|o2\
\xa6\xbd\xf3r\xdf8\xb7\x0d(\xf0A\x11\x1eag\x8a\
H\x8e]Y\x82<\x9fs\xcc\xa3W$\x87#\xe7\xb9\
\xbc\x18@\x03\x1e\x9ea\x05N\xd4\xb6\xd5t.\xd4\xda\
`,\xc7\x9a\xb1\x169%,\xf3\xbc\x8eO\xb2\x809\
\x06x\xdf\x19\x96\xeew\xac\xdb\xadN<\xdc\x8f\x22\xe0\
gp\x0e\xde\xf3\xaf62\xad\x09P\xf2\x19Zk9\
\x18\x80\x87\x1dv\xd8a\x87\x1dv\xd8a\x87\xfd\xfa\xad\
\xad\xf9\xfd\xc8\xf8\xc89\x13\xf0\xda9\x22\xfc\x91\xfd\xf3\
\x0e\xcd\xb7\xf6'\xca\xfe\xcc\xee\x0dt\xa0\x83\xb5\x86Q\
\xee\x9ci\xc8\xf7}\xfb\xf6\xd6\xa0\xe4\x1c\x02\x0e\xea(\
>\x94\xd7|e\xc4/\xbe\xa9\xcb\x18\x05\xe5\xd8\x0f\xce\
Z\x02\x14\x02\xcc)H\xda$\x9f^\x16\xb6CJT\
B\xd6>U\xa7\xa5\x09\xb0G\xc6\x05\xf3qi'\x18\
C\x96Lkd7\xe4L\x10\x83]N\xd6\x10V\x10\
f\x03ike\x98b\xad\x9bz#\x9d\x1b\xf6]k\
\x0d\xb5T\xe6\xb0ot\xf6\xaa&\x8d\xaf\x85!\x94\x9a\
\xbb\xcc:40\xff\x16\x99pt\xeerN\xb8\xddo\
\xb8]od\x0b\xa5\xc8\xd0\xba\x9f\xe9\xfb\xffZc?\
\xb1n\xb9l\xdd#\xc0\xa80<\x1a\xd6d\xfb\xfbc\
y\xdf>\x18\x5c\xcf\xcd}\x18\x0aMF\xdb_`J\
\xd4\xd9\xb5\xf1\xc3\xf3\xeeL\xfdR\x19r\x8f\xa6\xb7\x99\
\xa3^\x0am\xc0\xda:\x07\xd6r\x8f\xb6\xd6)\xed1\
\x92\x93\x8b}&\xe20\x0f\xec\x18a\xca)h\xb0\x9e\
K\xfbON\xb2\x8e\xdb\x8dAC\x06\x9d\xe6\xfe\xda]\
\x891RVs\xf0\xf1\xbb\xe6\x15\x831\xa8`8+\
jEV%\xd0Fvg\x5c\x22\xee\xd3\x9dj\xbd%\
\x13\xd4\xae\x0d\x0c\xd6\x93\xbcb\x22\xc0c\xacE\xd7\xf5\
\xcc\xb9WY^\xc1\xb2 b\x19\xc6P1T\x81\x8f\
R\x08Dz\x01\x15s\xa9\xcc\xbd7\xcd2\xd6\x0bn\
\xb7+\xe6yF\x14\xa5Q\xb7\xcbc6Mw\xa4\x94\
p\xbe\x5c`\xad\xc5\xed~C\xab\xcc\x19XRZ\x99\
L\x9b\xb1o\xb4-VT\xbf\xbdg\x9d\xd68E+\
\x08\xac\x18 \x97\x04\xeb\x1d\xdb\x93\xc8\xc6J\x91 \xd9\
w\xdf}\xb7\xb2\xf2r\x8a\x02\xb04\xcc\xd3\x8c\xfb\xed\
\x06H\xbe\xc0\x92\x0b\x9c\x0b\x18N'\x84\xaeC\xdf\xf7\
\xf8\xf4\xfa\x82\xbe\xeb\xe0D\x10!\x88\x10JL\x91\xa2\
\x0d\xad!\xa6\x05\x0d\x0d\x97\xcb\x8b0\xbd<\x8c\xe4\x99\
\x1b\x86\x01F\xd8u]\xdfa\x1cG\x184\x8c'*\
\x09\x97\xd2$\xfd\x03\xd7\xda\x5c2\xde\xdf\xc90\x9c\xee\
w\xe4\xb8\x00\x86\xf7\xc69\x8f\x183\x00\x83O\x9f>\
!\x97\x82\xeb\xf5\x9d\xf2>\xd2\x07hd\xaf\xe9\xbd\xe0\
\xba\x98PKE\xabmME\x11S\xc2\xdb\xdb;\xee\
\xf7\x89\xfb[\xc5x>\xc3\x87\x80R\x98\xbf\xd0\x18\xc3\
z\xe6\x19]\x17\xd0w=\x8c\x80\x9e^r\x1db\xb7\
\xa6qH\xea$3\xbbT\x16\xbb<{\xba\xa5\xb5\xdd\
\x5c\x95\xb9 c\xbd\xad \x18\xb7\xaf\xc7J\x9b\xec\x8e\
5\xc72\xbbg\x940\xf0\xd6\xf5l\xb7\x9d \x1cC\
\xcfk\x13\xd1\x9d\x87\x85B\xd6\x09Q\xcd5\x06(U\
\xd5}\x99\x0b\x90\x80!\x95\xb0\xad%P\x8eV\xe1\x04\
\x8f\xac\xf2R\xc8Y\x8e\xc5&a\xd8dz\x1a)\xcb\
{]2_\x16\x1a\xeb\xd6\x9c\xa0\x06|ac\xad\x81\
s\x06\xb5\x15\xf8\xe0Q\x1b\x05l\xf4\xf9\xe9\x9c\xe7\x8b\
1C\xd5i\x08\x00YJA\x08\x01V\xd8\xa1!\x04\
\x0c\xc3\x80a\x18\xd1u\x03r)\xccmY2\x85\xa1\
\x1e\x9e\xe1\x8fwI\x99\x8b\xca\xe4\x07\x98\xff\x93\xe1\xc5\
i\xed#'!\xcd\x87\x1dv\xd8a\x87\x1dv\xd8a\
\x87\x1d\xf6\xab\xb4\xa6\xb9\xb8rBL\x89\xe1?;\xa7\
c\x0fh\xf0\xc7\xb582\xbb\xfd\xfb2\xfb\xcf\x7f\xd2\
\xf4\xb7\xba~\xdd\x01\x09\x0a\x80<8T{\xfb#\xc7\
\xd2\xe5\xda\x1dg\xa8\xf8\xd8\xc4\xb9\xd4\x92\xea\xb8\xed\xdb\
\xac\xcc\x84\xcd\x11d_x\xefW\xe7\xa1\xb5*L4\
\x82y)e\xcc\xf3\x82i\x9a\xd7\xfcTr\x86\x07\x07\
\xafI\x18\x13\x01\x19\x05^X\xd2\x18*\x1e\x86\x10\xe4\
\x5cL\xf8OF\x0a\xdb\xef\x1c\x99+\xea\xc0\x100\x14\
F\x15\x1a\x1dy\x01\xf3J\xa1\xeao\xab\x0c\x13\x862\
>\x04@\x8c1a\x9a\xa6\xb5>u&\xe9\xeb2\xd1\
z\xadL\x12OV\x0f\xcfA\xf5\xe0\x1b\xa6y\x12\xc1\
\x90\xff\xf6\xea\xc1\x1b\xc8G\xf0w\xef\xcc\xad\xf7J\xfb\
Mw\xec\xfa\xf1\xe7ls\xc4\x05pZ\xf3\xd8\xd1\x14\
\x08\xe6\xdf\x07\xd7\xa4~\xaf\xf6\x93\xf4\xe9z\xdc\x9fi\
z\xf8\xbe\xa5+\xd3q\xbd\xbe\xadB\xb3o\x9b\x9a`\
\x0e\xfc\xccO\x0f\xe5\x1a@\xb1\x83Dq\x0e\x80\xe0\xca\
n,\xea|~\x98;+\xd0\xc7\xb6\xe8\x18\xaf\xad0\
DW\xc2\xffKaX*\xc5\x036pD\xc7&A\
\x06:\xe5\xceZ\x11\x92\xa8\xb0\x16d\xfcI\xe8,@\
\xa7\x1b\x12z\xb8\x88\x98\x05\xc1l2\xf8b\x22\x18d\
\xa4\xdd\xa5T\xcc\xcb\xc2\xb1/\xff\xcb)1\xdf\x9f\x00\
i\xad\x09\xa4k\x19n\xeb\xbcG\x08\x9d\xe4\xd4\x04\xee\
\xb7+r\xce\xa2\x12\xfa\x18\xe2\xbf,\x0bn\xb7\x1b\xe7\
\xa4\xa5@A\xd3~\x920T\xe7\xfd\x0a\xce\xe8\x8b\x92\
\x5c\x0b\x95x\x9f\xd7\x10\xe8\xcd!\xc8\xa0}X+\x85\
O\x86ad=\x85y\x09\xbb\xd0\xc1\x8bxP\x8e\x11\
%\x17\xf4}\x8fa\x18\xc8Z\x92\xf9\x9eK\xa1\x9a\xa9\
\x8c\x99\xd3\xc8\x9c\x81\xa7\xd3\x09\xaf//x\xb9\x5c\xe0\
\x8d]C\x89\x0b\x11X4\x00\xd34\xa1\xb5&\xa1\x94\
\x05\xb5T\xc4e\xc18\x8e\x02\xb8\x905\xd8*\x01E\
k\x1dB\x08\x08!\xa0\xef{\xf4\xfd \xf7\xcer\xe4\
\xcaK\x8e\x18#n\xb7;\xa6\xdb\x84\xdb\xed\x8e\xb8D\
\xe4D\xb5\xd6\xae\x0b\x9c\xd7\xa6\xc1{\x8b\xf3\xf9\xc4\xb5\
\xb2\x01\xce\x1a\x0c}\x0fX\x8b\xd3yD\xd7w\xb0\xc6\
\xe2r>\xad\xe9\x0d\xc6q\x80\x01\x10\x02\xc5a\xba\xd0\
\xe1\xfd\xfd\x8aE@\xbd\x97\x97\x0b\xe2\x12aaq\xbb\
\xbec\x9e&\xbc}}\xc3\xfb\xfb;U\x8fs\xc18\
\x9e`\xc0p\xf0\x22\x0cw\xac9G\xf7\x8c\xd6\xbd\xe9\
\x9c\x01o\xa4\x00\x83*\xd0\xb17\xae\xc54\x8e\x97\xf5\
\xf0\xb5^\xc3\x9eej\x0b\xb9\x9f\xa66\xc1\xe5e]\
\x12`\xcd\xc8\xf3\x8a\xed\xdb\x98t\xcd0\x17`)\x15\
(\xf2\x1c\xd3\xf5\x08\x86,Ty~\xea\xcb\xa2\x06\x08\
\xfb\x8e\xf7\xdb\x18e\x22\x13\xb4+\xa5H\x18\xb1\x01\x84\
9\xee\xace\xa8}\xce<\xdfS\x08r\x83\xb0\xd4\x01\
\x08\x1f[@x \xe5\x044\x03\xe7\x02r\x96\xf5\x5c\
\x04z u\xe8\xf5\xd4*\xea\xd5\x92c\x17\xad\xc1;\
\xb2\xfb\xac\x84\xe6\x1bc\xe1}\x10Em\x8e\x89$)\
J\x98[t\x7f\x9f\xb6>\xe7y\xa8\x08L\xe3z\x11\
\x97\x05%%X\xe9/e\x18\x1e!\xc0\x87\x1dv\xd8\
a\x87\xfd*\xec\x08\xff=\xec\xb0\xc3\xf6\xd6\xe4\xc7\xbc\
\xe6\xf0i\xb5\xd2\x19x.(FgD\x1d\x0c\xd0I\
\xd0\xc2\xcf\xfe\xd2?\xc1\x9a:O\xdf8_?o\xcf\
mUgb5\xa9J\x9d\xa8\xa6\xa0\x80\xec[\x9d\xa9\
\xdd9\xf5\x1a\xf1\x14r\xbb\x95\x93Pb+\x8e/\xc8\
,\x881!\xe7\x8c\xbe'\xc3\xa6\xedB\x8e\xe9\x84\xd1\
\xd1\xd4mt`\xb4O\xd7\xd3\xef\x184[\x9b\xf2^\
\xd4`\x05YX\xa7s\x9e\x89\xf2-P\x0b\x8f\xb1\x96\
\x17l$\xf9=\x8c!\xc3\x07d\x03\x86\xb0\x853R\
\xb4@r\x1bJN\xa9\x10\xc2zK\xd9\x16\x022%\
gx\xef`\x8cE\xce\x09)E2l\xa4\x8f\xf7}\
\xf5_cU\x92\xf8?\xd7\xc7\xfb\xc7\x96\xb1\xff\xe8\x08\
>\x984\xfc\x19\xdc\xfbs\xec\xb9|\x93!\xbe\xf2\x02\
w\xbbu\x0c=o\xffS\xa6E\x8d\xfe\xc7\xb0\xf3x\
\xea-\x0c\xf0O\x9a\x82\x09\xc6<\xb1$u7Y{\
+@'U\xcbQ2\xcex\xd0v\xdd\x1b\x1bP\xb7\
q\xdc\xca\x0b\x01\x19\x9f+\xc3G\x0e\xd3|z[w\
p\x96\xf1\x7f\xc0\x12\x17\x18\x09\x0dT\xb3\x92\x07L\x1d\
\xfe&@\xb35le\xad\x95`\x8d\x88`xk\xe1\
<\xc1,\x9d\x0b\x1c\x03\x02p\xb5\x06/y\xf4\xc80\
\x22\x08\xaf\xc0\x89\x9e\xc3\x09\xbd)E\x0am\x84@ \
\x0f\x86a\xfc9'\xdcn7t\x81\x8c#\x054k\
\xadT\xe2\xb5F\x800O\x96a\xa9\x88)\xa1\x1f\xc8\
(k\x0d\x18\x07\x82h\x90\xfb\xb0M\xf0\x0d\xb55\x02\
\xf8\xd5Zq\xbf\xdf\x19\x1e+b\x08\x0a\x98Yk\xb1\
,\x0b\xc6\x9d\xc0I\x96pc\xb2\xa68o\xb5_K\
)\x98%d\xb2\x142\x89\xab\xe4\xf5d\x1b\x0c\x96e\
\xc1\xf5\xfdJ\xd0\x04\x90\xb0\xd9*\xcc\xaa\x81J\xcb\x92\
\x1bo\x9e&8Q\xd65\x22\xd2\x00\x01k\x92\xe4\x09\
E#K\xaf\xd4\x82y\x9a\x11SD\x17:\x14\x11\xe9\
8\x9d\xce\xd2\xff\x04\x0f\xad\xb5H1b^&\xdco\
\x13~\xfa\xe9\x0bjch\xea\xfb\xf5JF\xa75x\
\xfb\xfa\x06\xb3SA\xde\x98[[z\x82\x94\x98#2\
\xc6\x05\xaf\xaf\xaf\xc2\xe0\xcc\x18\xc7\x01\xde\x92-:\xcf\
3\xac5x}}\xc5\xfd~\xc7\xedvE\xd7w8\
\x9f\xcf\xc8\x99j\xb6\xb7\xdb\x1bJN\xf8\xd7\x7f\xf7o\
\xd7\xb5\xfbyB=?\x96\xd6\xafm\x8f\xc4\x8b\x09@\
\xdb\x84]\xceq\xb1\xcd\xd7*\xcf\xdau\xde7\xa9G\
\xb6\xb5\xb5^\x05\x9dY\xc6\xc8z\xa8\xc0ak\x0d\xa4\
\xd5\xca|p\xcc\xabi\xe4e\x12@v`\xca\x9c\x1f\
\xc1\xfbu\x0c\x1aa\x9c\xebu*\x88\xed\x9cE\x915\
\x83s\x91l]k\xb9\x86\x90\x95\xae\x82R\x1b\xd8i\
\x84Q\x07\xd3P\x0b\x15\xadk-\xcc1kUM[\
\xc47\x0a\xc77\xd7\x1b\x82s\xba\xe6p\xba\xb0\xbf\x14\
\xa0\xe5:\xcc\xf1\x9bR\xc6\xedv]\xd9\xb9\x10\x10\x9a\
!\xfal\xef\xba\x96\xee\x8c`)\xd9\xfa\x90\x10\x7f\xa0\
\xa1\xeb\x02\xea\x9a\x9f\x97l\xd3\x83\x01x\xd8a\x87\x1d\
v\xd8a\x87\x1dv\xd8\xaf\xc6\xaa\xe4\xd7J\x89\x09\xb5\
\xf9\xa3X\x1d\xfc\x0d\xe4S{\xfe\x0e\x08\xf3A\x05\x13\
v\xce\xf8\x9fc\xea\x08=l\xdb\xfdW\xebQ\xf0\xe0\
gm\xc7\xe4\xc3\xee8`\xf5\x87\x1e\xec\xf1\xbc\xdc\xbb\
\xdf\xf6\xf0Y\xafk\xbd\xfeu\x97$\x0bg.$\xe6\
F\xa4\x03\x1e\x82\x83s\x86\xcc\xbd\x1d\x9b@\x1dq:\
W[(\xa1\xfe\xbb\xb1\x01\xe5\x1e\x18\x08\xfb\x8d\x8ev\
L\x99\xc0\x83\x00\x02zLN\x19\xa8\x0c\xfdJ1!\
-\x14Kp\xce3\xe7Uf\x1e\xa5R\xe9,\xcf\x0b\
\x151\xd5q.\xa5\xc2\xf9\x80R\x1b\xf3b\x0909\
\x8bZ\xa7\xb29\x9c\xb1\xa8\x99\xaa\xc0U\xf2z\xcd\xcb\
\xbc&fO1\xe2~\xbf\xe1\xfd\xfd\x0d\xcb\xc2\x10\xbc\
\x8f\xee\xf1_b\xea\x8c\xed\xeba\xdfl\xe0\xe9\xc3\x1d\
\xe6m\xe0?B\xd0\xf9p<\x9a?\x82p?\x8f\x11\
\x01\xbc\x1eL\xce\xb3\x86\x8cod\xa0?Z\xef_d\
\xad\xb12m\xab\xd4\xdb\xb0}\xae2>\xd4Q\xde\x0a\
\xc8Ge\xe8T\x00\xc6\x01\xc6\x02\xb0\xa8\x82\x14n\x97\
\xa9'P@a\xabC\xef\x01A\x0a2H\x15\xf8k\
\x12VhEt\xa6\xb5\x8aR44]\x19\xa1\x1aR\
\x1aq\x9f\xa8\xbe\xc961t~Y\x16T\x01\x00s\
\xced\xf0\x09;6\xe7\x84.x\x18KuN#\xf9\
\xc8\xd6q\x01\xb2\x12\x99\x13\x90s\xccK\xde\xb1e\x89\
\x98\xe7\x05qa\xbe9#@[\x12\x86\xb3\x86\x94\xea\
\xbei\x9e\x00\x10x\xfc\xfa\xf5+~\xf8\xe1\x87\xb5O\
\xad(\xdf\x06\xefWv\xae\xe6\xd0\x9b\xee\x13\xaa\xe4K\
C\x03R\x22\x98\x94s\x22\x03\xea\xf1\x86\xacp\xa8\x11\
\x00h\x89qM\x19@v\x16\xfbf\x9a\xa6\x95E8\
\xcd\x13\xacs0\xcea\x9e\xc9x\xb4\x22VPE\xfd\
\x16\x02\xb0\xce\xcb\x8c\x94\x12\xc6q\xc40\x0e\x18O\xe3\
*\xfc\x01aY\xb6V1\xcf\x13\xac\xe3ui8\xe7\
0\x0cp\x8e\xc0\xfe\xfd>\x89@F\xc3\xe5\xe5\x15\xc3\
0\xe2\xf5\xf5\x82\xae\x0b\x04\xff9\x82\xb0,\x0b\xee\xf7\
\x09\xef\xef\xef\x12B\x5c\x00\xdbD\x8d\xb7\x88\xda\xb2]\
_\x1a\xc0\x18\xcc\x02>^\xafw\x94\xdc\x10\xba\x80\xdf\
\xfe\xf6;\x04\xef0\x8e\x03\xbe\xff\xee{8\xe70O\
\x14:1\xd6\xe0\xedz\xc5\xfd~\x07\xe4>\xd7Z1\
\x8e#\x19}\xa5\xe0\xcb\xd7\xaf\x08!\xe04\x8e\xf8\xe1\
\x0f\x7f\xc0\xcb\xcb\x0b\xbcs\xb8\xddnx\xbf\xde0/\
3.\x973U\x90\xcfg\x8c\xe3\x88~\x18\x00\x09\x89\
\x05(\xc4b\x0c\xa3|\xb7\xfb\xb6\xbb\x7f\xab\xc9\xc4\x97\
0\xfa\xe79\xb3\xcdEa\xc6~\xf0\x9c\xa9\x92\xd6\xc1\
@\xd6\x10Y\xc3\x99\x10B^pH~\xc4\xda\x98\x9b\
\xae\xb5\xb2\xce\xf9\xdaT\xbc\x83\x00g\x91|\x97\x06d\
\x22\xab\xe2n\x15\x90\xb1\x14>?Ty\xda\xc0\xc0:\
\xb7\x82\x7f\xfa\xack\x9a3sm+\xeb\xa8\x92\xe7\x8f\
\xe7n\x08\xc2\x98m\xad1eD\xe5\x98L)\xa1\x89\
\xa2r\xce\x04\xf8\x9c\x0b\x00*b$\x08k\x9dA*\
|.\xe9\x8b%'\xc2-\xa5d,\xcb\xbc\x02\x8b\x90\
\xf5\x8d}\xc6\xdc\xb9@\xa32\xb4\xe4\x04$[\x11H\
\x91\xf3N\x8d\x9b\x1f\x9f\x1f\xb5r\xcd`\xfa\x00\x8e\xbd\
=\xa8\x0c\x01\xd0\x8d1\x07\x00x\xd8a\x87\x1dv\xd8\
a\x87\x1dv\xd8/\xdf\xda\x9a\x04<\xaf\x0c\x8a\xb6:\
\xf8\xdf:*\x1b\xd0\xb2\x99@~\x0f\xdb\xb0c\xd7=\
\x83 \x0c\x91\xda}\x97\xfa\xf7\xe7\x81\xc2\x10\xc2<z\
\xde\xf7lMX|\x80\x9e{k\xd5\x1aR\x05:W\
{\x07\x02\x95l\x0c\xf2\xf6\xe4\x98\xa7\xf3\xad\xed\xfb\xa6\
\x8d\x1b\x8b\xaf\x14\x82`\xf4\xd3\xd411\xe8\xfbA\x98\
7\x045 \x0eE\xce[\xa2\xf4\xbd\xad`\x86\x9cg\
szX/\x1dE\xe6_\x1a\xfa^Xw\x19%e\
\xa4\x18\xe9\x08\x09\xbb\xaf\xd4\x86\xd6\x08\xec\xd4Z\xe1=\
\xd9\x10F\x98^1\xa6U\x98\x80\x8e\x1d\x1d!\x18#\
LF\xaa\x87\xd6\x92\xd1\xc9\xb9\x18\xda\xd7\x90\xd2\x02c\
\x19\xc6\x09\x03\xa4\x94\x04\x1c\xa3*k\xceT\x87\xae\xc2\
db\xb8\x1d\xd5B\xff\xd4\xbd\xfc\xc8\xd8'26\xc5\
\x1e\x1d\xc2\xfd \xa3\xb3\xbc~\xde\xef\xd9\xf5\xed\xfa\xb9\
\xb5\xa7\xe3?\x1e\xe7\x00Xv\x1dJ\x1f_\x87\xe6\xd8\
\xe3\x80\xe1\xb6\x86'`\xf0#\xd3}\xbbj\xd7\x8fO\
\xe7\xdcU\xcd\xcb\xd5~\xd8\xb1o~\xa6y?\x7fm\
\xbb\xb1\xdf\xd0\xc0\xb4[*r\xb3U\xd6\x04\xb8\xd2\xcf\
\x04\xa6\x1b\x9c#\xf8GP\x91\xeb\x8a\x9a\x91\xb1\x9dR\
B\xca\x91l5\x09\xa1\x87\xd9\xc4.\x8c!X^$\
\x1fX)e\xdd\xde\x84\x0d\x18\xe3\x8cV\x13\x8c\xad\xc8\
\x85!\xeb)F\xa0\x01C?\x92\xdd*s+\xe5\x84\
eY\xc8 \x82A\xd7\xf7p\xc1#\x17\x82\x8d\xad2\
w \xc0P@\x15\x03\xc9\x89\x8a\xbe\xd7\xeb\xbb\xb0\xed\
F\x9c\xc6\x13\xba\xae\xa3\x1ape8zm\x9c\xd7\xd7\
\xb7wL\xd3\x8c\x06\x03\xe7xM\x0cYf\xae@\x02\
\x98q7.i\xfb\xf1\x5c\x1bC\xa8\xf5\xcf\x18a\xec\
J\xae=g\x1d\xac5\xccU\xd7w\x12Z\x5c$\xc7\
\x1e\xc39'\x011!l\xaf\xcb\xf9\x82a\x18\x11\xfa\
\x1e6\x04\xc9\x8f\xb6 \xc6\x04\xef\x1d\xa6\xfb\x84\xdb\xf5\
&\xf9\xf3\xf8\x22`\xbaO\xb0\x02\xaa\xd7\xd6\x90\x0bs\
\x0bv\x92k\xcdH\xee\xb7.tk\xceB\x98\x86\xdb\
\xed\x0ak\x0cN\xa7\x11\xd6\x1axg\xd1w\x1d^.\
/\xb8\x5c^\xf0\xe9\xf5\x13\x5c\xf0h\xad\xa0\xd4\x84\x5c\
3\xee\xf3\x1d\xd3<!\xa6\x84q\x18\xd0\xf7\x03^^\
^0\x0c=\x80\x86\xae\xa3\xe0\xc8\x97/_\x913U\
\x86C\x08p\xc6b\x18\xa8\xe0;\xcf\x0bJk+{\
\xb1\xe4\x8c\xcf\x9f^\xf1\xf9\xf3'\xfc\xe1\x0f\x7f\xc0}\
\x9a0\xcf\x93\x80\x83\x15\xe3i\xc0w\xdf}'\xc2*\
\x01\x97\x97\x0b>}\xfa\x84\x97\x97OXbF\x5c\x22\
\xbc\xf3<\xc7\x89\xe2-\xeb\xbc\x90\xf1\xbe>'w\x80\
_\xd3I\xd9\xb0\x9b\xa9\xdb:\x85u\x8a\xeb\x1e\xa9K\
\xe7t\xdb\xf2\xf6\xe9\x1c\xd4\xe7(\xb7\xaf5\xc2Z\x0f\
4\xa6\x82\xd8NK\xc6\xa5\xaei\x14x\xda\x00,\x80\
\xac\xe0,/\x9f4\xcc\x9dU\x1a\xce\xe3\xc6z\x0cD\
\xe0C\x84H\xaa\x8c\xc1,\x80vC[SM\xd4\xc2\
0\xdeV\x9b\x00\x8a\xdb\xb3\xceZ\xcb\xb5\xa46\xaa<\
{\x8f&\x8cA4C\xf6a\x03\xbc\x80\x7f\xd6:t\
]\xbf\xbeLk\xcd\xc8}\xe28\xe3\x9a\xc2\xb1\xdd\xad\
\xca\xdd\x0c\xd5\x1f\xc7\x91\xcc\xd0\xca5\xab4\x86\xaf\xd7\
\xba\xf6\xf0\xc3|\x03(\x162\xf6\x03\x82\xdfX\xbd\xad\
\x011\xf2\xf9\xa5kX\x08\xe1\x00\x00\x0f;\xec\xb0\xc3\
\x0e;\xec\xb0\xc3\x0e\xfb\xe5Z\xdb\x01\x7fd~m\x8e\
\x03\xdacB\xf3\x8f\xc1\x82\xcd\x0c\x04\xd9\x90\xdf\xd6\x04\
\x07\xd4\xb1X\x0b=\xd9\x1e\xe4\x82\x84\xb6~\x0b\xf2<\
\x9b\x82z\xfb\xef\xfcw\xe7r\xed@\x1a\xfcLr\xf6\
\xed\xa8\xed\xfa\xf4\xb4\xfa]\x81\x92\xf5\xfa\x9f\xf6\xabC\
\xa8\xceN\x05\x81S+\xe1\x84E\x94&\x95\xd5\x04\x09\
\x9b\xaa\x22 \x10::\x1d\xca\xb2\xfb\xa8N5\xb6\x83\
\x9f\x19\x22\xcc<]9\x13\x04\x800\x04\xad\xb5\xcco\
V\x99\x87\xc9:\xe6\x0c\xd3:\xe9\xf01\xe7\x1a\x93\xb0\
SI\xb3\xeb::\xed\xde\xc3\x08\x8b\xc4\x18\xe6I3\
0\xabbhk[\xd8\xa4\x01\xc8r\xf4\x04\x06\x82S\
\xc5c\xf6C)\x85\xfc\x15q\xf8\xa7\xe9\x8e\xdb\xed&\
l@\xf6\xc7_b:.\x9e\xc7\x87\xf6\x8d\xf6\xdd~\
\xff\xfe>?\xdb\xc3\xb8^\xd9\xae\xfa\xf5[g\xf1O\
\xd9\xcf\x95\xd7P\xdc\x15\x18\xfc9\xdb\xefkl\xd3\xfa\
?\xc3\x8d\x0a,\x1a\xc5\xd5e\xda\xc9\x88\xe5\x1c\x10\x00\
|\x9d\xd3;3;\xe1\x9b\xfd6N{9v\x0f\xde\
\xef\xa6\xees]M\xf2\xeeql\xa9\x8a5\xc3\x00k\
!k\xcf\x18\x11\x13\x10\xa6^N\x09\x10\xd6\xeb !\
\xb1\xadQD\xa0V2\xee\x8ca~\xb1R\xc8Fv\
\xe2\xe87\xcd/&\xa1\xbbN\xea\x8c\xcb\x82\x94\x12\xfa\
~@\xe8:\xd4\x06,1a\x9e#R\xd4\x90q\xce\
\x8fN\xc0\xa3\x9c\x94\xddj1\xf4d\xbaU\x11\xc1!\
\xf0@\x10\x00\x80\x84\xc0rl{\xef\xa9\x1cZ\x0a\xe6\
e\x01\x1a\x81\xaf/_\xbe \xc6(,$\x0bk=\
R\x8ch\xa5\xc0H\x87\x16\xc9\xa5\xb6u\xa3\x0c\x0c\xde\
\xeau\xce\xf5#\x99hM\xc2x5\x0c\xd7\x18\x83R\
*\x96\x99\xf9\xff\x8a\x00\xed)\xc5UI\x17\x00\x9c\xa7\
\x98G\xd7uH1\xa2\xd4\x0a\x17\x02\xe6yB\x9c\x17\
xo\xd1\xf7\x1dZk\x18F*\xfc\xc6ea\x08s\
\xc7\xb9\xac,(c\x0c\x96y\xc6\xe5\xc4|\x84F\x04\
2J)\x98\xee\x13bL\x88)\xe2\xeb\xdbW\xccq\
\x81u\xec\xeb\xf1tbN>\xc7\xdc\x85h\x06\xf3L\
\xd5]c\xec\xca\x12\xbb_\xdf\xe1\x9c\xc3\xf9|\xc6\xe9\
L\x80u\x9e\x16\xccK\x84\xf3\x9ej\xc2\xf3B\xa6\xa1\
s\xc2\xf0tp\xc1\xc3{\x8fE\x18\x9d\xdey\xdc\xae\
7\xb2\x94\x9d\x83\xf3\x1e\xfd0`\x96\xb0\xe8i\x9aP\
J\xa1@\x89\xcc-c\x0c\xae\xd7+~\xff\xfb?\xac\
\x13i\xbaOH\x89/<\xacu\x08.\xf0\x0e\xed\xf2\
\xf0\xad\xf3@\xe6\xe2\xfe\xcb\xban\xec\xe7\xaf\xbc\xb8\xd1\
g@]\x9f?\x06m\xc7\xd6\xe5\xbf\xdb3\xa7I\xd0\
\xfc\xba\xef\x99\xc1,\x91\xba\xadV\xbe(\xab\xdb\xfc0\
\xc6p.\xed\xd3K\xb0\x22QN\x06\x01<]?\xe5\
D\x15\x0d\xad\x88\x9a\xb3\xac\x1f\xb9d4\xc3\x5c\x9cE\
X\xb5f\x17\xca\xee\xad\x85Y\xe7&+\xda\x03\x80\xb5\
P\xad\xd8{\x8f\xaa9\x0b\xad\x83\xf5\x9e\xe3@\xbbS\
\xf2lRL\xaaHZ\x09\xae\x15\xca\x0c\xb4\x96\xcc\xc0\
\xd6*\x9c\x13\xe1\x9c\xd0\xc1\x8a\xd2\xfd,\xa1\xdd\x0a\xd2\
.\x22\x12\xb3\x9bt\x0fF\xc62\xc7l\x15\xa6\xb0\x02\
\xdez\xcf\x92\xe4\xca<r\x00\x1ev\xd8a\x87\x1d\xf6\
\x8b\xb7#\xff\xdfa\x87\xfd\xcfi\xfa\xc3\xb6\xc8\x8fq\
\xa8\x13@$\xee\xd1\xc9\xf8s\xcd\x00D\xa8\xf6\xc7*\
5i\xb7\x09\xfa};\x0f\x7f\x9b?\x82m\x86\x1e\xfb\
\xf6yw,C9\xf7\x9b\x18;\xb5nz\xf8\xb1\xff\
|r:\x1a\xe2\x9f\xad{u\xdb\xea(\x89\xe9\xb9\xe9\
\xb4i.\xb2\xed\x98\xf5\x1a@\x86\x04\x9d\x14\xcbD\xe2\
e\x1f\xa2KvO\xad\x15\xc13\xcc\xc8y\x86/\xa9\
\xe3ov@\xdd\xfe\xdc[?\xf1\xba\x14\xb8\x05\xe8\x1c\
y\xef\xe0\x05\xe8\xab\x12\xf6\x15g\xb2\x8d\xac$JW\
'T\x5cM\xc4\xc8\xd0`c\x98\xbbL\x99y\xb52\
\x17`kt\x02\xadu\x08^\x14\x1a\x95a\xb32\xbb\
\x0c\x15 %/\x1f\x1aC\xbd\xf6\xf7K\x99\x91\xd6X\
\xaa\xadJr\xf6\x06\xb2E\x9e\x81\xce\x9f\xb3&\x0c'\
\x8e\xd7\x0d\xc4z\xec\x1b\x027\x8f!\xc1b\xfb\xcf\xeb\
\xa6\x7f\xe2X\xff#\xf6Q}FG\xe1\xb7\xbb\x1em\
-\xb8\xbf\xf72\xbewE\xd48\x22\xf7\xdb\xb6OM\
\xc2P\xf7`\x9f^o\xdb\x81\x9b\xfa\xef\x8ad\x18i\
D\x93\x17\x01r\xac&\xf97O\xf3\x83\xe1\x92\x00\xd6\
P`\x02\xbe<\xb7{\x00\x08S\xa2\xaa\xa6\xf3\x0a\x16\
\x82!\xbe\xadIHc%C\x08d;\xa5\x9c\xe0=\
sQ\xc6\xb8\x00\x92\xd7\xcbY\x8b\xd0\xf5\x0493\xe7\
\xc20\x0c\xe8\xc7\x11\xb5U\xcc\x13\xd9^]\x17V\xb1\
\x00\xce\x17\xa0\xeb{\xc9\x0fG\xb0N\xc5+r)X\
bd\xce\xbay&\xdb\xd5Rt\x07\xd2w\xfb\xbe\x0c\
!`\x9e\x186[\x05\xbc\x1cO\xe3\x0a$\x96R`\
\x9dA\xd7w\x04\x11r^\x81\xf2m\xcc\xeb\x0d\xe7}\
,\xa5\xac\xac\xc5\xb8,0\xd6\x92!e\x0c\xe2\xb2`\
\x9e\xa7\x95\x19\x98sF-\xbb\xf5\xa85\xf8.\xc0\x05\
\xe6\x00,\xa5\xe0v\xbb\x01h\x18\xcfg*\x1eG\xb2\
\xbej\xab\x889\xc1Z/!\x96\x0b\xac%\x83*\xa5\
\x04\x80\xed\xf6\xde\xa1d\xe6\x03\x85\xb0\xb6\x9a1\xc8\x91\
a\xbe\x90\xb1\xf4\xf6\xfe\x86y\x9a\x11|\x00`0\xcf\
\x13 \x0cc\x81\xc0\xf0\x87\xdf\xff\x01o\xefodV\
\xa9\x18J\xa5\xa0\xc30\x8c\xf2B\x80i\x07\xe2B\xf0\
%\xa7L\xc0\xd0\x92\x9f\xed\x83G\xd7u\x18\x86\x1e\xd3\
4\xe3\xcb\x97/0\xc2\xfer\xce!\xa7\x04\xe7\x1cb\
\x8c\xb8^\xdf\x91K\xc6\xf5zE\xad\x15}\xd7a\x1c\
F\x9c\xcfg|\xfd\xfauU\x10\xf6\xde\xe3\xf5\xf5\x15\
\xe3\xe9\xc4|\xad)\xa1\xefz\xcc\xf3\x84?\xfc\xe3?\
\xe2\xf3w\x9f\xf1\xdb\xbf\xfa\x9bU\x1f[\xcdH2\x04\
U\x99U\x00\x90\xb3u\xbb'\xdf\xbe~\xc2VV\xe7\
\xa5\xbe23\xacq\x9d\x9f\x86{\xf9\x9d\xec\xbc\xaaa\
\xbc\xca\x16l|\xc66a\xe56\x99\xa3V\x98w\xdb\
\xfc\xe6Yc\x5c\x90cB\xd71\x07\xdf\xdaZ\xc3\xf1\
\xb7\xde\x1b\xa9G\x8f\xaf\x92\x178\x88Bt\xad\x0a4\
\x02\x10A\x9d&!\xe5<\x8e\x0cY\x82\xf8d\x87\x03\
@\xc9\x05\xde:8\xeb\xb4\xbbD\x1c\xa4b\x9ag\xcc\
\xd3\x84\x10\xf8\x22\xa1\x08Sq\x03\xf4\x0a\xc7T\xab\xe8\
\xba\x0e\xce{\xbe\xc0\xd4\xbf\x18a\xadex{kp\
V\x04\xb3D\xa8f[\x9b\x1f\xef\x89t!b\x96\xf1\
\xba\xb2;y\xed\xda\x9f\x07\x00x\xd8a\x87\x1dv\xd8\
/\xde\xfe\xef\xff\xeb\xff|\xdet\xd8a\x87\xfd\x8a\xad\
I8_Y\xd9\x08\xdb\x8f\xdc\xe7\x1f\xc5\x7f\x895l\
\xbe\xec\xea\xf2<xK\x8fuK\xd1\xed\xfb\x0a\xc4\xec\
\xff\xf6m\xdbl\x0d\xa1\x14\xff\xc8\xb4\x8d\xf5D\xdb\x00\
M\xb6\x06;\x00eW_c\x92\xf1\x07@\x84h\xcb\
\x030\xc8\xa2\x04C\xf6\xc0\x9c:\x13M\x1c2\x82\x7f\
\xe2\xa8\x94\xccPYqN\x81\x8d)\xe5C\x00\x84\x19\
\x11S\x94\xf0\xa9\xed<U\xee\x8d}`\x06\x92\xa1\x80\
\x9dx\x81:Z\xca\x8aQ\xd0\xd3X\x07#!\x8d\xc3\
\xd0K\xee\xb1\x82\xd0\x05\xd4Z\xc4qr+-\x8d\xe0\
E\xc5\xb2,\xd2V\x83\xdaD\xc51\x93Y\xb8\xb2\x16\
E\x81ToO\x8cq\x0d\xd5\x82\x80D\xda\xee\xbe\xeb\
\xd6\xfejU\xfa\x10\x0d\x0dTm,\xa2\x1ei?`\
\xa4}dUr\xc4Ue\xb7<\x1c\xc3kg\xff\xf1\
\x8e\xeb~c\xc4\xc5\x95\xa2\xfb\xf3\xe8\xbd\xff\xb3L\x8f\
\xfb#\xed|\xbe\x06\xb6d\xf7]\xab\xd8m[7\xec\
\x9dS\x01\xfdvP\x82\x0e\xcd\xd5\x9a\x00\xd2X\x019\
\xb9)\x8dc\x1b;\xe6\x0f\xc76\xeb\xd4\xeb5\xc20\
\xe3g\xa9\xc1\xa8h\xa6\xf4\x09\x0b\xb1_w\xf9\x05y\
N\x19\x1f\xca\xf2\x11\xb5P(\xe8 \x8c\x9d\x9c\x13\xd9\
B:O$,\xd1\x18\x83\x14\x93\x5c:\x81d'\xf9\
\xdd4\xfc\xd6;~_\x96\x88\xda*\xf3\xbf\x19\xd17\
0\x06qI(9\xa1\xd6\x86a\x1ca\xbd\xc3\xb2,\
\x04\xcf4\xbf\x1d\x80\x22s\xbd\xeb;\xe6\xbf\x94\x90\xc8\
,\x80\x86\x0a\x83pN&\x84\x100\x0e\xa3\xe4Z+\
\xf0\x81,<\x18\x83y\x9a\xd7\x90\xe3Z+\xba\x8e@\
 \x00\x84\xe0\x91r\xc2\xfdz# %\xe0\x871\x14\
;\x80i8\x9d\xcf\xf0\xc2\x94%\x85\x8b\xb7\xac\x0a\xe0\
\xde\x84\xd1\xa8\xf9\xd4\xb4\xcf\xdf\xde\xbe\xc2\x18\x83\xf1t\
F\xa9\x05\xa5$Ys8\xe7\xfb\x81\xa2\x18Q\xc0\xcd\
\xd6x\xbd\xce\x11\x84]f\xf6I\x96<\x8b\xad\x01\xf3\
\xbc\xac`(\xc3.\xc9\x86\x0c\xdeKH?C\xfbc\
J\xb8\xdf\xef0\x8e\xf7\xe2~\xbb\x03\x0d(5\xe3\xfd\
\xfd\x1dA\xe6\xfa2/(9\xe3t>\xcbzC\xe6\
W\x15\x15\xe3%.0\xc6\xa2\xef{\x18P\x0d\xd6\xec\
^(\x84@\xb0\xd3H\x1e\xc9*@\xea0\x0c\xb0\x8e\
\xa201%\xa4\x940\xdd\xef@\xab\xe8\x87\x0e\xa5R\
,\xc4X\x83\xdb\xed\x8ay\x99\xd1d\xbd\x0e\xa2\xf2\xac\
\xeb\xf1tg\x1a\x02\xe7\x99\xef\xeet>\x11h\x15q\
\x97q\x18\x01\x03\xbc}\xfd\x09o_\xbf\xe0\xaf\xff\xfa\
\xaf\xf1\xf9\xb7\xbf\x95\xa7\x0a\xe7\x97\xce\x17\xaeh\xfc\xb4\
\x9f[\xab}\xb0\xb4\xb4&\xbc\xbe\xa7\xb5\xcb4\x05\xcd\
\xa4\xc6\x86m\xa5X\x81x\xa9P\xeb\x15\xd6\x9a\x01\x18\
\x0a\xdc\x18\x96\xab\xc6uo\x03\xf8\xd6u\xdeSEW\
\xcbhK\xf8\x22\x0a\x90,\x10k\x1a\x88\x86\x86\x9c\x13\
Y\xb7\x9e\xcc\xcdV\x19\xa2o\x80\x95mGf\xa0\x96\
\xa7Z\xfc*\xda$/\xc1\xbcwT\x96\x17P3\xe7\
\x8c,\xcf\xb4y^0\xf4\x1d\x99\x82\x9aGs\x07j\
j\xdf\xf4\xfd\x80&cY\xa3\x17 \xd7n\xad\xc5\xfd\
~\x87\xf7d\x88B\x96\xb1\xd0u\x04\x1d\xb9\xe2h\x17\
\xf1\xb30\xa0\x8b\x84\xfc\xb6Z%\x9c\x9c\xdb\x8d\x82\xcc\
\x07\x00x\xd8a\x87\x1dv\xd8/\xdd\x0e\x00\xf0\xb0\xc3\
\xfe\xe7\xb1\x22?\xd8k-\x92s\x88@\xdd\xea\x87<\
\xfc(\xfe\xcbl\xad\xa7\x89\xd3\x81\x1d\xb3J}\x98\x87\
s\xfd\xbc=\xfaPt\x00\xb4\x92\x07\xc0B\x18\x0f\x0f\
\xb6\x82w\x0a\x981\xacku\xd8\xc4\xa1\xd8\xea\xd8\x0e\
\xdd\x03J\x84\x0d\xe9T\xe9qVX(ZF\x9dS\
V\xa7L8\x02\x0bA\x98}93\xf19\xd6\xe3\xe8\
\x18\xa9\xc3Tr\x16\xd0M\x93\xc0o\xd7c\x8c[\xaf\
\xc1\x18\xbbz}U\x00B\xb20\xe8`%\x09gT\
`A\xeb\xd6cB\xf0kXXJ\x04\x00\x9c\x94\xa5\
c\xc7\x90Av/\xc7\x85\xb5n\xcd\x0fhE\xb8\xc4\
\x88\x02$\x1d{\x02)dV\xb0L)Y\xf25Q\
xA\xc1\x03*H\x0a\xf8#l\x95*,\x0b\xb6\x9d\
\x0e\xd6\xfe\xfa\x9f\xad\x8a\x93\x0f\x19GV\x04(\xe8\x18\
B\xae\x95N\xa31\xcc\x1b\xf5\xd0\x9f\x1f\x8c\xbf?v\
\xbe\x0fM\x86\xcc\x1f;l\x1ba\x9b\xf1\xce\xefG\xf2\
\xd3N\xb5u\xfeH\xdb\xe4\xfe\x7fd\xcf\xf3\xcb\x88\x22\
\xadx\xac\xa0S+\x0a\xceO\x17oTqt\xd7Z\
#\xf9\xc3\x94\x8d\xaa\xd7\xba\x1e\xa3s\xda\x00\x00\xeb-\
\xaa\xf8\xb9\xe6\xa6\xdc\xdae\x8d\x02\xc3\x1cO\xfa\x99\x80\
Z\xa0\xf3/\xe3V\xc7\x93wt\xfcSN\xc2\x18u\
\x98\x97\x19@\x93\x90L\x82\x8a\x04\xd7*j!\x18\xd4\
$4\xf7~\xbfI\x1eK+y\xf1\xb6y\xd6\x85\xc0\
q(\xe2\x07\xd34!\x8a\xe2\xaf\x02\x08Qr\x02z\
\xefP*A\xc8R*:\x09\x97\x9d\xe6\x99!\xec\x89\
`\xc8\xe5\xe5\xc2\x1cy)\x8a\x22o\x87\x14\x85i\x18\
\x820\x98\x22\xf3\x9752\xd8\xc6\xf1$\xacF\x8e\x8a\
\xf6\x88\xd9n Dc\x88\x7fk\x0d\xcb2\x030\xf8\
\xf4\xe93\x8c\x0ah8\x0b\xef-E|\x84\xb5\x94S\
\xc6O?\xfe\x08\xe7<z\x09\xd3]\x162\xbet\x0d\
K)R\x1c(\xc6\x955\xec\xbdG\xd7\xf5\x0c\xadu\
\x16o\xef\xef\xb8]o\x88)2\x84X\xc2>\xd1*\
JN@3,\xef\x0c\xfa\xa1G\xf0\x1e1F\x5c\xce\
/\x08}\x07\x1f<|\xf0\x88q\x81w\x1e}\xdf\xc3\
\x8ar\xef\xf9|A)\x05]\xdf\xa1\xef\x18\x1a\x9cr\
\x82u\x0cw\xad\x22\xc0q\xbb\xdd\xd0j\xc1x:\xf1\
\xfa\x84\x1d\x98RBm\x5c[`$\xcf]c\x1eG\
c\x80\xe9~\xc3\xd8\xf7\xf8\xee\xd3'\x8c\xe3\x88q\x1c\
\xd9\xf7\x8e\xd7FE\xe2\xc4\x5c\x89\xd6b\x18(\x8c\xc2\
1\x5c`\xd0\xf0\xd3\x8f?\xe2\xcb\xd7\x1f\x91\xe6\x09\x7f\
\xf7o\xff-.\xaf\x9f(\x9c\xb3\x9b-\xb2\xdc\xec\xf2\
\xf2a]\x7f\xd4\x8c\xd9\x00\xf4\xd6\x94mo\x80\x150\
\xcf\xe4\x10\xee\x94y\xc9\x84\x04g\x9c\x1c\xaf\xb6_\xe7\
\xb8\x9f\xdbW\x16\xa8\xfe#\xdf[\xa3\x80\x88\xe6s\x8c\
2\x9e\x82\xa7\x9a;\xdb\xc5q\xc1\xcf\x8f<G\x9d\xd3\
\xa5\x14Ta\xdfVa\x98\x97R\xb8\xc6\x0aH\xe6\x9c\
\x85\xe0\xfc\xacK_\xbe\x88\xe2<\xf3lrm\xae\x85\
/\x98\xc8\xda\x13\x81\x9c\x9c\xd0\x85\x80\xd3\xe9\x84\xda\x00\
/j\xd6\x90gs\x08;U\xde\xdap\xbd^\xf9\x12\
i\x97\xb38x\x0f#\xc0\xa0\xb2V\xc9hm\xe8\xba\
\x0eA\xd8\xc4\xdf\x1a\x9f\xf8\xcb\xb2 J\xc8<\xc3\xce\
;\xf4\xfd\xb0\xb1\x93\x9f\x0f;\xec\xb0\xc3\x0e;\xec\xb0\
\xc3\x0e;\xec\xb0\x7fi\xd6ZC.\x05\xb9\x90q\xd5\
Z\x83Y\x810#,\x94\x0d\x1c\xf8'\x1b\xc5\x05\xd7\
?\x88#b\xc4Y\xa2\x98\xc7\xd31;\xdb\x1c'u\
p\xf0A\xbb\x1e+h\xd0\xdchb\x15\x02TX^\
\x17\xbd\x9c\xad\xee\x1ds\xefc\x13vF\xab\xc0S.\
\xc2\xb6c!d\xc9\x85\x04C\xa7U\x13\xaf\xd3\x91\xee\
\xe0\x04\xc8PG\xdeI>\xadR\x0ab\xa4\x1ai\x16\
\xf0O\x81G\x05B6\xdb\x87!\xb1\x1dF\x98\x08\xc6\
h\xb8\xa5\xb0\x5c\x5c\xc0<-XbD\xad\x04\x1d\x82\
'\xcb\xa2\xeb:x\xafL0^{\xdf\xf7\xab\xc3\x1c\
B`h_kdgX2mr)0\x96\xf9\xcf\
\xa0\xd7\x0e\xaa\xb7\x96R\xe0\xac\x85\x0f\x01Nr\xb1\xd1\
\x81\xa4\xb3\xa6,#\xaa:r[\x17\x98\xc7m\x9e\xc9\
\xce\xa1\x18\x00\xaf\xedz\xbd\xe2v\xbb\x8a\xf3\xff\x91m\
\x80\xa1\xde\x93\xfdH\xd8\xdfS\x05\x89\xb6r\x1c#\x1f\
\x89o\xe8=\xfd\xc8\xf4\x18\xcd\xdf\xc7\x8d\xfc\xd8\xf0\xc1\
\xd0\x143r,\xb0\xe5\xe9\xfb\xb6\xc5\x9b\x99\x87\x13\xf0\
\xa3\x8e\xb3\xd6\x84\xb9\xb7:\xd3?s\xd2&\xec\x18q\
\xbe\xd1\x14t\xa3J\xa85\x04\xaf\xd7\xe2\xda7\x8de\
\x9a\xb0\x09\x8d0'\x1fLC\x0eMC3\x9c\x17U\
\xc6\xbf\x8e\xdd&!\xbcz\x8f\xac&\xfeo\x0c\x1bV\
\xc6\xb1\x9e\xb7\x16\x82U\xad\x11\x04\x80ih`\x1e@\
\x82q\x04\x94Sb\x18\xfb8\xf4\x08\x02N\x91\x9d\x93\
P2\xc7!\x0c\xf3\x0bj\x18\xab\x0fA\x8494\x9f\
%M\xaf\xab\xe4Ml\xa4\xef{T\x01\xd3\x9ds(\
9\x93y'  \xe7Y\xc5\xf5\xfa\x8e\x1f\x7f\xf8\x01\
\xb7\xeb\x15\xc3\xd0\x8b`\xc4\x0b\xaa\x80n\xc6ZL\xc2\
:\xf3\xa2Dj\x8c\xc1Y\xd4e\xcb.d>.d\
\xe7A\x80\x13(hd  \x18\xffG\xb1\x93\x88i\
\xba\xc3Z\x0ak\xa4\x9c0O\xb3\x84bvXd-\
a\xee\xb7\x8a\x9c\x0bN\xe3\x09\xa7\x91\xb9\x15\xad\xb1\xa2\
\xc6j0\xf4\x1d\xba.\xe0|9\xa3\x17\xf0\xed\xe5r\
A\xdfu\xe8\xba\x1e0\x06%s\xbc\x94\x9c\xe1\xac\xc1\
i\x1cq>\x8f0\x86\xcc\xad\xcf\x9f>\xe3\xe5rA\
\xad\x89y\x04\x87\x11\xc6X\x0cc\x8f\xa1\xefP[\xc1\
\xe9t\xc2\xe9tF\x8c\x04\x1a[\x03\xee\xf3\x8c\xdbL\
\x10\xd3\xe9Z @\xd28\x8ek\x98v\xc9\x19\xd34\
\x11T\x12@\xfa~\xbf\xe1z{GN\x09i\x9e\x91\
\xe2\x8c\x9c\x08\x18\x8e\xa73 )\x17r\xca0\x00\xbe\
\xfb\xfc\xddZ\xdf\xe9tB)\xc2T\x93g\x11\xd7\xe4\
\x8a\xd3\xe9$\x80\xe4\x19\xe73\xd5\x80\xad1x\x7f\x7f\
\xc7\xfdvC\x5c\x22\xba\xe01\xf4\x1d\x85\xa2j\xa5\xba\
\xba\x02\x5c\x8d/\xd3Z+h\x95\xf9*5L\xbea\
\x03\x9f\xeb\x9a\xdfR\xc0p\x19\xeb\xb52-\x82\x86\xc2\
\x12\xdcb\x9d\x0a8\xe9|\xc1n\xce\xf2\xb9\x22k!\
Uz8\xb2d\xccq.n\xe7+9\xaf\x80[k\
\x0c\xb9n\x02\xc4\xb5Z\x85\xc5K\xb1\x97*k\x88~\
\xcf\xa5 f\x02\xadNX{\xa5P\xf9\xddZ+\xec\
\xf3\x8aE\x14\xa5\x9b\xbe\x84@\x83\xb5\x14\x90\xca\x99\xfd\
\x92\x85-LP\x9d\xcf\xa8\xb8,r\x9d\xccax>\
\x9d\xc8\x18m\x15\xc6\x91\x11\x19%\xf4\x1f\x02\xecM\xd3\
\x84\xfbtGk\x9c\xa3V\xf2\x00\x1a\x11\xf11\x96\xe1\
\xeb\xb9ny\xfc\x96%bY\xe655\xc1~-\xe6\
w\x8e\x0d\xe7\xdc\xca\xa4\xfc\xf4\xe9\x13^^_a\x9d\
\xc1\xa2\xe9\x07\x0e\x06\xe0a\x87\x1dv\xd8a\xbfd;\
\xf2\xff\x1dv\xd8\xaf\xdfj\xdd\x9c\x0f\xbe\xddW\xb0A\
`\x09a\xc7\xfdI\x80\xe1\xcf\xb5\x1dkHk\xda;\
1\xba\xf1\xa3\xb3<\x9c[IL0\x02\x90\xe8\x86&\
\xf5?\x02&\x8f\xe0\xcaVb\xabR\x80\xc8\x9d\xad\xed\
\xd2\xeeXw|P\x16[\x97)\x90\xb1:P\xb5\xc0\
\x0a\x8b\xc6\x18:/t\xc0\xe8\x04\xd1\xb1\xab\xf0>\x90\
\x95 \xe7V\xa0\xad\x09\xa0\xb8\xd6\xb9\xb2\xa9\x08\xc6(\
\xc8\x82]\x1fU\x09\x87\xd5k(9\xa1\x0b\x1e\xbd\x84\
\xdd\xd5R\xd6\x90\xa7\x94\x0b\xbe~\xfd\x22\xb9\x09%<\
\xd8\x90\x09E\x10\x90\xac<\xcd\xdf\xa6\xd7\x91r\x12\xe7\
\x91!\xe3M\x18|N\xda\x14\xfa\x8e\xcea##\x03\
\xad\xc1y\xe6\x17\x9b\xa7Y\x80GG\x91\x12\x01\x8c4\
\xdf\x9aQq\x11\xc9m\xa6j\xafd\x0f\xees5\xd1\
Z#S\x91\xce%V&\xa2\xb29\xcc\x03Qf\xd7\
Wf\xfb\xfe\xf8i\xb3o\xc7\xbd\x1c\xbf+\xff4<\
8\x1cw\xdb>\xb2\x87S\x1bi\xa44\xe9\xb9\xee\xb5\
.\x19\xf3\xbb/\x8fg\x7f\x06\x04\x1e\x1a!\x8c\xd8\xdd\
6c\xa8Hk\x0d'f3@\xc3\x1fA\xe2\xcd\xd6\
\x9a\xda\xa8\x90\xcd\xcd\x12f\xdf\x04P\x10P[\xd9\xab\
YB\x7f\xb1\xce+Q\xf5\x156W\x03w3\x97\x17\
\x81\x88\x94\x22\xc7\xbc\xb5\xf0\x9e*\xb9\xc6p\xfcx\xcb\
\xd0\xdd\x94\x99\xab,8*\x85\xe6\xcc\x1c`)'\xa4\
\xb4\xc0Y\x8ba<\xb1\xcd\x92\xf3\x8b \xde\xe3\xbc\x19\
\xc7\x11\xd69D\xc9O\xc9\x9c\x83l[\x08\x01\xfd\xd0\
3\x9c0gx\xc9\x0b\xd8\x1ap\xbf\xddQk\x15F\
\xaf\xc10\x124\xe2\xfe\x86e^\xb0\xcc3j-\x12\
bjQr\xc1<M\x14\xd5q\x16\xef\xef_%\xa7\
\x18\xfb\xc6\x89\xa8\x07\x19Q@k\x1b\x93\xab\x94,\xe1\
\xcb\xaa\xa4\x9d\xe1\x83#\x936&\x82\x14\xb2n\xc4\x18\
\xf1\xf5\xeb\x1b\xd5P\x03\x05?4\x87\x9f\xb6Q_@\
\x18k\xd1\xf5=\xafi\x9a\x90r\x96\xdc\x84\x85y\xd3\
$\xb4\xd7\x0a\x9bnY\xe65\xe4\xb6d\xe6\xd5\xd3P\
\xe7\xeb\xf5\x86\xd6\x1a\xfa\xa1\xc7\xedv\x83\xb3\x16)F\
\xdcn7\x18X\x0c\xe3\x88\xf7\xeb;\xa6\xfb\x1d\xde2\
?\xa2A\xc3<\xdde\xad+H\x12\x82[k\xc1\x1c\
g\xc4\xb8\xac\xe2\x10Nr\x8e\xe6R\xf0\xfb\x7f\xfc=\
\xac\xbc\xf4h\x95\xeb\xe3x:\x91]\xb8,0\x96\xc0\
/s\xff\xf1\xc5C.\xccE\xd7\xf5=bJl\x97\
\xa1\xa0\xcb4M\xa8\xb5\xa2\x0b\xcc\x1fw\xb9\x5c\xa8\x1a\
+\xe0QJ\x09\xef_\xbfb\x99g\xb4V1v\x1e\
\x7f\xfb\xaf\xff5|w\x92\xb5G\xee\x99\x82\xb6O\xa1\
\xa9M\xe7\x8f\x80Z\x0a\xe2\x19a\xe0qJUa\xfd\
q\xdd\xd9\x03\xe7\x0d\x00\xe4\xc5\x8c\xb2\xafk\xe5\xf3\x81\
ce{\x01\xa2c\xdb\x8a\xda{\x85\x80w\xf2Lw\
N@\xbdR\xe0=\xfb\xa65\x90%g\x0c\x95\x80#\
\xef-\x8c\xe1s\xcc\xf2e \xe7\x88\xae\xf9\xac\xc7\x08\
\xb8\xe7\xbdG\x93\x5c~)%,1\xca\xcb \x0dk\
\x07 \xac\xdb\xfb\x9d\xf3G_\xc8\xa8j\xb5\x82\xf8\xda\
\x07\xc1\x07\xbc\x5c.\xab\xe8\x8b\x01\xe0 a\xf3\x12\xca\
\x9fs\xc6}\xba\xc3\x18\x02\x8f\xaa\xf8kElj\xe8\
{x\xef\xa9j}\xbb\x0a\xfb4\xb0\xbd\x95\xcf\xa6\xae\
\xef\x1fr\x0f\xea\xb5\xca\xe4\x94\xebY\x10D@\xa6\xb5\
\x86\xaf?\xfd\x08\xb4\xc65d\xbb\xc2\xc3\x0e;\xec\xb0\
\xc3\x0e;\xec\xb0\xc3\x0e\xfb\x97e\xa5\x16\xe4\xca\xa4\xde\
tV\x08 \xacJ\xa4O\xa1\xb1\xeaX\xac\xf6\x00.\
|\xf0]L!9(\xb8\xf0\xc7Lv\xcb\xe9\x7f\xbe\
\xf4\x1e\xf3\x90Z\xc5\xedY]\xb0\xad\xc0\xee\xf3\x0e\x80\
\xac\xf2\xb6\x9fGW4\xcd\xe2\xf4T^Y|U@\
\x8f\xda\x0866ee\xecB\xb2\xf4\x1f#@F\xad\
\x15\xce0t\xb152Vr\x22hFg\x9a\xe7\x8b\
\x92gK\x1d(\xecB\x8e\x8b\x80_\xca\xa8\x0a\x81@\
\xe1\x87\xf7D\xcc\x18\x82&\xce\xd9\xd5\x91\xb2\xd6\xd2\xb9\
Od\xdd\xdc\xeew\xc4\xc4$\xf7\xcezx\xe7\x91U\
\xac\x03@)\x0c\xbf}{{G\x95\xfcG\xcb\xc2v\
\xa6\x9c\x10\xbc_s\xfe\x19\xcb\xbf&9\x0c\x1b\x80\xeb\
\xfb\x15oo\xef\x92\x94\xbd\x010\x98\xa7\x05)f\xf4\
\xfd\x00\xc0\xe0v\xbb\xa3\xeb\x02N\xa7\x11]\x17p\xbb\
\xdd\xd6\xd0K\xef<CH\x05PL)\xe1\xfd\xfa\x86\
i\xba\xad@\x9fZk\xdb\xfd\xdbm\x05P\xc9\xa8\xd9\
9\xc5z}\xeaT\x8bK\x0e\xb3\xbb\xf7Z\x06\xcf\xe3\
\x81[\xbe\xf9\xfe\xc0\x04\xdc\xe1n\xdf\x96|\xccQ\x09\
\xc8xy.#;\x1e\x8a\xee\xc0\xbf\xe7\xef\x1f\xd9:\
>\x04h\xe0< +\x88\xe3x\xeb\xaf\xf5\xb3\x9c\x5c\
\xdb\xa0m\xe5X\xde\xb1,\x0d\xb1\xc0\x0d\xc4 \x18\xd0\
\x1a\xf3\xcdi\xf8x\xaduM\xe0o\x04\xe0,\xc2r\
\xe5\x0b\x07\xe9\xebJFT\x125Mv9\xd5\xb2\x9d\
\xa7[\xedD\xc4!K\x08mJ\x89\xe1\xc8;6X\
\xcei}\xa1\xe1}\xc00\x8c\xa8\x95\xf3\x8b@\xc3\x16\
\xfa\xdd\x04\x10\x0c!0/\xdft\xa7\xbagJX\x84\
\x81K\xf6\x1e\xc1\xe8\xbb\xe4\xf13\xc6`\x9a\xee\xccs\
\x07\x83\xbe\xef\x10B\x87\xd38\xa2\xef;\xd4\x92W\xa6\
\x16@\xc6\x1f\x04P\xbc\xdfn\xcc\xf3w9\xc1:\x83\
\xb4Px\xa3d^{\xce\x09M\x98^\xdb\xfc\xd6\x81\
\xc20^})0\xcf3\x9csHKB\xcb\x048\
\xba\x9e\xcc\xb6\x14\xa3\x08\x95\x90\xc5\xe8|\x80\xf7\x011\
\xb2\x7f\xbb.`\x9eg\xdc\xefw\xc4\xb4P\x0c\xe3v\
C\x5c\xc8\x1e\xd4Q\x96s\x86\x0bT\xd2\x8d1\xc2\xc8\
\xbcV@\xfev\xbd\x0a0\xe80\xcf\x0b\xee\xd3\x04c\
-\x9c\x0fXD\x01\x99\xe0\x8eA\xdf\x8f\xb0\xce#%\
\xaa\x86[\x01C\xdf\xdf\xaf\x881\xe3\xe5\xf2\x8a\x97\xd7\
\xd7\x95\x9dg`\x90rf\xa8\xaf\x00L\x9d\xf3p\x92\
\x87\xf1\xebO_`\x8d\xc1\xcb\xe5\x05}?\x10\xf0\x19\
GX\xcb\x97\x06\xde\x13\xe0\xecD\xc4cY\x16Lw\
\x02DC?`Y\x22\xa6iBk\x0d\xcb\x12q\xbd\
]\x91K\xc2\xe9|Bk\x0d/\x97\x0b\xb02\xef\xc8\
P\x9b\xef\x13\xde\xbf~\xe5\x8b\x91\xd6\xe0}\x80uL\
\x9f\xd0\x94\xd1Z\xf9\xc2\x83k\xfb6\x0f[\xe3\xfd\xdb\
\xbf\x10a/\xcb\xdfZ\x9e\x7f\x0cu\xcf\xab\x8a2\xc7\
\x9e\x8a\xf7\xe8\xf3G\xc2\xc1\xc1\xf5\xa0)SW_\x14\
I{r\x8a\xc8\x89\xeco\xae\x95\x0d\x0d\xcc\xa5i\x8c\
Em\x04\xe9\x9d\x84\xfa.\x0b\x95q\xc9\xd06\xeb\xb8\
\xd45\xa4\x083\x90\xe7!\xd8\xa7\xdf\x0d\xb0\xb2w\x09\
\xbcu\x04\xcbtM\xaam}\x9ex\xef\xe1<\xd7\xf9\
R\x086\x97\xbc\xe5\xb0\xd5\xb1\xdeu\x1d`\x0c\xa6y\
B\x93gj\x940\xfb~ \x90\x9bs\xe2\x18\x90\x5c\
\x95E^*M\xf3\xb4>\x9b\xae\xd7+U\x80\x8d\xc5\
8\x9c`V%z\x02\xcfd\xdfn\x0b\xb8\xde7H\
\x8f\xe98l\x9593\xe3\xb2`Y\xe2\xaa\xc0}0\
\x00\x0f;\xec\xb0\xc3\x0e\xfbE\xdb\x91\xff\xef\xb0\xc3~\
\x9d\xd6\x04\x98\xa2c\xae\xce\xe5f\xea\xa8\xef\xbf\xef\x01\
\x91m\x07\x1d\x97u\xcf\xbe\x88\x11\x8f\x06\xe2\xb5(\xfb\
\xa8\xf1;\xb7|pn\xf9\x8f\xd9U\xc7\xb2\x90\xb0\xe4\
}Ap\x8f\xd1sH\xb8\xa4\xa1\xf3\xa5y\x8d M\
\xe1g)\xa7\xa0\x90lc?|\xcbrT\x07\xc0\x18\
\xb3\x86k\xaa\x19\x00N\x14I\x01\xd0A\x92\x1dU\x98\
Q\xde3OQ\x930\xc7&\xcc>2)XF\xc1\
,e\xe3\x14\x09Gs\x12>U%w\xa02\x1a\xe8\
\x90\x11\xa8S\x90\x90\x8e\xd8\xbe?\xf99\xe7B\x16\x9c\
\xb5\xbc\x03\x96}?\x9eN\xcc{\xd6\xf5\xecB\x03\xf8\
.\x88c\x0e\xbc\xbf\xbd1\xc7\x9f(\x11\xaf\xb9\xfe,\
\x99 \xa1\xebP\xc5\xe9\xeb\xba\x0eY\x9c\xb6*\xc9\xdf\
\xd1\x80\x94\x0b\xc6a@\xdf1?\xda0\xf4h\x15\x18\
\xc7a\x05\x84B\xf0X\x96\x85ax\x99\xcc$k\x99\
\xc3\x8d}\xd3\xd0w\x1d\x8c1dL\xa9\xba\xa9\x00!\
\xecG\x11!\x11\xa1\x06\xbd\xd7\xcf\x7f\xec\x9eG\x00\xf0\
a\xbf\xf4\x99\xee\xdf\xdbG\xdb\xa0\xbdl8\xae\xf7\xe3\
U\xf7}s\xd8\xae\x90\xc1\xa3\xe8\xc7ZT\xbf(\xc0\
'\xf3QF\xa8\x96Z\xeb\xde\x15_\xaf\x05:vW\
\xc0@\x1cW\xf9\x1f\x04\x98\x00\x04\xac\xd6:\xa5^\xe6\
-c\x8fh\x9eK\x88\x03\x5c\x85\xe9i\x84\xe1\xaa\xc6\
\xfed\x1b\x14\x98 \xd8\xaca\xaf\xdb|\xb4,(\x8c\
? \x17\xb2\xd7 \xa25\xadUX\x09\xd7\xb3\x96\x8c\
\xa9R\x0a\x8a\x08\xe2\x14Q\xb9\xb6\x96LO:\xe7\x02\
\xc2\x94\x82\x9c\x0b\xba\x8e\x8c\xb6IXF\xc30\xc0X\
\xbb\xb2\x95\xbc\xf7\x02F\xceX\x96\x88\x9c\x0b\x9ca\x98\
\xbd\xb2g\x87a`\xce1\xd9f\x8da\xc8ak\xe8\
{\x86\xf2[k\x11D1u\xbaO\x1c\xcf\x92\x1f\x90\
a\x92\x19h\xcc\xb1\xfa\xe9\x95y\xe7r\xcaXbB\
JQ\xceU1\x8c\xa3\xe4\xd9l\x14\xda\x08\xdd\xda\xb7\
\x00\x07Tm\x0cW\x9d\xe7\x19\xce{\x86X\xca\x8b\x01\
\xeb,`\x0d\xf3\x94\xa5\x044\xf6s?\x0c\xf8\xf4\xf9\
3B\xf0\xb8\xddn\xe8\xbb\x0e\xd7\xeb\x15\xd34\x01h\
(\x8d\xac+\x0eb\x82Z|Aa\xe0\x8c\x15\x10N\
\xfaPr\xe6\x85\x10`\x00\x8c\xc3I\xc0\x0fKf\xa6\
\xbc\x14\x08\xa1\x83\x01\xdb\x024xo1Mw\x5c\xaf\
\xef\x18\xc7\x01\xb5\x16,\x91!\xd1\xe3\xe9\x22uvH\
1\xe1~\xbf\xa1\x14\xe6h[\x96\x99 \x9b\xcc\xfb\xfb\
\xed\x86i\x9e\xb1\x08\xf8\xf9\xb7\xff\xfao\x11\xba \xec\
2\xb2'SLk\x0a\x85\xdb\xf5\x86\xbe#\x18\xf9\xc3\
\x0f?\x90\xf5,\xa1\xdcd'34\xba\x96\x82\xd38\
\xe2\xfb\xef\xbfg\x1e\xdcB\x00*\xb8\x80q<Qi\
\xb9\x01_~\xfc\x11M\x80+k\x19\xc2\xfd\xdb\xdf\xfd\
\x8d\x5c\xff\x1e\xc1\x13\xd6\x98\xcc\x195\xf3\xc1\xb3\x8f\x8c\
\xe1\x8aVE\x11\xde0\x15\x84\x02{VT\xad\x8de\
\x9d\xdb\xfc\xe6\x7f\x9a\xbe\x94\x92\xf5\xc1\x09;V\xcf\xcb\
g\x0a\xfb\xd3\x1a\x15\xd8\xb1(YT{\xbd\x13\x067\
\xcb\xa7\x85\x0a\xec>xxalC\xe6lm\x150\
d\xef\xe6R$G$\xe7\x8c\x95\x94\x0f:7K\xa9\
8\x8d\x03B`\xbeWh\xfeJ\x99[\x5c\xe7\xc9\x1e\
\x04\x08f\xd6Z\xc9\xda\x1d\x06Y3\xa8@o\x8c\xc1\
\xfd~G\xab\x0dC\xdf#\xc9\xf3\xc6z\x87\x14#Z\
\xe5\xb36%\xce\xa9e\xe6\xb8\x89\xc2\x22\x0e\x02H\xeb\
z\xd4ul\xa7\x0f\x92\xa3\x10Mr\x14\xdaU\xecF\
\x05x\xf8r\x90\xc6\xb5\xaa`\xba\xdfQV\xa1-\xae\
\x991\xc6\x03\x00<\xec\xb0\xc3\x0e;\xec\x97kG\xf8\
\xefa\x87\xfd:M\x1dx\xe6\xfb#\xfb\x09\xd8\xc0\xad\
\x15\xe8x\x00\x93\x1e\x81\x05\xb5\xf6\xc4\x5c\xfa\xc6\xf4\x97\
\xb1~U\xf0E\x1d\x13\xd9\xf5T\xad\x00\x1fb;\x87\
\xc7@\x98\x89O\xd6\xa0\x95\xd0\xb1W\x98\x03\x86\xdf\xd4\
\xd6z\x8cY\xd9G\x00A1\xa9D\x8e\xd12*\x90\
`\x18N*\xd7\xb0\x02'RF\xae\x86\x0e\xba0E\
\x9cc\x18\x92\x02T\xb52\x01\xa2\xb1\xcc;H\x00\x85\
\x0eQJq\xed\xdf(\xa2\x03t~\x97\x95\xfd\xd2u\
\x0c\xe1\xcby\xcb[\xb49Q\xc2\xc2{\xb8G\x12\xae\
\xb4D\xd4\xda\xb0\xc4\x84\x10\x08x@\x04\x15 \xfd\x90\
R\x84qd\xdc\x98\xc6\x90\xc7,\xf9\x07\x8d1p\xce\
\x0aX\xb0\xa9pz\xe7q\xbfOt*\xa5\x5cN\x19\
N\xf2\xfb\xa5\x94p\x1aO\xec7a_\xdc\xefw\xa8\
C\x5c[\xc5\xd0\xf7\x98\xa7\x89\xfd$\xe1\xa2n\x97\x0b\
1\xe7\x8ca\x18\xd6k]\xe2B\xe6H%\xb0\x04\x00\
\xde\x07^kd.\xb8&\xf7\xe7y\xbc\xf2\xf3\xf6]\
\xef! \xf7\xe4y\x0c\x8a\xed\xeb\xd86n\xff\x1a\xe2\
\xcd\x0f\x87\xeb\xf9\xd5\x1ej\xd8n\xcf\xe3wl\xf5\x18\
\xd9\xbe\xeeZ\xc7\xff6\x9a\x9f\xff\xdd\x9b\xce\xf1\x06\x82\
{\xd8\x9d\xae\x09\x10\xadsE\xf7\x19\xc39\xd0\x94\xc1\
\xb4\x1f\xe3\xab\xda\xe6\xe3u\xe9y \xf3Z\xd9EF\
r:*\xa0\xed=\xc7\x0c\x84\x01\x8b'\x86\xe4\x92\x22\
 \xa1\x87v\x97\xe7\xb2\xb6F0\xa3I\x1e2c\x08\
H\xd4\xca\xd0D\x01\xde\xbc\x84\x1cfa\xba\xb6\x865\
\xf9\xbf\x1a\xf3\xc8\xf9]\x99\x86\xe9~G*\x99\xbd(\
/\x0c\xba.\x88\x08\x0e\xc3]\xd7\x90t\x80cL\x80\
\x90a\xe8%L\x98\xe1\x8b))\x8b/#\xa7\x84a\
\x1c\xe1\xbd\xc3\x12#\x85\x1c\x8c\x855\x0e\xe7\xd3\x19?\
}\xf9\x09oo\xef\x18\x07\xb2\xd5R\xe2\xb5\x18k\xa8\
X\xdc\x1a\xfa~\xc00\x8c\xbb\xfe\xe6\xbf\xa5d\xb2\xc1\
$\x5c\xba\xe4\x82yY\x10SD\xd7\xf7\xc8\xa9 \xe5\
\x84\xd3i\x04\x00\xbc\x5cN8\x9f\x99oo\x9a&\xce\
\x9d(\xec.c\xe0\xbc\xacS\x92\xdfl\x1cO\x04T\
LC\xae\x15wQ\xc4U\x86\x9d\x17vr\x16\x16q\
kM\x00\xe4\x82y\x9e\x10\x97\x05]\xdf\xc3\xc0\xe0\xfd\
\xfd\xba\xbe\xc4X\x96\x19)F\x8cc\x0f\x00\xb8\xde\xae\
p\xc6\xc2\x89\x02\xaf\xce\x99\xd6\x1an\xd7w\x94\x92q\
\x1aG\xbc_\xafH)b\x9ef\xd6!i\x02B\x08\
\x18N\xe3\xcaP\xd3q\x9aR\xc6\xfd>\xada\xbd\xce\
RQx\x12\x00\x93\xc0\x9e(\x90;\xaa\x12\xebX\xaf\
\xb5\xc19\x8f/_\xbf\xe2\xe5\xe5\x05\x97\xcb\x0b\xce\x97\
\x17*%[\x8b\xfb\xed\x86\x9f~\xfc\x01M\x9e\x9f\xd6\
Y\xbc\xbc\x5c\xf0\x9b\xbf\xfa+\xd4&9E9M\xd0\
\x1a\x01iv\xd2\xeeY\xa1/\x94\xe4\xae\x02@I\x19\
11\xd7\x9d\x15\xe6c\x150\xddJ\xee:\x05\xfa\xd8\
N\x02\xe1\x9c\xa7\xb2V\x08\x10\xfe8_%\xaf\xa5<\
o\xa8p\xcb0\xe4\xd6*\xd9n\x00\x8c\x05\x92\xe4\xdd\
k\xf2\x9c\xea$t\xb6\x96\x8afD-\xbbV4C\
\xe6f\xcd\x05K\x8a\x08\x1d\xc1\xd9y\x9a\x11B\x00\x0c\
\x85rb\x8c\xf0\x81\xa1\xf2\x9c\x87\x0d9e\xe4\x14\xd7\
\x97H|\x062\xd5\x84\x17\xb6\x9f\xf7\x22\x08\xb3{\x06\
8Q\xeaN9\xa1\xef\xb6\xd0\xf5(\xc2 z\xbd\x8b\
\xb0\xe8\x8d\x01\xba\xae_\xd7\x9aa\x18V\x86}\x08A\
\xc6\xb1\x83\x0f\x0e\xa7\xd3\x89\xf3G\x84l\x9c\xa3\xd8\x95\
>\xb7\xd5\xd6\xfb\xd5\xc8<N1\xc2z\xbe\x1c\xcb9\
c\x9e\x19:~\x00\x80\x87\x1dv\xd8a\x87\xfdb\xed\
`\xff\x1dv\xd8\xaf\xcf\x9a8\xe0\xea8(\xac\xa0\x80\
\x9c:)\xfay\x05\x1ev\xdb\x1f\xec\x11\xdf{0-\
m\xd6\x1f\xcfF\xa1\x86\xb5\xcc\xb6\xef\xd9v\x0e\x92\xa1\
 \x89\x1e\x8d\x1dVG\xa7q\xab_\xb7\xa3\x81@\x9d\
4N\xb7\x1ba\x0a\xa9\x83F\xe7Z\xaf\x91\x80\xd8\xbe\
?\x9a\x80{\xca\x90RGS\xc1\x8c\xad\x0e\x00\x02\x12\
\x96Z\xc9\xc4\x91\x13\x1b\x11\x09P\xe7K\x93\xb3WQ\
G\xb5\x12\xda\xaa\xa0\x0b\xf3\xe2\x911Q\xc4\xd9=\x9f\
\xcf\x08\x12\xf2\x9bR\xc20\x0ck\xc8\x11O\xfd\x0c\xfe\
\xd1\x14\x80)\xa5\xc0\x09\x104Mw\x02|\xb5\xe0~\
\x9f\xe0%\x9fY\xc9\x85\x09\xdaE\x1c!e\xb2\x96r\
N(\x85l\xaa\x94\xb20W\xc8pY\x16:\xcf\xb9\
d\xc4%\x120\x04\xc5\x00\x08V\x92\x8d1\xcf\x0b\xc6\
\xe1\x04X&c\xcf1\xc1Z\x8b\x18#\xb2\xb0\x97J\
\xc9\x80\x01\xe6e\x96\xdcpdW\xb4\xd60M\x13\xe6\
yF\x17:X\xefQk\x81uv\x052\x96ef\
y\x09\x17\xd3>\xd9\xf7\xcd\xcf\x8e4\x99\x08\xe6\x09,\
\xdeL@\xe1\x0f\x06\xfas\xae\xbf\xfd\x0c\xd9\x97\x97b\
,\xa7\xc3e\xb7\xd3`W\x8f\x16|\x00\x00\xf5\x1f~\
\xf8vn}k\xb5\x92\xa9c\xb4-\x1az\xf7\xa4\xc4\
\xab\xe3N\x01\x04\xad\x9c\xfb\x09p\xe9F\x0d\x1b~\xec\
'\xceA\x02\xea2\x1f\xedV\xaf\xd6Ur&\xcbL\
@\xeb,\x0c\x22\x0d\xb7\xed$d\x98\xa0\x80\x02\xeb\x04\
\xe0\xcdN\xb8%&\x82\xdf\xce\x90md4\x84\xaf\x11\
to\xadq\x5c\xd6\x86\xd38\x02\xc2\xa4\xf5\xde#I\
HoCC\x8c\x0bJ)\x18G\x99G+HS\x09\
H\x88Jw\x10\x10\xe3\xfd\xfdJU\x5c\xef\xd1$G\
`\x136P\xceI\x04H\x1cCC\xad\x13\x11\x93\x04\
k\x1d\xac![\xac\xeb\xa92|\xbd\xbe\xc3\x18\x8b\xf3\
\xf9\x04\xe7w\xf3\x1f\x04\xa7j\xa9\xb8\x5c.\x0f\x00\xa0\
.\xbf\xbcV\xe9\xdb\x06\x863\x8a\x98E\xad\x04_z\
a\xc3\x19cP$\x0fa\xce\xcc\x1dXJF\x91p\
\xee\x18#N\xa7q}\x19r:\x9d\xd1\x1a\x90\x22C\
\x1b\x9b\x00Q\xa7q@/@\xbcs\x0e\xf3<a\x9e\
'\x00\x06\xcd\x00\xdd\x10\x10\x97\x84/_\xbe x\xe6\
\x19d.F\xaa\xa4\x9eN#\xbc\x0f\x02\xde\x16\x84\xe0\
q\x1a\xb9\x8d\xe7\x96|\x86)!\xc6\x05\xcb\xb2\xe0\xf3\
w\xdf\xa1\xc9z\xf5\xfe\xf6\x0e\x1f<\xce\xa73\xfa\xae\
\xc3\xe5|\xa6\x88R#\xc8\x9d\x93(=\xb7\x86\xeb\xed\
\x86y\xba\xc3\x18\x0a\x19\x9dN'\x82;\x92S\xae\xeb\
:|\xfe\xee;\x84\x10p\xbf\xdda\xad\xc58\x8e\x80\
\x01\xfa\xa1\x87\xb5\x0e0\xc0\xcb\xcb\x0bA0\xefa\x0c\
p\xbb]\xf1_\xfe\xfe\xef\xf1\xfe\xf6\x15\xadQ\xa1\xb8\
\x96\x86\xef\xbf\xff\x1e\xaf\xdf}\x8f\x5c\xb7\xb5\x84c\x97\
s\xa3\x09;\x8f\x8cp\x01\xe6\xf4f\xb6\x86\x9a\xb3\x88\
X\x18\xb8\x10Vp\xae5\x0a\xb3pM\xe0\xcb,\x86\
\x86\x93\x89\xca5\x90/K\x9cud\xc1\xca\xf3!\xa5\
\xc4}\x8e\x02/\xb5mJ\xdc\x0c\xd3o\xa8\xb9 \xa6\
\xb8\xe6d\xad\x85\xe1\xf0L\x1b\xc1u\x94k\xeb\x82\x10\
<\xe4\xf1\x01\x032\xdd\xa7\xe9\x0e\xef\x08\xc0\xc7\x85\xe0\
\xda>g\xa4s\x0e\xfd82\x0c~\xfd\xed`\xd69\
[\x05\x9c\xb7\x22\xd0\x03\x09\xabU\xe0-i\xee@\xc3\
<\x93\x06X\x99\x8d\x0a\xd6A\xc0gk\xf9\x82j\x89\
\x0b\x86a\xc0\xe5rY\x81G'\xb9\x01\xb3\xa8\xfeZ\
\xc9\x8f\x19B\x87\xe0;\x09\x0b\xe7\xf3\xc5{\x87.p\
\x9c*\xb3W\xbb\x9f\xff\x92!\x1bsfj\x0a\x00\xde\
Z\xcc\xd3\x84Z*\xba\xae;\x00\xc0\xc3\x0e;\xec\xb0\
\xc3~\xb9v\x00\x80\x87\x1d\xf6\xeb\xb2\xa6\xe0\x9f\x00P\
\xdb\x8eG\xb0\x02PT\xe1\xe7\xa0\x85G{(%\x91\
O\x00\xf3\x08*P\xa6\xf5\xed\xb0\x8d'\x08a3n\
\xdf\xfek\x9a\x00y{\x9a\xd5\xae}[\xd3\xe5\xc3\xae\
\x18 (\xcaZ\x9eN;\xcf(g\x95\x0a\x08\xff\x90\
\xb5a\x84\xd1\xa4eT\xa9\x16\x0d\x02\x80m\xd7\xa5\xe0\
`\x95P2#\xac4#\xce\x1b\xf7\x09\xa3i\x07\xca\
\xa8sAg\x86\xa1\x8c\xca\x96\x99\xe7\x199g:}\
\xaa\xd8(L*'\xa1\xb1\x90{Z\x9b\x84\xff\x19\x02\
$l\xb7\xd4-`\x89\xb5\x16.0\x7f\xda\xeb\xeb'\
\xc9\x8d\xc5p\xd9a\x18\x09\x0c\xe4\x8c\xae\xeb0\xcf\x13\
\xdbn,\x8c\xb3t\xb2\x00\x18c\xe1}@\xd7\x91\xa1\
\x11s\xc680d\xd1\x08\x90Y2\x01K\x05[\xe6\
\x85\xe0\xc4xb\xae\xa5Z\x0br\xcc\x18\x87\x01]\xdf\
a\x9e&:\xe9\xe7\x13b$\x98h\x8c\xc1\xd8\x8f\xb0\
\xce\x00\xce\xe1~\xbf\xc3;\x87\xae\xa3\xc3\x9f\x84\xc5\xd1\
*\x13\xe5\x97Z0\xcd3\x82g\xb8\x1a\xc0\xf1\xacc\
\x80\xb7w\x0b\x95\xd6\xfdjUAd+L\x9bo\xe6\
\xc2z\xe3\xbf\xb1\xb5\xa4\xd9\x7f\x91P\xdb\xa7j\xf6e\
\x94\xc5*M{(\xb25|\xff\x9d\x07\xefv\xc1`\
\x97KP\xc6\xe4\xc3<\xda]GS\x00}e\x11\xa9\
B\xf4\xa6\xd6Y[C+\x1c\x9fr\x10\xe7\x8a\x82\x0f\
\x02\x9aWQ\x93\xc5\x9agL\x94LW\xb6\x1dA\xc6\
\x92\xe9\xa0\xd7&/\x1b\x8c\x5c\x81\xfc[E\x11U\xaf\
E\xebR\x107g2<cLp\x12\x8a>-3\
\x8a\x84f*\x83U\xcf\xe7\xbc\x03\x0c\x81\x80\x92\xe8\xec\
{\x11\xd41\x96\x825U\xc4\x1dj)\xa8%\x93q\
\xe8Dy{Y\xd61\x924|V\x00\x8e&\xf9\xf6\
\x82\xa7\xb0D*\x14!H\x89\xb9\xd9B\xe7\x11|\x87\
\xfb\xfd\x8e\x94\xc8\xd0-\xa5\xc0\xfb\x00g9\xa7\xef\xf7\
\x1b\x9a\x86@\x96\x8c\x9c\x93\x84O\x1a8G\xb0B\xc7\
?@\xe5m2\xcf\x08\x82C\xd6\x8f\xb2\x86ZR\xe4\
\xc3X\xc39\x1c\xa9\xf0m\x0c\xd7\xa6T2\x8cs\x88\
\x22\xc0\xc0\xebb8d\x8a\x0b\x1a\x80\xbe\xeb\xd1\x85\x80\
e\x89\xb8\x5c.\x801\x98\xe7\x89\xb9\xdc\x1aY\xbe}\
? x\xaa&/\x0bs\xa7\x95\xca\xf6\x87n\xcb+\
\xf8\xe3\x0f? F\xde3\xebD\xd8\xc3\x10\xe0\x89)\
\xe1v\xbf\xe1\xa7/?\xc1\xfb\x80\xcb\xcb+\xe7\x9dU\
EU\xbeh\x98\xeew44\x9c\xce'8\xef\xf1~\
}\x07\x04\x98\x1cO'\xe6r\x93q^JA\xca\x0c\
\x93\x1d\xc7\x91\xebd.\xb8\xbe\xbd\xad\xa0\xdeo~\xfb\
\x1b\xd4\xd6\xf0\xd3\x8f?\xe2\xed\xed\x0d\xce{|\xfa\xf4\
\x8a\xf3\xcb\x05\x97\xcbY\xf2\xbdU\xaaB\x17\xa62\x18\
\x86\x01\xdeyt\x81a\xd0\xc1{\xcc\xd3\x1do_\xbf\
\xe0\xf7\xff\xf8\x0f\x5c\x9f\xc6\x9e\xebEk\xf8\xedo\x7f\
\x8b\xe1t\x11`V\xc6\xbf\xe4\x02\xd49#\x13I\xfe\
\x95\xf6K\xba\x04\x00p\xce\xc3\xf9\x00\xac9e\xa5\xac\
\xaec\xeb\x9c\xe4\xcb\x08\x1d'\xcen\xa2\x1a:\xe7r\
N0\x86 {-\x15\xa5f\x18\xc3\xf3)\xeb\x9fj\
\xbb\x06\xc6Y4\xd3PKF\xdfu\x04\xc8\x84a\x9b\
sF\xc9\x14\xaf\x0a\xfaBJ\x94xu\x0d\x09\x81a\
\xfd\xb5\x16\x0a\x89\x88j{\x08\x1d\xba\xd0\x81OKC\
\xb6bk\x92\x86BT~3\xd9\xe2\xcc\xff'/\xc4\
4/q\xe6~\x88P\x0b\xd3\x04\x90\xe1w\xbd\xbeQ\
\xc0*p{)\x05\xf34#%\xe6\xe1;\x9f\xcf\x80\
\xe4\x17,\x92k\x14\xad\xa1\x17\xa5z\xb2k{\x00\x0c\
)V\x86\xab1\x06C?\x00\x02Hw\x12\xde\xaf\xc6\
{\xcb{\x17\x05\xac\xb6\xc2\x8c\xac\xc2\xa8/\xb5\x1c\x00\
\xe0a\x87\x1dv\xd8a\xbf\x5c;\x00\xc0\xc3\x0e\xfb\xf5\
\x98:\xe8\xa5\x94u\xdb\x06\x0f<\x1a\xc1\x13:\xd6\x7f\
\xca\xf6\xa5\x08\xf8\xed\xf7\xa9\xab\xb6n\xa0=W\xab\x00\
\x83\xfe\xbc\xfe\xe6\x10\x82\x06\x0d\xaa\xf6\xfb\xb8W\x9d\x11\
\xf9\xff\xea05\xb9\x96\xb5\x91\xe2Dk\x99\x0d\x0cb\
\x88\xd4\xbeV\xb3\xcbyVw\xa0\x9d\x16\xb3vc\x84\
\xb5\xd6P\xc4as\x12\x1e\xa5\xa7\x850\x1d\xe8\x04j\
\x18\xd6\x16Z\xa4\x89\xd6\xc7qX\x99\x0a\xf3L6\x1b\
\xef\x17\xc3\x09\x97\x18E\xc10 \xa5$l\x05\x86\xf3\
\x1aCf\x84\xaa\xf7\x12d\xd1\xb6\x11\x94\xc9\x99\xc0o\
J\x19\xcey\xe4\x9a1O\x13\xac\xb5k\xf2\xfa\xf3\xe5\
L&Ck\xb0\xceIrx:\x7f9%8\x1fp\
>\x9f0/\x13nw\x8a\x1f@X\x1b\xcc\xa3D\xd7\
\x97\xac\xbf\x82%.+\xcb\xc7Z\x83\x9a\x22\x82\x84K\
5\x00\xb9d\xaasJ\xae\xa8\x92\x09\xbc\xe6\x92a\xad\
C.d\x1e\xa2\xc9\xb80t\x94K\xae\xf0\x8e\xac\x9c\
\x5c\xa8\xf8j\xacA\x17\xa8(,\xc3b\xeb\x07\x0e\x84\
\xd5\x87^\x0b<\x9ba\xf9\x0df\xd3\xed\x8f_\x9fM\
\xc7\xd3\xfe\x83~\x7f\xd8\xf7tL{\xde.\x85u\x13\
\xdb\xfb\xb8\xf1\xb9)\x8f\xdfy\xde\x87*\xb7\x8b\xd6\xe1\
\xbf\x96h\x02v7\x05\x05\xd7\x02\x04\xfe\x8c*L{\
\xe6\xb8\xd2\xfa\x01 \xa5\x08\x08\xdb\xafV\xb2px.\
\x05\x15\x1bJN\x04\xf4DQ\xd3\x1a\xc0:G!\x1d\
\x19\xdf\xd6Z\x01n\x99\xeb\xcb\x85-\x94\x17\x9a\xd7\xb1\
V\x84\x10\xc8\xde\xcb\x19C\xc7p\x5c\xb6\x96@K\x17\
:\x0a\xd8\xe4*\x0c?\xe0|>K\xbd\x04\xc2s.\
\x08\xce\xa3\x0a\xb3\xa9\x88\xc8\x06\x0c\xd5ms\xceTB\
-\x15\xa7\xf1\x8c\xbe\x1f\xe0\x1c\x85q\xa6iZ\xd9\x85\
\x14\xb8`\xde=\x80!\xa6\xe3p\xa2\x88\xc4\xf5\x0aH\
\xde\xcf\xaec\xfe>c\xcc:\xa7\xad%\x03\x8e@#\
\xe4\xbb\x803\xc2\x94\xb5\x96\xac\xae&y:\x19\xe2\xbe\
\x19Y\x86\x04:5=\xc0\xfd~\xc7t\xbf\x03\xad2\
\xf7\x1f\x0cB\xd7\x93\x19\x9b\x85\xad\xd6\x18\xda\xc9\xf9\xc9\
\xdcw\x9d\x84\xde\xd6J\x80\xf8~\x9f\xe0,\x95\xc0}\
\x17(\xdc \xe1\xf6T\xd1\x95|\xa6h\xf0\xbeg\x9f\
\x08\xa8_\xe4>\x9d$? \x01\x1d\x02\xc7\xd32a\
\x9a\xee8\x8d#^^_\xc9\x90l@\x8a\xacw\x89\
3\xb2\xb0\x11/\xe7\x0b\x9a\x01\xd3\x05\x88\x10Fk\x1c\
\x0b\xd3\xed\x0e'l0\xbd\x8f\xd6Z\x86\x96\x8a\xf2t\
m\x15\xe3iD3\x04h\x7f\xf8\xe1\x07\x09-e(\
wk\x0c\xf3\x9d&\x86+\x9f\xcf\x17\x09\x1d\x8e\xe8\xba\
\x1e\xb5\x16\x8a\x0f\x95\x82\xef\xbe\xff\x0e1\xce\xf8\xe1\x0f\
\xbf\xc7\x8f\x7f\xf8\x03\x82\x84\x8fZ\xc9\xe1\xea\x0d\xf0\x9b\
\xdf\xfe\x16.\xf4+;o\x9dO\xb5\xad/\x94\x08\x92\
K\x8e\xd4\x1d\x0bO\x06\xc86O\x95\xf5g-\x9f1\
\xe0\x8b\x09}\xc65\xc3\xf0\xdfZ+\xdc\xaa\x84\xce9\
G\x00\xb2\x01\xa0\xfa\xb6\xbe\x1dp\xd6\xc0\x82 +\xd0\
VU\xdf\xd0\x91%\x9acD\x90q\x0e\x01\xe0b\xa4\
z\xb6\xb5\x16\xa1\x0b\xa4\xf4\xb2j\xc9\xdf\xc71^\x1b\
\x81\xc2,\xe0\xfa\xd0\xf7\x92\xc3R^l\x89\x10NN\
yU`N)\xee\xc0\xbd\x0e\x0d@\x915\xc4;\xbb\
\x82\xa2h\x0d]\xdf\xad\x8c\xc1%F\xdc\xae7t]\
G\x90\xcf\x18\xdco7\xdcow\xf6Cm8\x9dN\
p\xce\xa1\x94\x82,\xcfI\xc8|\xe4\x5c\x12@\xcf\x00\
\xf7\xdb\x0d1J\x08\xf1\x8e\xcd\xaf`\xa3\x0fArp\
j\xf4\x83\xf4\xb5\x08\xa0\x18\x188\xcf\xb0\xe8\xda\xf8R\
b\x99\x97\x03\x00<\xec\xb0\xc3\x0e;\xec\x97iG\xfe\
\xbf\xc3\x0e\xfbu\x98\xfe\xb0-\x85N\x03\xd4q\x16\xe7\
\xc3<\x876\xca\xe7\x8f\xf2\xec\xfd\xac\xc9\xe1[5\x92\
[lW\xad\x9a\x91r\xcd\xec\x8f\xd3\x82\xda\xa6\x0f\x0f\
\xdd\xca\x0b\x0bb\xddl\x1e\xbfCk2\x84,\xb8g\
\xe5\xed\x89\xd11]\xbf\xc9\x0eu\x02\xb4M\xb5\x965\
\xe9\xb9:[\xc6\xd8\x15X\x83\x84\x00\xa2V\xb2y$\
\x84\x96\xc0\x1cC\x82\x19\xc6\xc8\xf2f\x07\x08j[4\
\xe4W\x19\x0b\xfbv\x84\xce\xe3|>c\x90\x9cH\x0a\
\xcch\xd8n\xad\x95\xc9\xef\x1b\xc1\x04\x8a&X\x00\x04\
\xbcZmL\xa2\x1f<\xf3\x00.\x0bC\x81\x0dU\x1a\
\xcf\xe73\xac\xa8%V\x10\x04\xea\xbb\x8e9\xe2\xaa*\
>\x02KJ<&\xf3\xdf\x143\xba@\xc6H\xce\x09\
\xb5\x90\xf5\xd4w=\x1d_IV?\x0c\x83\xb0\x1f\x1b\
\x96yBL\x09\xd6{,\xf3\x0cc\x84\x81\xd4\xf5\xb8\
\xddnp\xce\xe3|&\x93\xc6X\x8b\x94\x22\xc6~\x84\
3t\x1cO\xa7\x13\xc9\x19bd\x9ehN9\x0a\x8c\
8'\xb9\xfc\x1ao*\xc7\xdb6\xbe\xd8\x7f\x04`9\
n\xd6a\xb7\x95}\x1a\x7f\xcd(\xf9\xf4\xe7\xc6\x18M\
Oc\xd6\xffp\xc4=\x1c%\xe7\xdb\xca\x88\xad\x0e\xe6\
\xe3f\x00D\xce\x00\x8e=\xd9\xab8\xf8cY\xd9\xb7\
\x1f\xd8\x1f\x18\xd7\x04U\xecU5R\x05\xae\xb70A\
\xe7\x1cY;\xeb\xb9\xa4}\x12\xe2\x88\x068\xeb%d\
R\xc6TN\x04\x00+\x19|t\xa8\xc9\x90a\x07\x89\
\xa2u\xa6\xe0\x84\xe6\x02+\x99\xf7\xdcH\x98ckL\
\xc8_$\xf7\x9c\xf3\x14m\xe8\x82'P @2\xc0\
\xe4\xfe\x1aV_2Ae\xa0!\xf4\xcc5W\x04$\
2\x86\xf5u}/`bB\xd0\x5c_\x1b\xe1\x0a]\
\xe8\xf0\xfa\xe9\x151Q\x8dT\xc1I-\xa7`K\xa9\
\x05%\x158\xe3\xe0}\xc0\xfb;\xd9j\xaf\xaf\xaf\x0c\
\x05\x94\xb0c\x08`\xe0\x9dC\xdf\xf3|}\xdf\xaf`\
\x90s\x0c\x85\x7f\xbf\xbe\x8b\xa0\x0e\xc3\x14\x83\xf78\x9d\
\xcf\xf0\xbe[\xfb\x5c\xd7\xa6(j\xb6\xa5\x14\xdcow\
\xe4\x9c`\x9d\xc1\x12\x178g1\x9e\xce\xf22\xe1\x8e\
\xcb\xe5\x0c\x18\x88\x00B\x16\x86\x22\xfb\xe4t\xbe\xc0\x18\
\xb3\x8a\xf4x\xe7\x10:a2\x96,\xa1\xfd\x0b\x8ci\
\x08]\x8f.\xf40\xd6 \x0b\xf3n\x9a&X\x03\x9c\
N'\xf4C\x0f\xef\x1c\x9c\x80,FX\x8c\xc6\x92\xf9\
;\x0e#N\xe3\x89\xec\xafR1\x09\xf3\xcaJ\xd8\xe9\
\xe5\xe5\x8c\xd0\x05\xdc\xe7\x09w\x11m\xf1\x969\x13O\
\xa7\x13\x99z\xf2\xa2\xa3\xebz\x8c\xa7\x91\xa1\xa9\x02n\
\x19k1\xcf3\x81\xb0R\x90\x16\x86k\x1bY\x0b\xc7\
a$\x1f\xcdX|\xfe\xfc\x99`\x8dsH)\xe1z\
\xbd\x8a\xd8\xcb\x88\xae\xeb\xf1\xe9\xf5\x95\x00W\xad\xf8O\
\xff\xe9?\xe2\xc7\x1f~\x80w\x16\xc3\xd0#g2;\
\xad\xb5\xe8\x9c\xc3\xf7\xdf\xff\x06\xc6yT\x09C_\x07\
\x93\x80~\xca\x90\xd5\xb5\xdd\xae\xcf\x11>\x1b\xda\xca\xa8\
\xdb\x14\xe6\xcd.4\xbfJ\xdeB\x860\x13\xa8\x06\x14\
\x18$\x9bT\x9f\xef\xb5\x12\x94\x0f\x92\x17\xd5YK\xe9\
zIoAu]\x86`7Q\x9e\xb70+\x0b/\
\xe7\x88V\x0b\x9c\xd5\xb1\xcbU\xa7\xec\x9eY\xa5\xf2\xfa\
a\x0cZ\xa3\xd8\x0edln\xcc:\x8a\xb88\x11\xa8\
\xf1\x9e/\x88\xe6e\x16\xe6\xf6\xb6\xdaUp\xbd1\x02\
|f\x11\x0e2\xc6\xacB2q\x89H1b\x18z\
\x5c\xce\x17a\xf42O'\xd9\xe1a\x05\xa0\x15\x9c\xcd\
\xf2\x0c\x86\xb0-\xcf\x973\x96\xb8\x10l\xce\xcc\xa3Y\
\xe5e\x13\xe7b\xc58\x12 \xae\x8duu\x1d\x05\xb7\
t}\x03\x00cx\x8f\xe2\xbc\x08X\x1a\x85yOu\
\xec\x03\x00<\xec\xb0\xc3\x0e;\xec\x17i\x07\xfb\xef\xb0\
\xc3~\xf9\xb69\x0f\x0c\xf3\xdb\x9b:\x92\xdf\xd8\x03\x8a\
\xf1\xc7m\x85\xd4V\xb4\x90\x8e\x8dB\x05{\x90\xeb\xd9\
t\xbb\x81\x1c\xb2;\xf5\xc3v\xb3\x03p\xd6\x1f\xe0\x10\
\x07K\x04\x0ed\xbbb(<v\x0bG\x84(\x02\xaf\
_W\x07L\xc3!\xf7\xed\xa7)X\xca\xdf\xfe\x84\x11\
\xe5\xb0\xf5_4\xb2\xd8\x80\xc7\xc4\xedU@W\x82\x0e\
\x0c\xa5U\xa6\x15\x84\xad\xa1\xfdo$\x97\xd8\x12\x975\
?\x99\x15\x11\x84\xbe\xa7\xb3\xc3\xb6\x1b\x86\x13\x8a\xc3\xaa\
\xce\x99:\xcf\xc4(\xa9\x9e\xca\xcbag\x94\x92(\xde\
a\x0cbN\xf0\x81u\xe4\x98V'\x96\x8e\xfc\x8cV\
\xc9n\x9a\x97\x05h\x803\x86y\xc5$\x17\x1b\x13\xbf\
g\xb4f0\x8c\xe3\x1a\xc6\xc8d\xf8\x0e}\xd7\xe3\xcb\
\x8f?a<\x9d\xd0\x8c\xc1\xd0\xf7dr\x09\x1bs\x89\
\x11\xc6:|\xf7\xf9;\xf4}\x8fe^p:]\x10\
\xba\x00\xe7=\x13\xce\xb7\x82i\x9ep\x1e\x19\xc65-\
3r.8\x9f\xcfdi\xa5\x8c\x062\x19\xebNu\
\xd2\x18\x8b\xbe#\x00!\xb0\x9f\xfc\x7f\xcf\xd4\xac\x84\xd0\
vJ\xb4j\xea\x80C\xef\xcb\xc3^\xb9\xe7O\xc05\
\x1e?\xae\xdfe\x18\x82g\x7f\xdcG\xdb\x80\xbc\xad:\
\x11\xe1\x91B\x0fl\xdau\xc0\xc9\xbc\xd2j4\xd4x\
\xfd,s@\xbe\xd3\xf3\xdf\x95\x96\xf5\xa0T\xe6\xc0k\
\xad\x12\xf8\x13`\x0b\xa0R($\x5c\x1a\xd8\xc6>\x81\
\x03\x02\x1aE\x18~\xceq\xfchHz\x95\x1ckl\
\x93\x815\xc2d\x93F\x91\x95\x84\x1d\x18\x0e\x82\xe3\x95\
\xa0\x8c\x11\xc6\x1f\xd7\x0d];\xe8|\xa7\x9c\xc8<\x82\
\xbc\xc4hT7v\xce!\xe5\x8c\xfb\x9d, +\x82\
5]\xdf\xa1\xe6\x8a\x98\x22\x99\xb1\xc2\x06\x83\x88\xee\xd4\
\xca|\x81\xc6P0\xa1\xe4M\xacD\x05\x1fT!w\
^\x16\x86\xa3\x1b\xe0v\xbdb\xba\xdfPk\x91\xd0D\
\x87\xa1\x1fVV\xd7\xf9\xe5\x0cc\x0crf\xee4c\
xM\xd62\xec\x91\xeb\x02C\x0f\xe7yf\xa8\xab\xe6\
\x0d\x94>\xd4u!\xe7\x8ca\xdc\x84@t\xcc\x96R\
V\xe6\xec<\xcf\xb2\x8eU\xdcn7\x94\xd2\x08tU\
2p\xbd\x17A\x9dLP%\xa5,\xf95\x1b\xbe\xff\
\xcd\xf7dVF2m\x8b\x84Q\xdf\xefw\xb6\xd3P\
\x90$x\x07\x17(\xf8\x03y\x81\xf1\xd3\x0f?\x00\xa8\
8\x8f#\x00\x83\x94\x0b\x96%b\xba\xdfa\x8dA.\
\x05\xa5\xb1\x9f\xe7yBk\x0d\xc1{\xe6M\x13\x85\xdb\
V\x19^k5\x1f\x5cm\xbc\xff\xe0}\xc8\x22\x22\xe4\
\xacE*\x05_\xbf|\xc1\xf5v\xc5\xe9t\xc2x\xa6\
\xb8\xd04\xcd\x805x}}\x85q\x0c\xc1dx)\
\xd7\x0c\xe7\x03\xa6\x89yN!9\xe4>\x7f\xfeL\x06\
\x9a\xe4\x16u\xce\xe1\xf5\xf5\x15\x83(%k\x0e\xc6\x18\
#\xfe\xe3\x7f\xf8\x0f\xb8_\xafT{\x16\x80Q\x01\xa7\
\xd6*\xfa\xe0\xf1\xfa\xf9\x13\xaa1\xc8\xca(\x95\xb5F\
A%\x1d\x1b\x9c\xec\xbc\x87M\x00\xc1R2?\xcbs\
\xba6\xde\x9b\xfd\xb3\xd3Z\xf6O\xa9\x195gX\x1f\
`\xbb\x00\x08\xe3\x102O\xe5\xc4r\xd46V\xf8\xd8\
i\x98\x97\x19\xb9T2\xc0sBI\x09]\xe0\xda\x9b\
%\x04\x1e\x00\xbc##\xb7\xb5\x86\x94\x8a\xa8)GT\
\xc9#\xdbu\x1d`\x0c\xae\xb7+Zk\xe8\x04t\x83\
\xac\xc5\xcb\xbc %\x0a\x80h\xb8~\x10\xd1\x0e\xb4-\
d6\x09\x88\xae\xb9q\x9d\xf5X\xe2\x82\xb7\xeb;Z\
\x03\xc6a@\x935\xa1\xe4\xcc\xe7D \xd0Zk\x85\
\xb1\xcc\xed\xc9\xf1CVm\x08\x1d\x8a\x88\x9bTQ\x99\
\xd7\x10`\xeb,\x96H!\x19\xe6Be^\xdb i\
\x02\xc6\x81a\xe4\xa9p\xad\x09\xa1\x131\x12\xbf\xad\xd4\
\x86kn\x8a\x11\xd3t\x974\x0aT\x03\x7f\xfb\xfaF\
\x96\xec\x01\x00\x1ev\xd8a\x87\x1d\xf6K\xb4\x03\x00<\
\xec\xb0_\xb6\xb5=\xeb\xaf\x11\xaa\xdb\xed}\x80&\xd4\
i\xa1\x13!\x9fw\xfb\x7f\xde\x1e\xe1\x88\x0d\xce\x10'\
H\xbejN@|\x03\xac49\xd3\xde\xd9\xdf\xed\xde\
}~\xe0\xefm\xa4\xa4\xdd\xfe\xed\xbfki#\xffi\
zz:\xd1M\x1c\x03m\xab\x11\xb4\x85L\x0c9d\
\x07Z\xec\x05\x0d\x8c\xc1\x0aV\x94B \x84\xe1\xa8\x02\
\xf6I\xf8\x10A\x0dC\x05GqP\xaa\x88k\xa8b\
\xae\xd6Ig\x8caUV\xd8^\xea\xb0\xce\xf3\x8c\xdb\
\xfd\x8a\xd6\xea\xaa\xac\x080\xb9\xbd\x86\xd9Yk\xb7d\
\xf0R\xb7\xf6E\x15\xc5\xc2\x18\xc9\x1c\x19WF\x9eA\
?\x0cX\x96\x05\xb5V\x0a\x1dt=\x19?1\xe1\xd4\
\x0d\x08\xde\x03\xd6 F\xe69\xebC\x87n\x18\xd0\x1a\
C4\xe7yF?P@ \xa7,\xce\xa4CVg\
\xb6\x16\xf4}\x8f\xeb\xfb\x15\xf3\xa4 @\x87\x9c\x0aJ\
I\xf8\xf2\xe5+R\xce\xe8\xba\x80\xdb\xfdFf\xd2\xb2\
\xc0yO\xa6\xa0\x887\x0cc/\xea\xbf\x8d!\xbe\xad\
\xc18:{T\x8de\x8e\xb4\xe0\x99Gk\x1d\x91+\
0-\x8c7\x19\xf7\x0a\xcc\xca\xae\xc7\x7f\xb1\x81\xca\xdb\
\x18\xdb\x01m\xbaQ\x87\x8f|\xd7\xcd\xadm\xf4\xbe\xb6\
\xa2\x85\xdc\xcb\xcd:\x8e\xf5\x84\xdb>m\xd2n\xf3\xae\
\x0d\xd8\x9c{)\xf80\x9b\x9e\xa6\x0e\xa4\xf86\xce\xb7\
\xb0[\x8em\x82\x81\x04\xa8\x18\xaa\xab\xb9\xf0\x8c\x00k\
\x0c\x85\x03\x00\x02\x7f\xca\xee\xab\x8d\x0c\x9e\x10$\x1cT\
\x98N\xba\xce\xacs\xc10/\xa5u\x0e\xd6;\xb2\xf4\
\x84\xf5\xa7mQ\x5c\xc49'\xe1\x82d-\xb1\x87\xc8\
\xb4)Y\x81\x02\x82\xf0\xb50\xdf\x16s\xeb52\xe0\
J\x92\x10]\xc0\x87\x80\x14#\xe2\xb2\xc0\xeb\x98h\x15\
\xb7\xfbme\xcai\x1f\x92M\xc5>\xb2\xd6b\x18(\
\x1a2\xcf3CD#s\xe6\x0d\xc3\x80\x9c8\xff\xfa\
\x9e\x82\x18\xc6\x1a2\xac$,3t\x14\xe9\xc99c\
\xbaO\xf0\x8e\xe3w\x99'2U%\xd4=\xa5\x84i\
\x9e\x09PI\xd8\x7f\x13\xe6\xd7\xfb\xdb\x1b\xd7I\xc3\x1b\
8\xf4\xc3\xaa\x88\x0a\xf0~V\x01\x8f\x96eAL\x14\
2\x89\xcb\x02\xb3\x8a\x9e\x10\x80r\x96J\xb7\xa5T\xc4\
\xc8y\x9e%\xf4\xf7\xbb\xef\xbe\xc3\xeb\xa7O\xb8\xdf\xaf\
Xf\xe6U\xb4\xc2B\xbe\xdd\xaf\x5c3\x04\x10\x0a]\
\x87\x18\x13\xbc\xf3h\xb5b\x9e\x19&\xdcu\x01\xc6y\
\x18\x01\x80'\x9d\xe3!\xc0\x80\x8cd\xb2\xc5\x9c0\xd2\
\x98\xab\xb0IX/\x95V\xa9\xac\x9cRB\xd7wH\
1\x22\xc7\x84yY\xd0w\x1d\xbcuH9\x22\xe7\x84\
\xf7\xf7w\x04\xef\x09\xf6\x19\x83/?\xfd\x84\xae\xebq\
\xb9\xbc\xa2\x02\x98\xe7\x05\xf7\xdbm\xcd\x93g\xacCL\
\x09\xad\x15\x0c\xc3\x00k-\xba^\xc2\x96%\x0f\x9c\xb2\
\xc6^^^0\x9eN\xcc\xc5g\x1dR\x8c\xf8\xfd?\
\xfc\x17\xdco7\x02d)a\x9a't}\xbf\x09\xb3\
4\xa0\x0b\x1e\xa7\xf3\x09Us\xf7\x09x\xb7\xfe\xad\xa2\
;\xdb|0x\x5coZ\xab\x5c\xeb,\xe7\xdc>\x04\
\x9c\xf7\x9a/Z\x08\x98Rq\xbdV\xae\xe1V\x19\xbb\
\xd81\x09\x85Y\x08y\xa6U4\xcc\xf3\x82y!x\
YJF\xa9d\xc2zO\x06wL\xcci\xd9\x05\x0f\
\x1f\x02\xe6\x85c4.\x0b\xe7\x8c\x80\xeb>x4\x03\
|\xfd\xf2\x05\xef\xb7+\xfa\xa1g\x8eJCP3\xab\
8\x89\xe4\x1fl\xad\xad/\x9atn\xa4\xc4\x10d\x1f\
<\x8c\xa5\x9a\xb0u\x0e\xb0\x06\xd7\xeb;R\x8cx\xb9\
\x5c\x18J,\xe9)\xf4\xe5A\xce\x19\x8b\x8c\x97\x18\x17\
\xb2\xed\xa5_\xba\xae'\xa8*\x0c\xc9\x94\x13ren\
\xc3\xd3\xe9\x8c\xda\x18\x8a<O\x0b\x9cc\x88\xbe\x15A\
\x10\x05<\x97eBNi]\x87\xba\xd0\xc1w\x1c\xbb\
\xfa\xfc\xd0\xba\x93\x88\xce8kP\x12\xc3\xff_^_\
\x0e\x00\xf0\xb0\xc3\x0e;\xec\xb0_\xa6\x1d\x00\xe0a\x87\
\xfdrM\x1d\xc4\xda\xea\x83\xa3\xa1\xf6\x0c\xc3)0\xf6\
\xb0\x0d\xdfn\xfb\xc6\xf6\xc0\xe1\xf3y\xbe9\xf6\x11T\
\xd9\xe0\x0f:k\xc4J\x84\x05\xb5;\x0a\x02\xaa\x10X\
x:\xda@XNR\x0fq\x0d\x96\x13\xe0\xa3)\x9b\
B\xb6}S\x858P\x90\xeb\xa5\x03\xb5]\xbf\xd9\x85\
$B@\x82\x06\x82\x12U\x183L\xb0\xaf\xaa\xbf\xcc\
Ke4o\x90\xe4\xfdc]\xbc\x96\x9c\x09\xa0h\x82\
\xf1V\xa9\x1eh\xad\xa5\x83'\xac\xbc\xfb\xfdN\x16\x8f\
shh\xc8\x89,\x9e\xf1\xc4P:\x08\xb0\xc5\x5cf\
\x80U\xb5Di\xb7\x11Ebu\xfc:\x01\x0d\x8d5\
\xa8\xb9\x00\x86\xa1\x94I\xc0\xc1\xd3\xe9\x8c.\x04@B\
)\x8d\xa8\x99\x96R\xe0,\x13\xbd/\xf3,\x0eh!\
h`,\x86a\x80\x13\xb6P\x03\x01\x1a\x02Md\xd1\
\xd4Zq:]\xc8r\x12\xd6\xc6\xb2,8]\xce@\
k\x98\xa7\x99\xac\xbf\xd3\x09!x\x5c.g$\xc9?\
8\xf4=\xeew\x021}\xcfp\xb0yY(\xcc \
\x8c\xb3\x18g\x18\xc3\x900\xe7(\x16\x01\xb3\x0f\xf1\xde\
\x12\xcc\x13|\xddB]\x9fM\xc7\xd9\xe3X\xdb\xcd\x18\
\xb3n\x921\xf4\x08\xae\xf38\xf93\x04\x8c\xf5\xb0\xc7\
J\xc01j\x00`'\x98#\xf6q\xcb\xb0\x82\xcf[\
I19v\xabbc\xb7\xb6\x15\x90\xe0=\xb1\x96\xce\
<\xcb\xf3_u\x80\x09Rm\xca\xd1\xb5\x14:\xd2\x02\
Ry\x09=W\xd3ao\x94\xc5e\x80\xe0<l`\
\xae\xcaeY\xe0C@k\x04z\xcc\x8e][+\xcf\
\xa1W\xa3\x80\x81\x91<\x9a\xa5\x14dY\xc7\xba\x10\x00\
X\xe6\xcbS\xd5\xe8Z1O\xcc\xf15t\xccqg\
\x0cE%\x16\x09M\x1dN\x14t00\x88\x0b\xc3\xce\
\xbb\xbe\x97\xf1\xcc\x17\x0f\xd6\x90\xd1C\xf1\x11\x0a\xcbX\
\xe3\x90R\x86\x15\x16l\xf0\xcc\xef\x05\x00\xce{\xf4\x92\
\xbblY\x16\xd4\xc2\xdc~\xc60\xdc\xd8Y\xaa\xaa\xf6\
}/\xe1\x8f\x04\x18\x92\xe454\xa0\xc2\xec8\x8e\x04\
}\x1c\xd9\x86\xca.;\x8d#\x82\xb0}\xads,\xe7\
8\xaf\xa1\xe2\x17\x89\xac=\xef=\x99i\x13\xe7\xc0x\
:\xa1\xeb\x18\x9e\xe9\xbd\x97y\xd0\x00+\xfdf\x0c^\
?}\x82\x0f\x1e\xf7\xfb\x1d\xefo_\x19R\xdb\xf78\
\x8d#R\x8a\x14\xe3\xa9\x04\x95.\x97\x0b\xac\xf5\x04\xf0\
\x84=i\xd0\xe0\xac\xc38\x9eD\xe5\xb5\xe1\xfa\xfe\x86\
\x22b\x1c\xd6ZYg\xc8\xc4\x0c\xda\x0epm\x8c\xf2\
\xd2a^x\xcd\xcey\x5c^.XR\x5c\x81~H\
\x18k\xca\x19\xde{L\xf3\x8c\x942.\x97\x0bN\xca\
\x8a\xa6\xa6\x04\xefG\xc7\xbe\x8e\xf3L@3s\x8c\x8c\
\xe3\x88\xcf\xdf}Fk\x0dK\x22pTr\xc5\xf7\xdf\
\xff\x06\xd6:\xf4\xfd\x80\xf3\xf9\x02\x1f:\xae\xb1\x91@\
\xe3\xdf\xff\xff\xfe\x13\xde\xde\xdexOsB)\x19\xe3\
8\xca\xf5q\x0d\x81\xbc\x90\xe8\xfb^\x18\x85|y`\
\x9e\xf2\xc3Z\x09Iu\xd6\xc2\xc9\x8b\x04j\x17\xeb\x9c\
\x16\xc6\xad\x95g]\xa3\xf2\xb5\xdec\xae\x13\x5cO\x8a\
<\xcf \xcf\x8d\x22,\xbaZ\x1b\x8c3h\x96\xcf<\
g,\x8c%\xeb{\xbe\xdf\xd0j%\x8bQR$X\
#,]\xc7\xd0z\x00\x14?\xf1\x1e9e\xdc\x84\xe5\
\xaay\x00! \xbd\x0f\x9e\xc0\xf3\xb2`\xe8\x99s\xb5\
\x89\x9a4$?`\x91T\x16U\xc0U\xdf\x91\x098\
\xcf3\x9f\x8d\xd6J\x88\xbc\xc5\xb2,\x0c{\x97<\x7f\
\xc1\x07\x9cOg\xf8\x10\x90E\x98\xc3Z*\x7fO\xf7\
;\xee\xf7\x1b\xe6y\x96T\x16T\xea\xd5u&\x89\x92\
\xb6\xaeE>\x04\x0c\xe3\x00\xe7\x0c\xa6y\x82\xb3|\x09\
Q\x0a\x15\xe4\x9d\x0f\xe8B@.\x19_\xbf|EL\
L\x1dP\x0b\xdb\xa3k\x9d\x8eev:\x9f\x05\xb5V\
\x8a\x13y\xce\x9d\xbb\xa4\xb08\x9d\xc6\x03\x00<\xec\xb0\
\xc3\x0e;\xec\x97i\x07\x00x\xd8a\xbfLS\xf0\xaf\
hh\xd0\x0eLx\x06\x0d\xf6\x00\xc8\x06x\xc8\xf7\xa6\
,\x82?m\xcf\xc7\xaa\x99\xa7?\xdd\xb6\x9eWA\x08\
\xfd\xef\x07\x80\x8c\x9a\x1e\xffx-\xe2\x08\xed\x0e\xdb\xd7\
\xa8\x17o\xd6\xd8\xca\xad\x9d\xfa\x8d\xcc\x89\x0d\xa8\x81\xb4\
O\x1d\x8f}\x1fA\xfa\x97\xac!\x90\xc1 @\xdf\xea\
\xb8I\xe8\xb1w\x8e\xec\x0baKYc\xd0\xaa\x88q\
\x88c\xa4\xfd\xa6\x00\xa1:2UT\x80\x01:\xc1\xce\
3\xef\x95\x82%\xaf\x9f^`\xad\xc1\xedv\xc3\x12\x17\
\xc9\xb5DgE\x9d5\x05\xa24w\x13A>\x82)\
qY\xb0\xcc\x0b\x1d\xc4\x14\xb1,d9y\xefQk\
AJ\x11s\x5cV\xf0\x0f\xad\xa2\x1f\x07:\xf8\xc3\x80\
\xd0\x93U\xe4\xacE\x08N\xc2'\xb5S\xe9\x00\xa3\x01\
}\xdf\xad\xb9\xd0\xba\xbe\xc78\x8e\xe8\xfb\x1e\xd3<\x93\
\xc1\x05\xe6|:\xbf\x5c`\x8d\x05\xc0\xbeJ\xa9\x90u\
#y\xda\xfa\xae\xc38\x9e\xe0\xac\xc3\xfdv\x93v\x0a\
\xc0R\x09\x12\xc10\x8cz\x05\x1f\xf4\x86\xb6\x86\xd66\
\xb1\x07u\xde\xcd\x13\xe8m\x14(\xd9\x8dM\xdd\xbb\x8d\
\xb9\xdd\x16\xd9\xb8\xe5\xe2\x93\x11e\xb6\xfd\xc6\xec\xbe\x1b\
\x96\xd2\xd2<^A\xf1\x8d\x91\xf6l\x1fo\xd5C\xb9\
w\x7f\xe8v\x1a\x9d\x1b\xdaz\xf9.\xeb\x02\x0c\xd9k\
\xeb^\x19\xd7M\x857\x9a0\x87%\xec\x97\xc7\xd19\
n\x02B\xd1A\xb7\xcc\xe1%\xa0\x85u\x14\x90\x88)\
\xe2>\x91)\xe6\x9cC\xd3s\x14\xde[\x80\xe3\xbd\x94\
\xb2\xe5\xe1\x03\x10<\x15\xa6\x9d#\xab\x93\x0cQ\x0a|\
\x10\xf0\x8d\x04\x9e\xadA*\x09@\xc3\xd0\x89\x83\xde\x1a\
\xfa~\x80uV\x84\x0e,\x86~\x80\x15%\x5c\xeb\xac\
\x00\x0dv\xcb\x19(\xd7\xb12\x92\x00Q\x92\x96\xf1\xa1\
`T\xf0\x98\xa7\x89a\xbd\xc2\xe2\x9d\xe6\x09\xb5T\x0c\
\xfd /\x01\x08\xf2\xe7\x94y\x9d\x12\xae\x0f\xe9\xaf(\
\x0a\xbd\x97\xcb\x05C\xdf\xc3H\xf8\xf2$b<\xde9\
\xdc\xae7X\xc7\x90\xec\x9c\xa9\xde\xdb\xf5\x83(ms\
=\xaa\x12\xfa\x9eR\xc22/\x98\x97\x05\xb7\xdb\x15\xa1\
\xeb\xd0\x0f=\xef\xcb:\x16\xc9Vb^D\x8a\x8ap\
\x9d\xa1\x10\x83\x95\xbcmF\x18\x98\xb7\xdb\x95\x02/\x0d\
\x18\xcf't}\x0f\x03\xb3\xaa\xff\x1ak\xf8\x12\xc0Z\
\x9c_^\x90\xd2\x82e\x99`\x8dY\xc3)\x9d\xf7\x98\
\x97\x19hu\x9d\xab\x0c-o\x9c\xbf\x92\x17\xae\x16\x02\
\xbb\xc6\x00\xcb\xbc`\x89\x0b \x00W\x08\x1d\xac'\x98\
\xeb\xacE\x92\xb9m\x1dY|\xa5\x14,\xf3D\xd1\x12\
\xef\xb1,3\xde\xdf\xbe\x02\x86\x8c\xb3\xa1\x1f\xf0\xfd\xf7\
\xdf\x03\x00\xa6\xe9\x8e\xdb\xed\x0a\x03\x8b\xd7\xcb+s\xaa\
\x8e#\xdb&\xa0\xb7\xb5\x0e\xce\x1a\xfc\xe1\xf7\xff\x80\xff\
\xf8\x1f\xfe\x9fU-\xb9\xd6\x8a\x923\xfa\xbe\xc7Y\xf2\
%b\x9ds\x0d]\x170\xf4\x1d\xb2\x8c\xe5&\xf3\xc6\
\xacl>\x02h:?rf^\xc5\xb2\xe6\xc9T\xc0\
\xac\xa2\xca\xb2R+s\xca:\xe7\x99\x1a\xc1Z\x00\x0d\
\xa5f\xc0p\x9c4\xcd\xa3')$L\x15\xddwC\
\xc1\x0fc8?\xe6yFp\x8e/i\xa4.\x82\x97\
\x1c\xd3\x06\x86\xe0\xe60\xa0\xeb{\xc0X\xa6\x80\x90\xdc\
\x9a\x90\x97\x03>\x10\x04.\xa5\xa0\x09\xb3[\xf31\xd6\
\x06@\x98\x9f\xfa\xc2\xc7X#\x0a\xd1d\x95\xc6\x85\x0a\
\xef\xd6\x12\x98\xd65\xa1\xd6\x0a\xe7x_!\x0c\xc6R\
\x0abJ\x04\x82\x85q:\xcd\x0c\xdb-\xa5\xc0;\xc7\
|\x92\xe7\x13\xba\xd0\xa1\x888\x90>\xff\xf4%\x90\x15\
1\x90\xeb\xf5\x0a\xe7\x1c\x82\xefp\xbd2l\xb9\xef:\
2Ns\xc6\x97\x1f\x7f\xe2\x0b\xb0\xf3\x09\xc1\x13\x18\x87\
\xe6\xaf4@\xe8\xc9r\xd4\xdf\x10\xba\xdc\xde\xaeW\xb6\
\xc7{\x94L\x96)\x0c\x0e\x00\xf0\xb0\xc3\x0e;\xec\xb0\
_\x9e\x1d\x02 \x87\x1d\xf6\xcb\xb3&\x00TY\xc5>\
6\xd8\x82\x9e\xc2\xb7`\x82\x82 \xea\xd4\x10$\x91c\
\xd6\xe37k\x02\x8c5l\x00\x87\x02'{0\xe5\xd9\
\xf6\xfb\xd5iQ\xd4B\xeb\xd2\xc6)\xa0\xa2&M\xff\
\xe6{c\x03\xa4\x99\xca\xecS\xa0O\xae\xa5q\x9bQ\
0G\xdb\x0cHH(C !\xa1R\x9bs\xc7\xf6\
\xb5\x87>c~\xb4\x22\xec#\xe7\x85eV\x95Y\xc5\
S\x1bCe\xc0\x5c*\x18 \x0c\xd1p\xd8\x1cw\xb7\
\x0b\xd3m\x02\x1a.\xcb\x82ibR\xfc y\xfa\x00\
\x86\xef\x86\x8e\xc0\xdc$I\xeb\xc7\x81\x02\x02\xb9\x14\x02\
&\x22\xa4\x01\x188g66\xa28XI\xc3i\xbd\
\xc3t\x9f\xd0@\x16\x14\x04\xec\x19\x86\x01\xa8@L\x0b\
\xbc\xb0\x91\xac8Q\xc3\xd0\xa3\xf3\x1e\xb7\xf9\x0eg\x1d\
\x93\xb1\xa7\x8c\x9b\x00q\xceq[7\x0ed\xfc\x09@\
s\xbfOp\x8e eN\xccU\x96\x12U\x1co\xb7\
;\xba\xbe\xc3<\xdd\x01aL\x02\xcc\x97\x15\xc2\xb0:\
z\xa5V\xbc\xbc\xbe\xe0~\xbf\xe3~\xbf\x8b#J\x06\
\xa3\xf7\xccc5O3\xacuT\x16\x95\x90_+a\
]F\x18\x92M@0\xdeW\x86\x9aA\xc6mkO\
\xe1\xf02\x18\xb7y!cb\xfd\xef\x06\xfea\x9dZ\
d\xae\xee\x06\xe7\xbas\x0f\xa2\xeb\xae\xedl{\xfb\x00\
p\xdc\x15\xd4\xf3\xaf\xf3\xcc4))\xd7\xf6p\x15\xd8\
\xd5\xb2\xdb\x22\xfd\xa0{\x9a\x02y\x1a6\xd7\x98\x03\x12\
h\xa8\xad\xa0\x96\x8cZ\x18\xb2\xd7\xa09\xcb\x08\x22\xcf\
\xf3\xb4\x81\x18\x85\x0c\xa4\xe0\xa9z\x0b\x11\x17@mx\
}y![\x13\x22,\xe2\x03\x82\xe4\x10\xab\xad!t\
\x14\xb8\xd0\xf0G\xe7\x98?N\xc7\x80\xb1\x06\xbd\x84\xd6\
2t\x91\xb3\x8aL=#N\xb7aH_\xaf\xb9\xc9\
n\x0c\xd7\xecz\x8a\xc9Da\xa66\xb2\xa5\x14L\xaf\
MD\x19\x9ccX'(^SZE)\x0d\xcb<\
\xe3~\xbfc\x1cG\xa4\x18QJF\xe8:\x8a\x88\xc4\
\x88e\x9eE\xa4\x83`\xf5\xb2,2\xce\x8b\x5c\x0b\x99\
\xae\xb5r~\x97R\x10B@\xad\x0d\xd6{L\xd36\
\xae\x01\xe0\xfdz\xc5MT\x84O\xa7Q\xd6\x00\x02+\
\xfd\xa0\xcc3\x82J\x0al\xa4\xc49`\xac\xc1\xe9|\
b\xd8\xb32\x8b\x85\x81;O3\xba\x8ek\xca4M\
\x98\xee\x13\x9ca\xbe\xbc\xd3\x89!\xb9\xf3<\xa3\x94L\
\xc6\xa2\xf5\x18\x86\x11\xde\x138\xad\x8d\xa0\xa8\x93\xd0S\
\xdf\x05\x9c/\x17Xkq\xbb\xdd\x10c\xc4\x12#\x81\
[\xeb\xf1\xf6\xfe\x86\x9c2\x86\xae\xa3b\xaf\xacy\xf3\
}\xc6<\xdd\x11B\x87\x8b0 \x9b\x80l\xceY\xd6\
i\x0c\x86\x93\x80s\x12\xb2\xacc\xb3\xef{\x5c.\x17\
8\xe7\xf0\xf5\xcbW\x94Z\xf1\xfa\xe9\x13\xeb\x16Q!\
+9\xe1\xbc\xf7\x18\xc7\x11Y\xf2.\xbe\x5c.\xf8\xee\
\xf3\xf7<'\x0aY\xc69Q\xac\xa2V\xb4R\xf1\xc3\
\xef\xff\x11?\xfc\xfe\x1f\xc0\x97\x06\xca$\xe3y_^\
^\xe5\xc5\x01A,\x08kw\xe8:8\x09\xa3\xcf\xb5\
\xa0\x16\xb2\xd0\x08\xfa\xc9\x0c\x95\xe7r\xab\xf5A\xbc\xa7\
\x8aB.\xd7+\x0dq%\xdb\x10\x060\x96\x8a\xe6U\
\xd2xXCF\xb6\x8e}\x00H\x02 \x92\xa9\xc70\
bX\x8b\xda\xd8w\x16\x06\xde\x054C\xb1\xa4\x1c\x13\
\xf3\xf3\x89\xb2\xf7\xb2,\xb0\xc20O\xab\x98\x08\xd7\xc5\
$\xe29|\x16p\xcc\xf1^1\xcd\x83\xe5\x02\x07#\
\xfdMv\x9f!\xeb\xcf{\x8c\xe3\x09ye|2\x07\
\x1fY\x85\xacOs\x1eZQ\xaf\xd7\xd4\x11M\xc4K\
\xaa\xb0\xd7[\x03B\x17\x10<Uy\xfb\x9eb-\xfd\
0\x00\x00\xaa\x0agU\x02\xce]\xdf34XDp\
\x86a\xc0\xd0\x8f\xb8\xddn\x1c\xbf\xde\xa3\xeb\x03r\xa6\
Ju\x8c\x11\x9f?}\xc2\xcb\xcb+\xe6\x85\xca\xd0n\
U>\x07\xba\xb0\xe5\x09\xd4\xa5=\xe7\x88/?\xfdH\
\xc6\xbe\xcc\xc9\x9c\xf3\xa1\x02|\xd8a\x87\x1dv\xd8/\
\xd3\x0e\xf6\xdfa\x87\xfd\xb2L\x81\x0c\xfd\x81\xae\x8e>\
 \x80\xd7\x8e-\xb4?f\x05\x13v\xe0\x00\x7f\xf5~\
\x0b\x1e@\xea\x22\xae\xa1^\xccv\xbc\xd6\xf5$\xd0\xbb\
\xfe`\xc6s\x0e5\xb45\x9c\x86\xc7p\xc7\xa6>\xbc\
\x01-f=\xacm\x15\xb4\xc7k2R\x87\x96X\xc1\
\x1b\xb31\x0b\x9b0\x0c\x9a$ho\x86y\xaa\xd4\x89\
a\x19\x01\x0c\xd7\xe3\xf8\xb7\x82E\xca\x0c\xacd\xb0\xf0\
\xbcz|\x93s\x08\xf3\xcf0\xd4V\xc5\x06\xac\xa8g\
V\xc9\x8b\xa5\x17\xb2D\xb2x\xac\xb5d!\xed:\xd0\
:\x82y\xeax9G\x05\xcc\x92\x09\x92t]\xb7~\
w\x96 \xdf\x1e\x00l\xe2T\x01\x06\xf3\x12\x11Sb\
N1c\x90%\x09\xfc\xe5|\xc6\xfd~\x83\xb1\xc0\xcb\
\xeb\x8b\x80\x01\x0c\x83\x1a\xc7A\xda\xe61\x9e\x06\xdc\xee\
w2\xbd\xe4z\xe7e\x06D`\xe1\xfd\xedM\x1c%\
\x83q\x1c\x90b$\xf0\xe0\x1d\xbaqX\x99\x93]\x17\
\x80F%\xca l\xb0\x18\x19\xeaW$\xbf\xdb\xfdv\
#\x13M\xc0\x13+lE\xde\x03\x02\x16)Q\x15r\
\x18{$\x09\xef\xb3\x86\x8ee\xe8<\x07\x02=p@\
\xf27I\xb3e0\xe0\x11\xf0\xb3\x0c=\xd5\xde\xe7m\
\x10hM\xc7\xc8~jh\xc1\x8f\xa7\x0b\xe40\xfd\xc8\
\x7f\x9f\xcbj\x9dr.\xfd\xaf\xc1\x96Cs\xdb*\x87\
\xe8qkI\xb6\x12+\x90\xbd\xad\x09\xd8\x8d{~\xde\
\xe6=\xb7k.>\xae\x1b\x0d\x95\xa29\x22\x8cQ2\
\x1d\xf2\xaay\x1d\x85\x89TDa\x93\xcc\xa5*\xd7\xb5\
\xcd-\x82\x1b\x150\x12B\xd8\x18\xf2\xde\x0f\x14\xcc@\
%\xf8\xa7u\xf3\xdcT\xd4\xae\xc2\x962\x92C\xd3;\
\x0fo,bN\xc89\xc1\x80,\xcf.x4\x80\xe3\
B\x04\x1er\x8cH)2W\xdb8R\xfc\x22g\xb4\
V%\xd7a#@\x9f\x12Z\xd1\x14\x09\xec\xe4(9\
\xc5\xee\xf7\x09\xd34\x935h\xc9\xb8-)b\x91<\
p1.\x80\xf4\xa32\x22cf\x9eM\x1f<B\x17\
\xc8,\x93p\xc4\xb80\xb4\xf5t>\xad\xcb\x91\xe6#\
\x0b\xde\xa3\x96\x8a\xaf_\xbf\xa0\x94\x82\xd7\x97\x0bN\xa7\
\x13\x86a\x90\xfc\x83\x15]\xc7kQ\x00\xb0I.\xb5\
y\x99W\x10\xa9\xef:\xe9/\x07\x1f\x02\xea\xee\xbe\x0e\
#\xc5\x14\x96%b^\x08\xfe\xbc\xbc\xbc\xe0|\xbe\x00\
\x06\x98\x97\x05\x9d\xef\x18\x16)/\x1er\xc9\x14\xe5H\
\x14\x0e\xaa\x95/*\xbc\xe5\x1aT\x84\xa5\xbc,3j\
!\x1b7H\xaeEet\xf9\xe0a\x9dGI\x0c\xcd\
}{{\x87\xf3\x01\x97\xcb\x05\xb5UL\xd3\x1d)&\
\x02\x9c]G\x16\x9e\xf3\xc8\x02\xb6\xde\xae7\xe9g\x8b\
 \x0c\xe2Z\x08\x0a\x19\x18\x02=\xf2\x82\xa3\x1fz\xa4\
T\x90\x96\x05\xc1{Q\x09>\xc1Z\x8f.t\x18N\
\x03\xc6\x91\xe1\xe0\xb5\x12@\x8b)\xa2\x96\x86\xe9~\xc7\
\x7f\xf9\xfb\xff\x8c\xff\xf2_\xfe3\xf3\x98:\xe6\xb4\xab\
\xa5\xa0\xef\x07\xbc\xbc\xbc\x08\xc3T\x86\x8a\xe1\xe41\x00\
\xd5\xa9\xab\x82\xe5d\xf2\xb5F\x06\x9c\x11\x86m\x93\xe3\
8\xc29G\xf2*b\xc4kn\xa0HL\x8eIX\
\xb3\x1e0\xecs\xb2p\xf5\xd8\xb6\x86\xb1*\xa8\x08e\
]\xebK\x8dB\x16w\x93\xf0\xe3&u(\xdb\x90/\
\xa1\x02\xe6eAk\x9aoVR]T*\x0e\xe7\x98\
a\xad!@/yi\x9b\x84\xcc\xa7L\xe1\x92V\xb9\
V{\xcdiK%*8\xeb\x10\xbcG\x12\x91\x9a\xaa\
y!\xadA-\x04\xe0\x1a\xc8\x86w\x96)4`\xc0\
|\xa1\xdag\xb5\xc2\xa0\x22\xf8\x0e\x83\x8c-}y\xc6\
\x17O\x92\xb3o\x15\xe3\xa8\xe8\xfa\x1e}\xdf#\x16\xb2\
jS\x8a\xe8\xba\x0e\xfd\xd0\xe1\xfa\xfe\x8ee\x99\xe1C\
\xe0\xfc\x146f\xd7u\xcc\xc5\x19\x02\xe6y\xc6\xed\xfd\
\x1d\xb55X\xc7\x97\x0a\xad6\xbe \xe8\xc9\xeek\xf2\
\x1c\xa9\xa5 \x97\x8c\xbe\xeb\x11cD\x11E\xec\x9c\xf3\
\x01\x00\x1ev\xd8a\x87\x1d\xf6\xcb\xb3\x03\x00<\xec\xb0\
_\x8e5\x0dS\x92\xbc]\x00\x81\x0a\xfd[\x01\x8e\xe7\
\x03\xa5\xdcG\x9f\x1fL0\x86U\xcf\x00 \xe2\xb1/\
\xbf\xa2*\xab/\xad\xbe\x12\xbd\x1f#;\x14\x80\xd1*\
\xb4\xb0\x9a\x145r\x1d\x0f\xe7\xe0\x86\xc7o\xdf\xec\xd7\
\x12<~\xdf\x1f\xdb\xf7M\xfc\xc0Xe\xcap\xbb2\
\xc8\xb8\xad\x92\x95\xb6*\xf6n\x8c\x00\x05X l3\
=\x9e\xc7\xd1A\xca\x859\xa1(R\xc1\x03s\xd6p\
C:0Fr\x15EqZ\x87\x81\xec\xb7\xf5\xde5\
I~.\x0c\x93\x18\x19\x02\x16\x84q\xe4%\xa4KA\
\x0dM\xaa\xae\xcc\x11\xd6\x01\xcc3s\xe8\xe5L6\xc6\
(!\x96ooo\xe8\xba\x0e\xf7\xfb\x1dqYp\xb9\
\xbc\xa0\x01\xf8\xfa\xe5\x0d}?\x90\xe9Q\xe8\xd4\xe5\x9c\
%\x8c\xce\xa0\x1fz\x5c.g\x025\xb5\x22-\x11\xe3\
\xd8\xa3\xeb:\x84\xd0a<1\x97T\xc9\x0c\x8f\xaa\x95\
\xcc\xaa\xf9>\xe1|>\xada\x82)EXkQ[\
\xc3w\xdf}\x86\xb3\x16\xd3t_\x19\x8fd\xf1\x19\xfc\
\xeew\xbfC\xe8\x02\x13\xb4\xe7\x8c\x147\x85\xc6&`\
\xc5rg\x8e\xa7,b\x15\xc1\x87\x1d\x13j7\x9ev\
CU\x87\xa6\x86\x04\xc3\x0a\xd8'\xf6\xcd\xf8\xfc`\xbc\
\xad&u7\xacC}\x9d&\x06\xdb\xe7\xb5\xbe\xe7\xaa\
\x8c\xfcG1\xeb\xdd\xf6\xb5\xe8n\x1e2\xaa]+d\
\x09^\xcb>\xf7\xa1~\xde\xc6'\xa4?\x08\xbam\x97\
d\x04l#s\x8d\xa1\x9e\x00\xc5V\xa0b \xad\x11\
\x80\x99\x99\xb7\x8b\xe3\x94\xb9\xfb\xac\x84\xc0Z\x09\xe5M\
\x91I\xf29\xee\x08\xc09\xef\x11B'\xc2\x08\x04\xa5\
Ke\xa8l\xab\x95\x89\xf5\x05\x9ci\xb5\xc0X\x8ay\
\x1b0\xbfc\xd6|zN\xfe|\x00\x1a\x90\x12\xe7T\
\x11&c)\x19!\xf8\x07\xe0\xb2\x81\x0c(g=\x9c\
\xf5\xeb\x0dqR\xd74\xddE\xb0\x82uB\x00\x8d\xf3\
\x99\xf9\xf8\xb2\x00O\xadR\xf5TC{\xbb\xbe\x87u\
T\x875\x00\xce\xa73Zc\x7f1T\x99\xfd\x12:\
\xe6\x12\x0b!PEUB\x0c\xe7y\xc1\xedv\x03\x00\
\xbc\x08\xab.\x888\x85\x8a\x86\x18kp\xbe\xbc\xb0m\
:\x84[C\x8c\x14\xbd\x881\xa2\xeb\x09\xd4\x98FV\
\x97[\xd5\xc2\x99G\xef~\x9fW\xe0\xfe\xf5BV&\
\xe4\xf9@\xd0\x8f\x0cM\xef\xc9\x12\xd4\x97\x1b\x0c\x0b5\
\x08\xa1\x03\xc0pY/\xa0\xd7\xf5z\x03$-\x80\x91\
\x97\x13\xce\x1aL\xd3\x84\x92\x13\xfa\xf1\x84\xd6\xa8\x88|\
\xbb]\xd1u\x1e\x97\xcb\x85\xe1\xd4\x0bS\x17X\x01\x90\
\xac'\xbb\xf0~\x9fP\x05\xdc\xb4\xd6b\x18z\x18\xe3\
0^\xce\xc8%c\x9a'\xb4\x068ca\xbd\xe3\x9a\
\xe3\x1dn\xb7;\x8c\xb1x}}\x85\x93\xd0\xd5^\x00\
!]+\xbd\x84wZg\xb1\xcc3\xde\xdf\xde\xf0\xf5\
\xa7\x1f\xf1\xf7\x7f\xff\x9f\xf1\xfe\xfe\x8eR+\xc63Y\
k%g\x9c\xcf\x17\x8cg\xe6.mM\xde\xec\x18\xc3\
g\x83L\xb2\xe0,P\xa9x\xdcD\xb4\x86\xf3\xc0\xc1\
ZOF\xa2\xa5\x8av\x96\x5c\x9aE\xe6\x835\x9c\xec\
U\x98\x8eM\xc2r\xbd\xf7kr\xcdZ+J\x15F\
n%+\xba\xaey\x029\x06C`\xb8<\xe7\x94\xd2\
\x0e\x99g\xb0I{r\xca\xc8\x92\x17q\x18G\xc9w\
\x09\xbe\x08*\x22\xf0S\xd8&\xde\xdbw8k\xd1\x0f\
\x04M\xad\xe4\xdc\x8c\xf2\xa2%I~\xbe \xea\xbe1\
F\xb2\xe1+\xc1\xfbR*b\xe2\x0b\x9f\xa0\xf3^\xd3\
\x04xI\x09\xd0\xb8h\x15\x01qsJX$\xbf_\
\x13\xe6\xab\xf7^\x18\xb9\x04\xf2\xbd0\xef\xe3\xb2 \xc5\
(\xca\xd7\x19\xfd\xd0\xa3\x1f\x07\x00\x0d\xcb2\x13\xb8v\
\x04\x82k\x95\x14\x18%\x8b`\x08C\xb6C\xf0\xc8\xb9\
\xe0>M\xb8\xdd\xaex\x7f{\x87\x0fA\xc67s\xd3\
:k\x11\xba\x0e\xa1\x0b|Y(k\xae\x91\x1c\xa2\xef\
\xd7+rNH\x91\xf7\xd6\x18s\x00\x80\x87\x1dv\xd8\
a\x87\xfd\xf2\xec\x00\x00\x0f;\xec\x97a\xea\xc8+\xf8\
\xa7?\xf6\xf7\xf6\x08h|l\xcf\xc7<\x98\xee\xda\xf0\
\x03\xfa\xce+2\xc1_\xf1+\xc6\x82g\xe6\x92\xd6A\
p\xa5\xa9\xe0\xc1\xde\x885\xacN\x15\x8f\xe5\xc6\x87k\
\x12\x96\xd0\x9f2\xf6\x05YE\xd6\x90]\x00\x01\xd5\xc8\
\xa4\xa8\x04}\xec^\x91\x91\xe7\xd8\xfaQ?s\x9fn\
\x07(\x9ca$\xa4V\x85\x0b I\xd2\x15\x00\xd1p\
$\x030\xf4*S\xe57\x04\xe6\xc4\xc3\xda\xef\xe2\xad\
\xc9\xb9\xb1\xcb\x09H\x96G\xc6\x12g\xb2\xe7\x9aA\x85\
\xb0r\x040\xb4\x12\xeejE\x01\xd5Z\xaaXZ#\
\xfd-\xccP#N\x93\x91\x1cd\xf32\xa3\x8aP\x81\
\xb5t\x88\x9d\xf7kH\xdf8\x8eh\x06\xb8\xddo\x02\
\xa4\x19\x5c\xdf\xdfq>\x9fa$_!`\xf0\xf6\xf6\
\x8ea`\x8e2k,\x86\xd3\x88\x1c\xe9\xc8\xa1\x01\xf7\
\xfb\x84\xd3\x89L,\xbd\xa6\x94\xc8\x9c0\xd6\xe0\xfa~\
%\x8b\x05\xc0\x12\x17t]\xc0<\xcdh\xadQ\xb8$\
\x04\x5co7\x5c\xaf\xef\x18\x07\xb2q\xc8\x8c\xa2\x83\xc8\
05\x83&,G'\xa1\x83\xce:\x82@\xc2\xd4\x81\
\x8c\xcb\xfdH7;\xa0|?\x07\x1e\xe6\x83\xf6\xa3\xdc\
*\xa3\xf5\xc8\xf8\xd0y\xf0\x1c\xbaN\x13\x0fW\xcf\xfb\
\x01#P\xcd\x18\x8ex\x1d\x112de\x1f\xff\xb3?\
V\xdb\xb8\xd5#{\xa5!\xbb)\xb3\x8e1\x8e\xffM\
hC\x8f\xd3\xebw\xd61\xd4W\x98B\xc6Z@\xc0\
\xdf,y\xd2,\x0cr!{\x89u0\xb4\x0f\xc6`\
\x9e'\xdc\xaeWL\xf3\x84\x94\x99\xf3M\x01\xea\xd6$\
\xa7\x98\x01R\xe4\xfd\xb5\x96\xf9\xe7\x9cch7\x04\x14\
\xeb\xba\x0e}\x17\xd6|\x80\x90\xb0^\x0b\x86J2,\
\x99\xe3)K\xdeB\xbd\x9e&9\xfc\xaa\xb0\xa64<\
PYf^\x18DU\x04KJ\xad\x98\xa6\x09h\x0d\
\xc3\xe9\xb4v\x5c\xdfux}}\x811\x06\xb7\xfb\x0d\
Q\xf2\xed\x05OP\xa7\xeb:\x9c\xcegXg\x11%\
\xcc\xf14\x9e\xd0ZC\xca\xa2P*l\xab\xda\xc8\xc2\
\x1b\x86\x019S-yU^\xb5\x86u\x9dN\xb0\x8e\
a\x84\xb5\x14\xcc\xd3\x8c\x14\x13N\xa7\x13|\x08\x18\xe5\
_c\x80\xda\x9a\xe4\xf1\x9c\x11S\x5c\x05\x0b\xae\xd7+\
\xee\xd7\x1b\x8c\xbc<\xa8\xa5\x22%\xb2\xa1\x96eF\xe7\
=~\xf3\xfd\xf7\x18N',1\xe2\xfd\xfd\x0dEr\
\x10\xd6B\xb0\xe6\xfd\xfd\x1dq\x9e)|\x22l\xb8\xb1\
\x1f\x84Y\x9b1\x8c\x0c\xb9\xbe\xbe\xbf\xa3\xd5\x86\xd7\xd7\
W\x02,\x99\x8c1\x05$\xc7\x13\x19\x8b\xcb\xbcH\xd8\
o\x10\xf0\x9f\xa0K\xa9\x85k\x86\xa7R\xef\xfdv\xc3\
\xedz[_\x0e,K\xe28\x90|\xa3\x0d\x0doo\
oh\xb5\xa2\xef\x07|\xf7\xf9\xbbUE9\x89\x18\xc3\
\xf7\xdf}\x07k\x1d.//xyya\xde;k\
\xd1u\x5c\x0f\xe7y\xc2\x1f~\xff{|\xfd\xfa\x05\xff\
\xf8\x0f\xff\x05?\xfe\xf0{t]\xc04\xcd\xb8\xdf\xee\
\xd2f\x0bk\x0c^^^\xd1\x0d\xbd\xcc/y&\xec\
>\xa3UX\x03X4\x948\x03\x85j\xd2\xd6H>\
;e\xbcK\x98}\xad\x9b0\x06\xc0\xf0p\xc3E\x04\
F\xc4\x9b\xba@\x16f\xd1<\xbe2\x0f\x81\x86V\x0b\
Z%c\xdd\x18\x83R3\x0c\x80A\xf2\xd3UQ\xc3\
\xc5\xca\xfak\xa89\xc14\xe6\x915\x923\xd29\x07\
\xdf\x05\xfen\x10a\x1f\xae7\x0c\xe3m\x92v\x02\x92\
/\x92,[\xb2\xd4\xb3\xcc\xe9R+\x9c!\x0b\xb7\x94\
\x829.\x12JL\xe6\xa2\x0f\x14\xa6)\x028\x0f=\
C\xf1\xa7\xe9.\xc0\xaeC+\x15K\x8c\xa8\xb5\xac\x8a\
\xddM\xd6\x94\xa1\xef\xe1\x9dGJ\x0c\xf9\xd79l\x84\
q\x1c\xe3\x82\x5c\x12Y\xae%K\xeeN\x8b\xfb\xfd\x86\
eY\x90c$\xebs\xe0K,c\x98\x07\xf3~\xbf\
1_\xa7\xb32\xff\x22\xee\xd3}\xc7\xa4\xef\xf8,\x91\
\xe7\x11_20\xec\xdb\xf9\x80\x10zY\xa7y\xdfn\
\xf7+sc\x8a\xaay\x905\xec\x00\x00\x0f;\xec\xb0\
\xc3\x0e\xfbE\xd9\x91\xff\xef\xb0\xc3~\x19\xa6N\xb5:\
\xf4\x8fN\xbd\x80\x13\x0a\x12<\x01\x1f\x7f\xae)\x10\x01\
\x90\x95g\xc0\x0d\x0a\xce\xa9\xad\xe7\x91\xef\x0a\xb4\xec\xff\
\xd6\xbdOmi\xbb]X\xf3\xee\x995Vr\x7fM\
{0S6\x00\xeb\xb5n\xf8\xe1\xea\xa4\x81H\xcd\x86\
+n\x0cD\x05 \xb8\x9de\xb5?\x01:Zz\x5c\
N\x14EP\xd6\x9e:X9m!U\xb5\xb2\x0d\xa5\
\xf0\xdc\x0a\xf2\xa9\xf3\xd7\x1a\x9d\x0c`\x03a\x14\xa4\xdc\
\x9f\xd7K>\xb0\x9c3b\x8c\x04'\x00\x8a-T:\
\xc2!\x04\x9cF\xaa}\x86.\x08\xeb\x82\xe1\x8c\xde\x07\
*=\xb6&\xac'\x11wh\x0d_\xbf|!\xcb\xcb\
9\x00\x14HH)\xa1\x09\x10R\x0a\x992\xe3\xb0\xe5\
\x1fk\xad\xa2\xe6\xba\x866\xf6\xa2\xbe[JF\xca\x19\
\x97\xf3\x0b\xfa\xa1\x13\x86\xe0\x1d9%\xd4\x94\xb1,3\
\x998\x0d\x12\xaa\xc8\xf6Xk\xd1\x89\xa0B-\x05C\
\xdf1T\xae5\x0c]\x8f,aw\xb5\x90\xc9R\x1b\
\xd9%\xc30 \x04&q7\xc6\xa0\x97\xc4\xfbQ\x04\
\x0b./\x17\x09\x0b\xce+\xebF\xf3\x5c5l\xac\x18\
\xe8gv\xea\xc3\x08\x85\x80p:n\x1eL\x8a=n\
\xde3Ze\x0c\xad\xfbt\xbeH\x8dk9\xa9G\x8b\
)\xf8\xb8\x1b\xbb`\xcd\xb2\x7f\x0b\x1b6R\x8f\x91K\
0\xca\xf0\xdd\xedW\xd3q\x050$q\xbf\x8d\xe3\xef\
\xa3\xb2\x8f\xe3\xb55\xb9\x07\xe2\x80s\xdc\x90\x95d\x1d\
\x01\xf4&cuYf\xa4H%\xce$y\xcc\x8c\xa8\
\x8d\x86@\x91\x8f~\x18PK\xc6\xfd~\xa7#m,\
\x8c\xe4\x95K9Q\xf8@@\xc1\x10:\xe6\xb6\x0c\x01\
11\x0f!\xc1\x84\x0e\xe7\xcb\x05\xbe\xeb\x98O\xcc{\
\x9c\xc6\x91\xca\xb9\xa2\x1c\x0a\x90\xa9\xe5=\xc3b\x8d\xb1\
\xf0!\xacy\xc5Zk\xb8]\xaf\x046\x0b\x05@\xce\
\x973\x00 JX\xae1\x86`\xe6D&\xda\xfdv\
\xc7\xd0\xf7T\xb5\x0d\x1d\x9c\xf3\x881a\x9e\x17\xa4H\
@\xdeJ\x1e0\xcd\xe3\xe6\xbdg\x9e\xce\xc0p\xc8\xfb\
\xed\x8e\x94\xc8ns\xce\x11\xec\x12\x00\x7f\x89\xcc\x15\x08\
\x009&Q\x9c\x95\x1cg\xb5\xe2t:m\xebG\xa1\
\x02\xe9\xfb\xfb;\xee\xf7;\xfa\xa1\x17\x90/\x92\xc1$\
k\x82\x15\xd0_\x81\xfe\xef\xbe\xfb\x0e]\xd7\xe1\xfdz\
\xc521t\xd7\x00+\xb0~\xbd^1M\x13./\
\xaf2\xd0,\x9cuH)b\x9a'\x04\x11\xd7\xf9\xe1\
\xc7\x1f0O\x0b\x01\xcdZ\x10\xe3\x82\xb1\x1fa\x1d\xf3\
:\xf6}\x0fc\xd8\x17M\x94\x81\xfb\xa1\xc7\x12#s\
\x0a\xca=(\x12\xb2\xebD!w\x1cFTY\xaf\xa6\
i\xc1\xa7\xd7\x0b\xf32\x1a\xf6\xd5\xe9t\xc2\xf7\x9f?\
\xe3\xf2\xfa\x82\xda*bJ\x9bZ\xf88 \x84\xb0\xae\
\x13\x90\xf91\xddo\x98\xa7\x09\xff\xf0\x0f\xff\x80\xaf?\
}\xc1\xfdv\xc5\xfdvCJ\x89J\xee\x8d/T\xba\
\xae\xc3\xeb\xe5\x82q\x18\x18:\xec\xb7\x97C\xebk'\
\x01\xfc\x9b\x84\xe3Z\x00h\x055M\x80\xa4\x84\xe0=\
\xe4\xdci\xc6\xca<V\xf1!\x82GF\xc5AV\xb0\
\x90F\x86\x1f\xd9sI\x15m\xe5\x19\x85\x068/,\
O\xd3\xe0\xad\x855\x0e\xed\xff\xdf\xde\xbfvI\x92$\
Yb\xd8\x15U\xb5\x87\xbbGDfuuO\xf7\xec\
\xec\xce.\x00\x028\xc0!\x7f\x01\xff\x03\xbf\xf0\xc7\xf3\
\x1c~ \xb1$\x80\x9d\x9d\xae\xca\xccx\xb8\xbb=T\
U\xf8\xe1\x8a\xa8YDU\xcf\xf4,\xb1@\xd6\x1e\x93\
\xaaHw7\xd3\x97\xe9\xcbL\xae]\x11\xb1\xf9\xb0\xae\
+j\xc9\x8ctk\xa0Y\xb6\x08\xde\x80\xd0$\xd8X\
\x911%\xe4uE^V\x88\xbd\x94\xf1\xfe\x9a\x97\x19\
\xcb\xbc\xf0>p:\xa1\x94\x82y\x9e\x8c\xb1I\xa6`\
\xb1=:\x9ay\xf1<\xcd\xf6B\xeaD\xa6\x5cb\xa4\
\xe0\xfb\xfd\x0e\x01\x90\xba\x0e\xcb\xc2@5\xf3LV\xdd\
8\x8e\x9c\x03\x06\x8c\x02\x8a\xb1\xefq\xba\x9c\x91\x12_\
\x02\xd5\xca\xfbN\x8a\x11]b\x80\x91y\x99\xed\xbeI\
Se\xef\xbfu\xcd\xe8Sg>\x06\x03N\xe7\x13\x00\
\xc14Ox}{E^\x17\xc4\x18\xd1w}\xbb\xc7\
.\xcb\x82\x14##]K`\xd4v\xd8^n\xf7\x82\
5[\xf0 \xf3\xb3\xcb\x97\x86|\xd8Xf\x02\x9f\x04\
\xe1\xc9\xaa_\xd7\xe5\x00\x00\x0f9\xe4\x90C\x0e\xf9m\
\xc9\xc1\xfe;\xe4\x90\xef_\xf6\x8a\xbc?\xbc\xef\x85J\
\xef;\xa4\xe2\x9d\xb8\xb2\xef\xe2\xe9?\xe6y\xf7K\x1c\
\xfd\xf8\x0bh\xa2\x81w\xed\xb4\xb3\xa5`\x05\x09\x7f\xfd\
\x22\xab\xa7\xdf\xe5\xe5\x03\xb6\x81\x1c\xef\x12\xef\xdam\x85\
\x13\xdc \xf8\x86\x06\xae\xed\xea4p\x10\xd8\xaeOw\
\xe0\xa8VS\xef\x1a\x88h\xcc&+{6\x05\xd5\xcd\
\xf6\x08\x8a\x98Cu\x8b\x1e\xeaR-0\x87+\x0f\xec\
S\xe6qV\x1f\x95\xc3-HK\xc9\x19\xb5\x96w\xe0\
\xca\x92\xc96Z\xd7\xd5\xccS\x09\x5c\x00d\x10\xd2\xd9\
~\x84\xb3=\xaa1'b\x8c\x8d\x9d\x08\xaa\xcePP\
QZ\xcc\x9f\xd90\x0e\xb8]\xef\xc6\x8c0G\xeb\xf7\
\x09\xd34\xe1t>\xd14\x10J3\xbeZ\xb1\xcc\xcc\
\x17\xcd?\xdf}\x9a,P\x01M\xf0\x14\x04#\xbaD\
\xa6H\xdf\xf5\xe6\x17\x8b\x8c\x88\xd386f\x94\x08\xfd\
\x5c\x8d'\xb20\xca\xba\xe0z\xbbZ\xbe\x0e\xf3<a\
Y3\xf3\xe7\x8c\xaaJ\x96c\x14\x8c\xa7\x13\xaeW\xb2\
\x05\x1d\xe8\x11!\xbb\x05!\x18\x80\x921\x8e'\xac\x85\
\x0a0\x156C\x869\xc8\xed?\x9f\x98m\xde\xfbD\
\xdb\xfd\xf6y\xc1\xe9\xb4Kc\x13\xcc\xa6\xa0\xcd_\x9e\
g\x12\x03\x06m\xfe\xedN\xd8Y+f\xb7V>J\
+\xe7\xe3A7[\x86\xb5u\x97\xc2\xa6\xb4-\x8cm\
\x9f\xf0\xebu\xe0e\x13~\xf7c<\xbf\x7f\xa1`\xeb\
\xc2\x98M\x9c\xf7\x8c\xc4+\xc2c\x0e4\xb8\xef0\x9f\
\xa7\xd5}O\x0a\x10C@\x88\x09\xb7\x1b\x99\x9c9s\
^C\x04\xb7\xfb\x1b^^\x9e\xb1N3M\x22\x03\xcd\
\xce\x97eA\xb1\x08\xda\x5c?\x82\xcb\xf9l\xa6\xae\x11\
1\x91\xe9\xca\xf9\x11Q\xcaJfb)P!\xe8\xa0\
\x00\x83\x0fx\xe0\x9d\x10hv\x1a#je\x04\xd7\xcb\
\xf9\x82\x18\x22\xa6i\x86\x96\x02\x11\x02\x03Z\x15\xcbB\
\x1f\x99)%@\x95QG\xfb\xa1\xa5Y\xf3\x8a~`\
\x84\xe2\xce\x22\xca\xa6\xc8\xb9\xdb%\xb2\xe7\xc4\xfc\x80^\
\xdf\xae8\x9dF\x8cC\x8fn\xe8\xc9.\x0b\xa1\xf9\xd9\
\xf3=)\x18x\x11S\xc0t'\xf3\xb7K\xbc\xce\xbe\
\x1f\xc8\x026\xd6\xe2\xdb\xdb+\xc1~{I\x91\x12\xfd\
\xa91j\xb8\x95]\x0b\xce\xe73\x1e\x9f\x9ep\xbe\x9c\
q\xbb3r\xaeZP\x89a\x18p:]\xf0\xf2\xfa\
\x82\xe7\xe7g2\x0eS\x07\x09\x04\xdd\xf2\xba\xa0\x16\xbe\
\xfc\x081\xe2\xe5\xf9\x19y]qy 8Wr\xc1\
\xf9tFJ\x8ch\xac\x0e~\xd5\x8a\xd38\xe2\xe9\xf3\
'\x82m%\x93)\xb8.\x80\xb1\xa5\xbb\xd4q/\xe8\
h\x22\x9aR\x84\xc4\x80\x87\xf3\x03\x1e\x1f/\xe8\x87\x1e\
93\xd0G\xd7\xf58\x9f/\x00h\xb2\xea\xf3RB\
@\x17\x03\x86\xa1\xa7\xa9iJ\x98\xa6\x19oo\xaf\xf8\
\xfa\xf3\x9f\xc9\xf4\xfb\xfa\x05\xf7\xeb[\x0b\xe4\x12\xa0\x88\
A0-3J-\xb8\x5c.\xf8\xf4\xf9\x13\xdb\x92\xf8\
\xe2\x83b\xa6\xbfv\xdf\xb2\xe5g\xc7\x041\x08\x82V\
\xe4u\x02$@C$\x88\x97\x17\xfa\xee\xb3\x17I\x0c\
\xdca\xe6\xe8\x06\xae\x8b\x98\x8f@[\x97\xbe\x87\xfb:\
\xe3\x5c\x88fN\xaeHf\x9e\x1f\x0c,\x85\xf9\xe2[\
3\xc1\xf1\x9cW\x84\xc8\xbdK\xad\xbc\x9c\xe9g\x92}\
\xa5\x0c\xae\x12;\xd4\x9c\xb1\xac3\xd6\x9c\xf9\xe2\x08\xca\
`-\xdc\x0d\x90\x12#\xca\xe7R0M\x13Y\xab\xc6\
\x0cT\xad8\x8d'\xf4\xfd\x80\xd4\xf1E\x8b\xaa2\xaa\
r\xf4@&t\xc9PJ\xc5x>AB@^\x19\
\x9c&\xa6\x84\xf1DF\xe9bf\xe0\xb5f\x0c\x03}\
\xf1u\xfd\xf0.*\xbd\x18{w]\xe9R \xc6\xc0\
\xbf\xc0u\x19$\xa0\x98\xdb\x0c\x05\x1a\xd0\xb9\xae\x8c|\
\xbd\xe6\x05e\xcd\x8cfm\xd1\xbcO\xe3\x88\xaa\x04\x0f\
\x87\xe1\x84\xd8\xdc\x17\x90\x1d\xac\xe0:V\xd0\xd7f0\
\xb0~\xe8\x19\xe4\xc66\xa5V\xc78\x9e0\x8e#\xfd\
aj9\x00\xc0C\x0e9\xe4\x90C~[r\x00\x80\
\x87\x1c\xf2\xfd\x8b+\x13{\xf0\x8f\xa0\xcf\xfb\xef{e\
\xff/\x1d\xdb\xe7\xfb\xeb\xe5W\x10\x0bl\xc8\x86\xb8\xdb\
?;Fu\xe9\x03ph\x1aU3\x07\xb6\x87jf\
\xd8\xb5\xd1>\xd5\xde\xca7P\xc5m2\xad\x5cW\xaa\
,\xb5}'\xd8\xc6\xef<\xe7\x00ECR\x02\x812\
\xe7n\x89\x81w\xb9\x14\xfa\x22R%\xe8 bf\x5c\
\xd9@\xa2h\xac\x0eF6\xac\x16]\xd4\x99@bm\
U6\x9e\x8c\x8f\x06\x02R\x8a\x99\xe6\xba\xe9P5&\
\xd4<\xcd\x10\xa0\x99\xd6F\xf3\xaf\x05cp$\xf3w\
F\xc6\x01Y\x1c\x9d9Yw\x96\xa2_\x87*\xd9!\
e\xcdH]\xc4j\xbe\xa0RJ\x98\xa7\x9b1l\x02\
\xba~@\x97\x12\xee\x16\x95t1\xf0\xf1r>\xe3|\
9A\xb5\xe2\xed\xe5\x15!\xd2\xc4N\x02}a9\x9b\
b\x9e\xa7\x9d\x09_$\x98\xd8u\xf8\xf2\xe5\x0b\x005\
\x87\xe9\x0c\x102\xddg\x8c\xa7\x01\xf3\xb2\xb2\xde\xaeG\
6`P$\xe0~\xbb!\x84\x80\xcb\xe5b\x0cH\xc5\
\xf5\xfaf\xcc\xb0\x0e\xf7i\xc2\xf9tF\xa9\xf4}\x18\
C\xc40\x0e\x08\x81\xc0\xa3*}\xaf\xd1w\x95\x01\xb4\
\xe63OA395 \xb7M\xb0\x06\xa6\x99\xb3\x7f\
\xc2\x0bm.r\xd8\x0cnke\xf1G\x83\xe1\x1a\x91\
\xcf\x00\xc0\x9d\xa8\x8d\x07\xdaTt\x96\x89\xf3O7\xd3\
b\xd8<lm\xb3\x99\x0e?\xbfOc\x9fjA\x00\
\xa0\xbe,x\xce\xd7\xbb\xbe\x03\xa1\xb7\xf5\xd2\xfa\xc1\x80\
B\xb5\xe0\x1dA\xe8\xb7\xac\xd6J%\xbf\xb5\x83,T\
\x80k\xb7\x9a\xcf>\xb2\x99\x08\x08\xa0\xb2<\x81 \xf5\
\x1dB\x8cX\xf3\x82\xf9\xce\xc0-1F\xa4\xc8(\xb4\
\xdf\xbe~\xc5\xfdvE\xb0h\xa7\x92\x22\xa6\xe9N\x9f\
]\xc6RJ\x89\x00\x0a\x038\x98?\xc9\x99\x8e\xf7\xfb\
ql\xac\xc5eZPrA\x97h2\x1b\x02}\x19\
\xf6\x1d\x83\x8d\xe4\xeck\x97@4M\xe1g,\x06\xc0\
u\x1d\xcd\x0eE\x02b\xeaPr\xc5\xef\x7f\xff{,\
\xcb\x8a\xbc,\x18\x06\x06\xb2\xc9\xeb\xe6\xd3\x10\x16E4\
&\x06s\xb8\xdf\xef(\xa5\xe0t9\x93]f&\xb6\
)F|\xfa\xfc\x99\xfd\xaf\x8ayv\xff}3\xf7\xcb\
 \xf4\xa3\x97\x12\xaaV\xbc\xbe\xbd\xd95G\x94\xa2\xf4\
q6\x8e\x10\xab\xef\xed\xed\xd5\x80\xf3\xc4\xbe2\xff\xa2\
\xfd0 &\xee\x0b\xf34\xe3\xf2\xf8\x80\x87\xc7G\x94\
Z0\xdd\xefx{{#8h\x01,T\x15\x12\x09\
Rv\xe6\xa3\x10\xf62\xc1\xc1\xaaa<!\x05\x969\
\x0cf\xae,\x11\x97\xcb\xf9\x1d\x9bjY\xe8\x1br\xe8\
{\xc4@\x1f\x8a\xf7\xfb\x84\xc9\x98`\xb7\xdb\x151%\
<>=!u\x8c\x1a[J\xc1230Q\xae\x15\
\xb1\xef\x10l\xff\xe5T&HY\x0a\xd9\x9e\xf3\xb2@\
@\x9fn\x0a\xe0v\xbd\xa2Z\xa4\xdf\xeb\xf5\x8a\x9f\xff\
\xfcg<??\xe3\xe5\xe5\x19?\xfd\xe3\x7f\xc4<\xdd\
\x10\x0c\xd0\x09\x06F\xa7\x10\x10S\xc2\xe5\xe1\x82\xa7\xa7\
'\x9cN\xe7\x1d\xe3y\xf7r\xc8\xc1v\x03\xd3\xe1\xeb\
\xc5$\x06\x01\xf2\x84\xbc\xdc\xa0\xaaP_~Z\xa0Z\
\x19 \xc7|\xc8\xd2t\x9c\xa6\xc1\xf43\xc7~\xf3\xfb\
\x91\xafM\xff\xad\xaaP\xa5\xfb\x88Z2D\x19\x8cB\
,x\xd3<\xcf\x98\x97\x05\xebLSs\x02\xe3\x81\xe6\
\xabJ`v\xc9\x04\xcdB\x084o\x07PkF^\
\xc9\xa4\xabU\x11c\xc28\x0e@ pW\x0b\xd9\xeb\
U\xb7\xa0!\x0eP\xa6\x940\x0c#Fc\x88WU\
\x5co7\xa4\xd4\xa1\xef:\xae\x0bT\xcc\xf3\x1d\xd3<\
\xa3s\xd3va\xbb\xe8\xcb\x90\xbb\x1d_\xf0\xd0\xcf$\
\x81\xe0\x13$D\x06\xed1\xa01\x17\xfa\xf1\x13\x09\xf8\
\xf2\xe5\x0br\xe6u\x96R\xb0,\x5c\xb3\xc9^\x1c\xd1\
\x94\xb7b\x9eW\xc4\x98\xd0\xf7=T\xb8\xfe.\x0f\x17\
[\xdb4\x81\x9e,\xba\xb7\x98\xd9\xf30\xf0%B\xce\
\x8cn\x7f\xbd^\x11\xcd\x9dG\xb1\x97|1q\xcc\xba\
\xd4\xb5my\xb6\xa8\xdf\x0f\x0f\x0fH)\xb5H\xd4\x07\
\x00x\xc8!\x87\x1cr\xc8oJ\x0e\x00\xf0\x90C\xbe\
o\xa1b\xb0\x99\xfe\xfeK\xc5\x95\x9b\xfd\xf7\xbf\xb6\x1c\
W\xfc\xff\xa2\xec\x00\x8b\xdd\xd7\xf6\xdd\xab\x11\xfbg\x8f\
\xbf\xc0q\x0bK\xe3\x0a\x15\x1c\x5c\xe1W\xa01\x03e\
W\xb2\xfd\x121\xc6\xdc\x96\x90\x80\x89\xfb\xe5c\xdfQ\
\xd9\xa2\xd2\x85\x06\xfdm\xecD\x05\x15\xf2\x10\x22z\x0b\
4Q\xcd\xcf\x22\x15E\x07x\xdct\x97\x0as0\x86\
Q\xce\x04\xe7X>\xc1\x90`\xbe\xc0\x08\x1e8\x1b\x84\
Q U\x19\xc8\xc2\xc7a\x1fY\xb1X\xbd\xab\xf9e\
\x82\x99\x5c\x92\xa9\xc2\xe2\xc7\x91\xa6\x82d\x9b\xb0m\xde\
k>O\xa2\x01g\xee\x13L\x84\xd1xC\x0c\xb8<\
<\xd2\xff\x9b0\x88A5&c-\x05\x0f\x97\x0bR\
\x97\xf0\xf6\xfa\x8aq\x1c\xf0\xc3\xe7\xcf\xb8\xdf\xef\xb8\xdd\
\xaf\x80\x0a\xc6\x13\xfdD\xad\xe6\x97\xf0\xf1\xf1\x01o\xaf\
/\xf4\xfd5\x11@\x8d)\x22E:\xea/\xa5\xe2\xf1\
\xd3\x13\xe6e\xc1\xb7o/x|| s)\xd2\xe4\
,\xc6\x80eY\x18,\xa0\xef\xf0\xfc\xfc\xdc\x00\xd2\xe7\
\xe7\x17\x03]iV\x5c2\xcd\xee|\x1cj\xad\x80\x0a\
D\x14\xcb\xbc\xa0\xeb\x22\xbaD&\x87O\x09\xceb\x8e\
I\xdd\xb1\xdd8\xe8\x06\xa2\xed\x808~'P\xb7\x9f\
\xab\xdb$\xb6i\xb97\xc7\xb5\xcc\x9c\xa1\x06\x04\xfb\xd8\
\xda\xbf\xad<&\xf2\x13[\x1d\xbb\xca\x98\xd2'\xf3\x06\
\xb0\xb3*\x1eS\x03\x22\x99\xc0\x8e\x99\xb2\xfd\xa10\x03\
\xac\x1d\x08\xb79b\xc7\xbc\x9dT\xce7\xdf\x97\xa5\xd2\
\x5c\x92}\xc1\x88\xbb\x02\xae\xa3\xd6u\x81\xeb\x80\x7f\x5c\
s\xc5|\x99\x91\x89d\xa6\x9f\x16E\xb8\x96\x8cb\xd1\
P\xb5\x16F\xda\x9d\xeex{y\x81\x9ai\xbd3\x12\
\xef\xd3\x0d\xd3L\xd6\x92V2\xc0J\xc9\xf4\x1d\xa6J\
\xb3][\x7fnV[\xa1\xe8\x8c\x15\x17\x22\xd9S}\
\xcf\x08\xd8\x00\xe8\x97\xd2\x80\x17\x05\x81\xc5ad\xe0\x08\
-\x8a\xd3\xf9\x84\x94\x12\x9e_\x9e\xd1\xa5\x84\x18\xe9\xaf\
N}/\xa9\x8ay\x9a\x11#\x19l\x1e\x9d\xb53\xb6\
\xecd\x81AjU\x5c\x1e.\x18\x86\x11oo\xaf\xb8\
\xddo\x80\x02)F\xb2\x9e\x86\x01]\xdf#\xc4\x88\xeb\
\xf5\x8a\xdb\xf5\xda\xc0\x86`\xee\x05N\xe7\x13\xc6\xf1d\
\xe0\x0e\xd9\xaf\xeb\xba\xe0\xfa\xfa\xc6H\xab\x95f\xbe\xa9\
c\x80\xa0\xfb\xfd\x8ea\x180\xf4=\xaeooP\x03\
k\x09\x84\x11\xac\xadE\xe9/\xef\xe9\x11\xf7\xdb\x1d\xb5\
V\x9aWw|\x89\xd1u\x1d\x86a$0U\x0a\xf3\
\x06iAFb$\x83x\x18\x06\xa8*n\xb7;>\
}\xfa\x84Z\xc9\xe0L\xa9\xc3\xf9tB\xdf\xf7\xb8\xdf\
n8\x9d\xcf\xf8\xd3\x9f\xfe\x84\xeb\xeb+n\xd7+T\
\x95\xec\xc4\xc7G\xd4Z1Md&\xe7\x85{])\
\x15\xe7\xd3\x09\xa7q\xa4\x09\xf1<c\x9e\x18\xb0A\x8c\
-\xf9\xed\xf9+noo\xf8\xf2\xe5\x0b\xbe}\xfb\x06\
\x00X\xe6\x09\xf7\xb7W\x08\x14CJ4\x97\x8d\xdc\xcf\
\xbba`T\xd9q\xa0Y\xb8\x04\x03\xf8\xdar\x00v\
k\xa7\x81\x7f\xd8\x05\xa72\x89\x01\xd0\xf9\x95\x00`\xc9\
\xd0B6\xb7\x96\xc2E\xa1\x0a\xad\x04Z\xfb\xbeg`\
\xa2\x8ec\x9as\xc6b&\xf3\x04\x0a-\xd0\xc5\xca`\
\x12\x10\x06G*\xeb\xc2\xf2\x8c\x09\x9e\xcd\x1f\xe7\xb2\xd0\
\xcf\xa4\x004K7\x86:\x013\xbe\xac\xcayEg\
\xe6\xed\x12\x02\xa6\xfb\x0dj\xc0*\xb0\x05\xeca\x80\x10\
\xb2\xee\xa2Eq_f\x06\xfb\xe0\xda!\x03\x8e>\x19\
\x07\xa4\x94P,`\xcb\xba\xd0|\xba\xd4L\xf7\x0f\x06\
zw\x16\xcd>\xaf\x04\x1c\xf9\xe2L\xf9\x02\xca\xfa\xa9\
\xeb\x12z3\xf7/\xa5`20\xb3jA5\x96|\
\x8c\x09o\xafo\xf8\xf9\xe7\x9f\xd1\xf7\x1d\xfa\xa1\xc3\xb2\
\x108v`\xffz\xbdq?\x12\xc1x\x1a\xf0p\xb9\
\xa0V\xbe\xc0\xbb\x5c\x1ep>\x9f\x903]\x0f,\x0b\
\xd9\xcb\xe73Y\x8c\x97\xcb\x05b\xbe/o\xb7\x1b\x96\
\x95\xf7\x8da\x18\xb0\xd8X0\x88I\x87\x94\xc8\x02\xf4\
=7\x17\x06e\x19\xfa\xbe\xb9\xeb\x90#\x08\xc8!\x87\
\x1cr\xc8!\xbf59\x00\xc0C\x0e\xf9\xfe\xa5\x81\x1d\
\xff\x8c\xf8\x83\xea/\xc4\x81\x0e\xaa\xee\x1f\xcf\xbe;\xaa\
{f];\xb1\xb1\x93\xc4\x8e\xbf\x0f\x82\xd08B\xf6\
k\x97M\xf6U\x12ts\x9cb_\x04\x95r\x10\xd4\
\xf06\x98\xfe%\x22Pq\xc6\x92\x81\x12\x8dm\xc76\
\x97\xc2@\x1f\xbbZ\xcc\xd4\xd6a\x12\x96\xa7\xa6\xa8\xf9\
5:\x16\x04\xa1\x8f&\xa8\x99\x7f\x99\xc2)\x16\x1d\xd4\
\x99\x1d\x22d\xf6\xd5Z7\x80O\xc8,\x10\x00\xa5\x92\
u\xe4\xbe\x8eJ\xa1Y\x16\x01\x07\xf7\xeb\xc7(\xbf\xaa\
J\x85\xcb\x143\x18\xd8\x973\x1d\xf4W\xadX\x8d\xf9\
@\x85\x84\x11#]\xe9\x03\x18\xf0\xa33\xd3(^;\
\x9d\xbd\xdf\xae7L\xd3D`D+\xba\x94\xf0\xf9\xf3\
\x0f\xf47\xb5,X,\x22\xef4\xddq3\x16\xa0*\
\x19\x89\x8c\x12\xc9\x08\x8aA\x04\xa50\xf0B\xdf\xf7x\
{}C-t\xe4^k\xa5_Bs\xe4\x1f\xbb\x0e\
\xe3H\xdfe\xf4\x0bWq:\x9d\x91\xba\x80y\x9em\
\xd0\x15\x8b\xf9\x95\xfa\xf2\xd3OXK\xc6\x9a\x0b\xf2\xba\
b\xba\xdfQr6_f+RH8\x9di>\xec\
\x91)C\x0c\x18\xfa\x0e\xb7\xdb\x8d\xfe\xa5\xcc\xbc\xb3\xe4\
\xdc\x00@\xca{\xd3kF\xd24\xc0K9\x81}\x9c\
\xf9\xc7\x5c\xef\x80\xbf\xed \xe7\xe6\x8e\xc1\xd7\xe6\xaf}\
\x0a60p\xbf\x1a\xb6\xe8\xbd;iy\xbcy\x06\x1a\
\xee\x8ey;\xb6\xb6\xec\xf2\x7f\xf8i\xcb\x84\xecW^\
\xb9];\xbf\xbby\x22\xcc\xc4\x91s\xd92\x09 \x91\
\xbe\xfd\xc4\x98\xb5tv\xc66q\xef!\xd8XAs\
{1\xf6^l,G7\x1b\xe6\x9f`w\xcd\xb2\x99\
\xe7i%S3\x86\x80`}\x10\x04H\xe6_\xb0\xd4\
\x82\xb2\xae\xb8\xdf8w\xd7\xbcb]f\xcc\xf3\x84R\
\x0a\xaeo/X\x16\x82Q\xf3\xbc`-\x04\x1a\xb2\x01\
\x17\xaf\x164B\x95\xbe\xc4\xdc\xd4\x8f~\xdfhv8\
\x0e#B\x0c8\x9d\xcf\x18\xc7\x91\xfe'\xab\xad\xa3.\
\xe1z#\xd8\x94Rg \x11\xaf\x83`)\x19\xb9O\
\x9f\x9e\x000 \x89\xd8\xfa\xe0\xba\x8c,g\x18\xd0\xf5\
\x1dA\x0d\xcb3\x8e'\xc4\xd4\xa1\x82\xa6\xb8\xf3\xb2\xe0\
\xfavE\xad\x15c?\xe04\x92AK\x06+\xcd!\
\x87q\x00,\xea\xf5\xedJ\xdfv\xd34\x01j\xe6\x9d\
\x16\x94a\xbeO\xe8\xbb\x0eP\xc5\xdd\x22\x992\xc0A\
@\x05l_\x14\x9c/\x17\x8c\xe3\x88\x9f\x7f\xfe\x82\xdb\
\xf5\x86a\x1c\x9b\x8f>\xfa\xffc\xb0\x94\xeb\xed\x0dy\
]\x09\xfaL7\xcc\x0b\xd9\x97\xf7\xfb\x1d\xc1\x18U/\
\xc6\x0e>\x9dNH\xa9\xc3\xc3\xe3\x13\xc6\xf1\x84y\x9a\
-\xc0\xc6\x19\x7f\xfc\xe3\xdf\x22\x04\xbe\xd4\xe8\xfb\x1e\x7f\
\xf8\xc3\x1f\xf0\xf4\xf4\x09\xd5\xa2\xc3\x0e\xa9\xc3\x8f\xbf\xff\
=\x9e\x9e>A\x01\x9c\xcfg\x06#B\xc5\xdb\xf5\x8a\
\xff\xf9\x7f\xfe\x9f\xf1\x8f\xff\xf0\x0f\x06\x96e|\xfd\xfa\
\x05/\xcf\xcfX\xa7\x09y^\xf8\xd2\x06\x02\xd8\x1e8\
\x0e\xf4\x07\xd8\x0f\x1d\x99\x91\xb6/Id4Wu\xca\
\x9e\xcb\xee\x1e\xc0/\xdb\x87\xfb\xc0\xf5\xf5\x04\x9b\xabe\
~C\xc94kF\xf5\x97\x0a\x9e\x8f\xe5\x95\x5c\x913\
\xa3\xa9\x07\x0b\x8e\xb1\x1a\x90\x0c/\xd3\x00ZXd^\
\x11\xae\x89.\x91\xcd\x16S@.4\xb3/\x85\x00\xfa\
\xf9t\xc6\xc3\xc3\x03\x86~@\x88ds\xe6\x92y\x8f\
\xb0\x17S\xe7\xd3\x19\xa7\xf3\x09\xb3\x05V\xa2\xb9<\xcb\
\x10\xf3\x9d\x07\x10@\xef\xc7\x11h\xed#\x90\x1e\x8d\xad\
\x1b\x8c5\x19\xc3\xc6\x94\x9b\xa6\x09}\xcf\xa8\xb9\xb5\x16\
\xdc'\xba\x8d\xd8\x82\xfdp\x8d\xd7J\xb7\x18j/\xb2\
\x08\xc4\x1bk\xb0T\xbc\xd9\xbdi\xe8\xc9\xaeSx\x04\
c \x0a\xa3H\x9fN#\x83\xbe\xa4H\x1f\x8c*H\
\xf6\xb2\xa1\xeb\x12\xc6\x13\x81\xfb\xd3iD\xa9\x05\xea\xf7\
\x1ac\xe92\xf8\x17M\xcfSJ\xb8\x9c/8_\x1e\
\xb0,\x0b^__\xed\x05\x16\xcb;\x9f\x08\x18J\x08\
\x18l\xdd\x04!ss\xe8\xf9\xb2\x8d\xfb(_\x00\x0c\
\xc3\x80\xbc\xf2\x1e\x1ac<\x00\xc0C\x0e9\xe4\x90C\
~[r\x00\x80\x87\x1c\xf2\xfd\x8a\xee\xd8\x7f\x7f\x09\x00\
\xdc\x83\x0b\x1f\x81\x86\xbd\x12\xde\xc0\x85\x0f\xb2WJ\xfe\
\x928\xd8'p\xed\x88\xdf\xf7y\xf8\x9dGw\x10\x0a\
\xc4\x81\x8d=\xfb\xcf\x9e\xfa\xdf\xd5\xe9\x9a\xc0;Q{\
\x90\xe7\x09\x82/\x9b)\xa3\xd7S\xcdy\xba\x80\x01@\
B$\x8b&\x04F\x04&\x18\xe2\xc1A<j\xa2\x03\
\x91n\x16I\x06\xd4\x1e\xb0\xa4\xe2Y \x1e\xf1\xd7\xd8\
\x80\xb9\xd0_]\x08\xc6\xae\x09\xf4\xd7\xa4Z\xa1\xb5\x22\
\x1b\xc8\x16\x8cI\x13L\xb1rvE0\xc00Y\xd4\
\xda`\x0c\xa6e!\x0b#[\x10\x8f\x10\xa8\x18\xaa*\
\xa2D\x06\x06\x18h\x22\x5c\xcd/X\x8ad-B8\
(\x02`]X\x86\x18\xa08\x8c\xf4\x87$\x22x{\
{\xc5\xfdv\xc72M\x881\xe0\xf5\xf5\x0d]O\x13\
\xe3\x10#\xa2\xb1\x80\x96u\xc50\x8e\xd0\xea\x91\x81;\
\x02\x8fAq}\xbb\xe2\xf1\xf1\x11\x97\xcb\x19\x22\x82W\
\x0f\x9e\x00\xe0\xdb\xd7\xaf\x10\x01^\x9e\x9f\x11\x8c\x09\xf8\
\xfa\xfa\x82\xdb\xfd\x86\xd3iD\xdfu\xb8\x5c.\x98\xe7\
\x89Q'{\xb2\x89\x96\x85A\x1f\x1e\x1f\x1ep\xbf\xdf\
\xf1\xc3\xe7\x1f\xd0u\x1d\xae\xd77t]o>\x9c\x22\
\xb4V\x5coWT3\xa7\xf6\xeb\x02\x80\xaes\x9fN\
\xbev*Y<\xd5\x80-\x9b\x87p?y\xc6l\x0b\
1\xbd+G@P\x90\xb3\x85\x8a)\x04\x04\x1blN\
\xbf_\x07\x021\x07\x7f\xef\xd6\x93\xd89;\xe6\xf2\xf1\
7\xc5\xeaT~\xa7Xi-x\xcdG\xd9\xaei;\
\xf7\x9e\xdeTK\xa5\x02\xed{\x81\xaa\xa9\xdb\xee\x0fS\
l\x9d\xb9\x8b\x01\xf6\x0d\xdb\x1f\x00\x0b\x1c\xa1\x06\xda\xb8\
\x99\xa8*\xcb\x0c\xad\xcd\xe6\xc7lo\xfal\xa6\x8e\x0e\
\x5c\xd3l\x96s\xa2\xada\x01}N\xc6\xc8\xe8\xd3\xaa\
X\xd6\x95\x11K\xadM\xcb\xba`\xba\xdf0\xddo\xc8\
e\xc5\x9a3\xee\xb7+\x83\x15\xdc\xef\xb8^o\x18-\
\xe0\xc8\xdb\xdb\x9bE\xe4\xad\xe6\xbb\xd2\xcbO8\x9f\xce\
\xb8\xddn\x98\xee\x13\xfb[\xb9'\x08\x04]G\x13M\
@\xd0\x0f\x03\x86\x81>\xf8\x06\x0b2!\x12\xd0\x9b?\
\xce\xa2\x95\x00\x99\x01\xfc\x9dEs\x9d\xe7\x99A1\xc6\
\x13}\x0a\xae+\xe6\xc5\x80o\x00\xb3\xed\x099gL\
\xf7;\xce\xe73\xce'F\xdf=\x9f\xcf-\xf0\x87*\
gg\xdf3\x08\xc4\xb2.x{}\xc5\xf5J\xc0p\
\xd8\x05T\x80\x99\x0d\xab\xba\x8b\x01\x8ek\xce\x19\xd32\
c\x9a\xee-@H\xd5\x8a\xe7\xe7o\xb8\xddh\xc2z\
\xbb\xdd0Mw\x94L\x90WU\xf1\xe5\xeb\x17c\xff\
\x8e\x04\xeaj\xc1y<\x11\xc81\x808\xe7\x82\xcf?\
\xfc\x80\xdf\xfd\xeeG3\x0f\xa5\xa9\xf6<\x11t\xfa\xf1\
\x0f\x7f\xc0\x8f?\xfe\x88\x5c\x19\x00%\xaf\x19\xb9T\x9c\
\xce\x0f\x06\xa2L\x00\xf8\xf2\xe3\xfc\xf8\x80\x97\xe7\x17,\
3M\xc0\xbf}\xfb\x8a?\xff\xe3?\xe2\xcf?\xfd\x19\
%g\x8cC\x0f\xd5\x82\xf9v\x87\xe6\x8c\x14#N\xe7\
3N\x17\x02\xb8\x1c\x93\x1e\xa9\xef\x91z\x06D\x09\xc6\
\x0euw\x00m\xed\x83\xa0\xb6\x0b\xcd\xdb\xdb\x8fm\xdd\
\xb4\xf4~\xef\xe3\x8a\x08ZPo\xdf\xb0.w\xe6\x14\
\x07\x16\xc1\xb5\xb0\xf3\xebZA\xb6w\x88\x91/\x97\x8c\
!\xee\xf7\x91\x98h\xfe\x9d\xcc\x7f#\x835\x11\xb0\x16\
l\xc12<r\xf4\xc3\xc3C\x1b\x93\x9c\xcd\x5c\xd7\x80\
Y\xdfwBL8_\x1el-\xb3~/\xa7K\x09\
\xfd\xc0\xbe\x22\xd0\xcc{\xe0\xbc,X\x97\x05\x00_\xa2\
\x155\x93\xe2RP\x15(y\xc1t\xbf\xe3\xf5\xe5\x85\
\xed\xb8\x5c\x10b\xc4\xfd~\xc7\xfd~g \x90\xce\xa2\
\x0c\x17F&\x9e\xe7\x85\xfde\xcc\xfbj\x11\xa0s\xce\
\x8c\xda\x9b\x0bN'F\x88\x06\x04\x12\xc8N\x15\x00Z\
\xc9<\x8d1\xa2\xef\xcdTw\xe5=\x94LU\xb2\x1d\
E\x18\x818\x1aX\x09\x80\x80\xa41\xeb\xe7\x99sQ\
l\xdc\xbb~\xc0Z\x0a^_^\xf9\xd2\xa00X\x0a\
 \x0cn\x93\x19]\xde\xfd B\xe8\xb3q\xb0(\xc2\
\x02\xbaHX\xcc\xb7\xee\xfd~\xc3jA\xa9\x0e\x00\xf0\
\x90C\x0e9\xe4\x90\xdf\x8c\x1c\x11\x80\x0f9\xe4\xfb\x17\
\xfdO4\xff\xfd\x05\x18\xf8\xee\xd7^6 \xedc\x1d\
{\x00q;H\x1djS\x8cL\xb1\xb2\xac,\xab\xfd\
h\x1f\xae\xeco\x07\xb7B\xb5%j\x87\xacd\xfb\xdb\
\xb5\xcb\xdb\xca\xecv\xde\xa2\x8f\xaa\x81iM\xe13\x87\
\xe5\xc1\x03C\x18H\xc1<\xce\xba\x22\x8b\x83@\x04\x95\
\x09\x07\x1eX\x0f\xebs\xa6Y^V\x889\xdeW\x8b\
`\x19#\x19\x03\x9ev]\xa8L(h\xde\xdb\xf7T\
\xba\x5cb$Hu\x9f&\xa8\x99\x149\x98PjE\
\x8c\x11\xa7qD\x08\x82\xd5\xcc\xe3\xfa\x9e\xd1\x0c\xc5\x8e\
\xcd\xf3\x8c\xd4%\x9c\xcf\x17\xc4\xd8\x99\xcf9STJ\
!3\xa4\xac8_\xce\xc8\x99f\x97\xb3\xb1\xa7\xdc\xc1\
\xfe<O\x04\xdd\x1e\xa9\x98\xe7%\xe3\xe9\xf1\xa9\x81\x03\
j\xa6}A\x02\x9d\xc3\x97\x15\xf32\xd1\xaf\xd7\xa7G\
L\xd3\x1d?\xff\xfc\x05\x224\xa5\xbc\xdf\xaf\xf8\xf1\xf7\
\xbf\xc7\xf9r\xc1:\xcf\x08!\xe2\x87\xcf\x9f\xd0\xf7\x03\
je\x80\x0f5&e-\x05\x08\x82\xe9~\xc7\xe3#\
Y-\xcb2a5\xe6\xe1\x0f?\xfe\x00\x05\x81A\x11\
:\xba'(D\x7f[\xe7\xf3\x05\xc3@3A\x8e7\
Y-q\x17\xcd\x18\xe0\xb8\x8ap\x1c\xc8\x92$+\x8a\
L1\xb22\xa31\x84\xf8\xd7&l3!w`\xcb\
\xbf\xb7u\xb2a_M\xf6El3\xdc\xce\xb5 \x03\
\xf6\xfbW\xd6\xc0/\xf2\xec\x0056\xcb\xe6v\x9b\xff\
\xcc\xa1\xed\x18\xd9\x8e\xbf\x10\xe55\xc3\xcaP\xa5\xc9\xb7\
\x80\xa6\xeaU\xe9\xdbOd\x07\x1a\x1a\x00\x14\x0c\x84\xf6\
\x97\x10\xde\x06g\x1cZ\xf1\xec3\xdd\x99.\x0b\xd7\x9d\
\xf8u\xd8\xf1 \xd2\xd8Fbf\xf3R-Rj4\
\xb0|\x07\x12\x063\xf3'\xb8H\x93o1S\xc6\xfb\
}2\xd0\xdc\x81s\x9a\xa8\xf6}g\x91uO\xf8\xf6\
\xf5K\xf33\xf9\xf6\xfa\x8abf\xf6\xe38b\x1c\x06\
\x9a\xba\x1a\x88\xa6\x95\xbe\x07\xfba0\x00\x83\xc0\x99\x04\
\x8ehg\xeb0\x1b\xb3\xe9t&\x80\x17\xc0\xe8\xc7\x97\
\x87Gko\xe0\xef\xcb\x03\xce\xa73\x86q\xc4i<\
\x93Q\xa40\xf3w\x06\xb7\xa1?KA)\x06\xec\xe4\
\x8cR*R\xd7\x03\x02\xac\xcb\x82\xb7\xb77\x94\x9c\x9b\
\xf9m?\xf48_.\x10\x08\xfaa4p\xbd\x87(\
} \x9e\x1f\x1e\x08\xa8\x0a\xd9S\xd9|\xadq/\xe4\
\x18\xf6\x1d\x83\xa2\x9c/g\x9c\xceg\xa4\x98\x90R\xc0\
\xc3\xe5\x82\x1f\x7f\xf8\x11\x8fO\x8f8\x9f\xcfxz|\
j\x8c\xac\xcf\x9f\x7f\xc0\x0f\x9f?\xe3t:!\x84\x88\
\x9c\xcd,r\x1c\xf0\xf0p\xc1\xc3\xe3\x03B\x10\x5c\xaf\
o\xf8\xf6\xed+^__\x9ayp\xad\x15\xf7i&\
\xa3\xec\xe5\x05\xb5V\x06\xb5Xf\xbc\xbc\xbe\xe0\xe5\xf9\
\x1b^_\x9e\xc9\xe6\x8d\x11]\x9f\x90\x22#\x13\xf7)\
q\xbcN#\x92\xf9gs0\x8d{\xb7\xf9U\xb4\xc5\
\xe8{\x02lN\xdb\x8c\x04\xb8\xe3C\x9a+\x00[\xe3\
\xbe.\xdab\xf6{\x06s(\x14\xb1f\xd4\xe9\x1b\xf2\
\xca\x08\xb94\xd3e \x0c\xd8}T$@\x8d\x99\xed\
\x00\xad\xb3\x04\xa3\xbb\x89\x10\x06\xd0\x12p\xbe93|\
1PY-\xa0N\xa9\x19]?`4_\x90\xd3<\
a\x99\x97\xb6w\xd5J\x96a\xa9\x15Z\xb9\xc6T\xe9\
\x9fu]\xc9\x9ee\xdfG\x9c\xce\x17\x88\x00\xab\xe7\x07\
\x81\xb9\xbc\xae\x80\x99\xe9\xc7D\x93\xf9y\x99\x11\x82\xa0\
K\x9d\x05}\x9a\xa1P\x9cN#\x82\x90}{\xbb\xf2\
\xe5\xd30\x9017M\xf4\xcbW,R\xf70\x9c\xd0\
\xa5\x0e\xd9\xfc\x12\xfaX\x01\x82d~\x08}}\x95\x92\
Qj1\x90-\x13(M\xc9\x22o/\x9b\x09z\x0b\
xC\x00N\xab\xfb\xf1\x5c\xf0\xfc\xfc\x8cu]\xd1u\
]\xdb\x07}\xbf\x19\x87\x11\x12i\xe6L\xc6\xbdX\xa4\
\xdf\x91\x91\xee\x87\xc1\xfc\xb1\x0aN'\x06\xf8p\xbf\x8b\
\xc3@\xa6\xa1\x08\x99\x92\xcb:c^&\xfa\xaa\x15\x06\
,\x91\xff\xeb\xff\xed\xff\xfe+;\xee!\x87\x1cr\xc8\
!\x87|\x7fr\x00\x80\x87\x1c\xf2}\x8b\xda\x9b\xf8l\
&\xa1\xff\xff\xc8;\xe0\xc2\xe4\xe3\xef\xbd6\xef\x0f\xcf\
T\x8a\x0c\x80\xa0.\xd9\xd2\xf0\xc3\x0d\x9f\xb6c\xed'\
\xf5-\x10\x07\xd8N\x9aZF\xe5k\xafr\xb5/\x04\
\xe6\x14do9x\xa7fe\xa9\xaa\xf49\xc6\x82\x08\
x\x98ip5e.\x98RE\xf3D\xab\xd7\xdaP\
\x0a\x15\xb2R\x8a\x05\x95\x08\x0c\x16!\x025\xffL\xce\
*X\xcc\x87P\xd7uX\xd7l\xac\x8e\x80b\x80T\
-\x151EtnB\xbb\xaeP\x15\xa4H`\x05\xd6\
\x96R\x8b\x01\x83\x047h\xe2H\xdfI)F(@\
\x9fJV\xb7*\x15\xafRh\xfe\xcbv\xd3\xd7\xe0\xe9\
D\xd6\xc5x:a\x1c\x06\xc4\xe8\xe0\x22\x95\xc2\xeb\xdb\
+\xae\xb7\x9bE\x89\x04^_\xdf\x90bb\xe0\x8d\xf1\
\x04\x11`\x9ef\xbc\xbe\xbe\xe0\xe9\xe9\x89=m\xc0\x87\
Xp\x89\xeb\xf5\x8a\x18\x02\xa6i\xc1``\xc80\xf6\
\x04\x10@\xd0\xe6~\xbfa\x9eW<>>aYh\
n<\x0cT\x9e^\x9f_\xd0\xf5\x03\xce\xa7\x1e\xaf\xc6\
\xd0J]\xc2\xed\xed\x0d\x10A\xad@L\x01\xeb\xb2\xe0\
<\x9e\xa0\x10\xe4b,\x0cs\xfe\xdeu\x09y%\xdb\
\xe3v}C\xdf\xf5HC\xc2:/x\xfa\xf4\x19P\
\xc5\xcb\xcb3\xc4|\x93]N'\x8c\xa7\x01\x024\xb3\
\xe1\x18\x22\xc4\xcc\x87Eh6W\x0a\xfd\xcf\xe5\x9a\x01\
D\xa4\xaeG\x8c\x0c^\x01l@\x99\x18\x0b\xa4-\x8c\
_Y/\xea\xfe\xf9\xf6\xa6\xf3&j'e\xc7\x82\xc5\
_X\x8bLc`\xb7\x90\xb9\xea\xe6\xc3mY\xbc\xcb\
\xc1\xa3\xad\x185\xa0\xc2\xcc\xd5u\xc7\x1e\x861A\x99\
\x9ei\xb4\x16\x8b\xd0\xea \x17}\xfe\x95B\x9ff\x02\
A\x05Y\x7f\xd2L\x817\x1f\x8a\xaa\x06\x9e\xd4J\xf4\
\xc5\x9b\xe1\xd7\xfc+}\xd6\xf2\xed\x01B\x000\xf3Z\
\x11\xbbH\x03\xdb\xd8\x1d\x96\x07\x04E\xb8\xa68&d\
\x1d\xd1\xe7\xa0\x12\x01AUF\xb0}\xbc<\xe0t>\
\xe3>Mxy~\x06,\xf2\xb4(\xf0\xf8\xe93\x1e\
\x1e?a\x18\x06L\xf3\x8c\xd7\xd7W\x88\x10\xec\x1cz\
\x06\xe2Q\x05\xa6i\xb2 3\x8ay\x991\xf4C\x0b\
\x00\xa0\xcd?(\xdbX\xcc\x87f\xea\x18\x0d\xd8\xd9\xbc\
\x0e\xfatf\xae{\xbb\xdd\xb1,\xb3\x8d3\xdb\xab\xaa\
\x16\x14\x85\xd1\xb8\x97yB\xd7u\xf8\xdd\x8f\xbfGg\
\xfe8\xa7ib\x80\x85\xc0\x08\xcb\xa9K\x8c\x04\x1c#\
\xc6\xd3\x09\xd3<c\xba\xddp>\x9d\x10\xcc'\xe1<\
M\x90\x00\x0c\xfd@`\xd1\xfc\xa4A\x15\x97\xcb\x05\xc1\
\x82\xe6H\xe0\xbe\x99BD^\xc9\x08\xeb\x87\x11!\x05\
\xd4\x5c\xd8\xaei\x82\x882\x18\x8fE\x82\xaeZQ\x0b\
\xfb\xb5\xd6\xd2\xf6\xece\x9a\xf1\xfc\xf5\x1b\x14\xc0\xc3\xd3\
#N\xe3\x09\xeb\xb2\xe0\xf5\xed\x8d\x81M\xeczK\xc9\
-\xb8GQE6\xffw\x02\x81D\x82i\xee\xe3\x95\
 \x9e\xa3\xeb\x86\xbc\xdb\xfeo\xb3\xcb\xc6\x02\x10\xd9\x80\
{NS\xe5\xbd\x0b\xe0>okQ\xfd\xdefs\xb4\
\xb9\x08\x00\xc1j\xb1\xb9\xecyb\xbe!?\xff\x03\xca\
:a\xa9\x15\x88=b\x1a\xc9\x04\x04\x80\x90 !\x22\
\xa4\x04\x84\x04HD\x08\x09\xa9\x1fp~\xf8\x84\xfe\xc4\
`\x1at\xcb\xc0\xb5)\x10\xa8\x99\x12s\xdfW\x94e\
\x05D\xd1\x9fFt\xfd\x80\xbc\xac\x98\xa7\x09\xa52\x98\
SJ\x0c^\x03\x01bJP\x0d\xe6'\x93\x01{\x8a\
\xb1\xd6\xa1\x82\xd4%<<=AT\x1b\xb3\xadj\xc5\
\xbc\xd0\x8c9(_\x8e\xc4\x101^N\xe6?Rq\
\xb9<\xa0\x16\xc54\xdd!\xc2{\x90\x18\xa3~\x99f\
,K\xc6\xe9tF?\xd0\x1f\xec\xd7\xaf_\xd1\xa5D\
\x9f\x81}\x8f\x94:\xbau\x98\xeef\x9a\xcd\x80.|\
\x01\xc55R\x0a_\x0a:`I\xbf\x89\x8c>=\xcf\
\x0b#\xd2\x0b\xd7\x8eZt`\x08\x03DqM\x0d\xc8\
\x99\xae,\x1cp\xf7=\x22\xda}\x16\xd0\x16\xb1\xda\xe7\
K^i\xba\x0f\x00)u(\xb5\xb6t\xd1\x80\xbe\xd7\
\xb7Wh\xad\xf8\xc3\x1f\xff\x06\x8f\x8f\x9f \x08X\x96\
\x19?\xfd\xfcg\x00@^V\xb26C8\x00\xc0C\
\x0e9\xe4\x90C~;r\x00\x80\x87\x1c\xf2}\x8b+\
\xb8\xaex\xffK\xe4\xd7@\x06|\xd4\x99\xf6\xc7M\xd9\
\xe1\x8f\x0f'\xb1e\xda+L\x0e\x12\xecu05\xfd\
\xcc\x01\x09\xd3\xd8\x0c\x0ct\x83C\xddL&\x9b\xaf2\
\xfa]jE\xa9B\x9b\xa2\xc7\x82\xab)b\x0a\x90e\
c\xdfs\xcd\x80G\xd0\xac\x15\x82\x80h\xc0\x89*\x01\
\x0c5sb\x01Mu\x97%c]W\x9c\xcf4c\
\x15\xa1\xff\xbe\xbcf\xc0L\x02\x8b\xb1\xf2\xa2\xf9\xd8s\
pQA\xe5\x95\x81\x01*\xfaql\xac\xa0y\x9e\xa9\
\xac\x0a#\x92*\x08\xb6-\x06 \xf4=\xfd%\xa92\
\xd0H1\xd3\xdbjN\xf1\x83\xd0GZq_J\x06\
B\xaa*\x1e\x1e\x1e\x00Hs\xce\x1eB0\xb6So\
\xfd\xacX\x0b}\xe9-\xcb\x8ai\xbaaYV\xbc\xbd\
\xbd\xd1!}?\xe0\xf1\xf1\x01\xf3t\xe7\xf5Y\xd4W\
\x09\x81\xce\xdd\xbb\x0e\x08b&\x98\x05)E\xb2O\xcc\
l\xb1Z\xe4\xe3\xeb\xf5\x86\xa7\xa7'\x1e+\x15_\xbe\
|AL\x11\x8f\x8fOx{y\xc6\xef\x7f\xff{\x94\
\x92\xf16\xcd\x08\xb5\x00\x15\x18\xce'\xbc\xbc>c\xe8\
i^\x19\x02\x83u\x5c\xdf^\xd1\xc5\x84\x0a\xe0\xfcp\
F\xdfu\x98&2\x13\x9f\xbf~\xc3\xe9|A\xd7\xf7\
(y\xc5\xa7O\x9f\xf0\xed\xf9\x19\xf3t\xe7\x98\xec|\
1\xba\xf9\xf0i\xe8i\xbe9\x9e\x11\x13}\xaaq|\
w Ue\xc4\xc9u\x99\xb1\xae\x0br&\xc3+\xa6\
\xce\x18\x22[deNn\xce\xe16\xef\xdb\xd7__\
M\xef\x96\xcf\xee\xf4/R\xee\x13\xfa\xc4\x82\xbekk\
[\xc7\xef\xd8\x81\x1f\x98\x84\x96\x95\xe0\x1f\xd9}\xbag\
\x0e\xabr]XY\xd5\x22\x8d\x12\x14d\xa99\xaf\xc8\
6\xdf\x04d&\xd1\x1c\xd0@\x8a]y\xb5:\x9b\xd7\
\xc1\xc0\x0d\xccs\xa0P\x8c\xb9\xe8\xad\xf4\xb6\xab\xd2\x97\
\x96\xa7g\xfe\xdd\xb5\xec\xd8Z\xea\xe9D\x1b\xb3\xab\xaa\
B\xab\xe5m\xa5\xd3\x97Zu\xb6\x95\x05\xecP\x01\x96\
\x99&\x94A\x04}J\x8c\x00\xdbu\x04V2\xcd\xfd\
\xa6iB\x978\x97B\x88\x88]\xb2\x17\x14\x5c{\xd5\
\x00\xaf\xdf\xfd\xf8;\x9cN\x97\xcdL\xd7\xcd\xf7c\xc2\
\xed~\xa3\x9fAc\xf3}\xf9\xf9\x0bRJ8?>\
\xa2\x8b\x09\xb9\xac\xcd\x14w\x9a\xc9\x82\xe350Rm\
\xc94\xe5\x9c\xe7\x09\x02\xc5\xa7\xcf?\xa0\xd6\x0c\xb56\
x`\x02\x05\x83[\xac+#\xe9v]\xc7 =\x06\
\xfe\xf5}\x8f\xbb\xf9\xfe\xec\xba\x0e\xaa\x8c\x1c\x9c\xcd\xb7\
\xe8\xba\xd2_a\xd7w\x98\xef\x13\xcd\x9b\x13\xf7\x1f-\
\x05\xf32\x9b\xffC\xeembn\x03\x14\x8a\xae#\x1b\
j]g\xdc\xefw\xcc\xcbl\x8c4\x05\xa0\x88)\xa1\
s?\xa5\xc6t[\xd6\x15\xf3\xbc\xa0\x94\x95/82\
Yq\xb9\x92\xa5\x9c\x9c\xdd\x99h\x86\x1f\x03\x01S1\
\xf7\x07>O\x00\x03\xed\xb0M&UE\xb0\x99\xb1\xcd\
\x05?mp\xa4\xda[+\x11@\xab\xcd=\x05\xaa\x01\
\xee\xb6n8W\xb7{\xc4\xe6QU\xc9$VE\xcc\
W\xaco?\xa1\xacw\xacyEE@Hg\x84H\
V&'/\x01@\x89\x1d*\xf8\xd2\xa1\x1bF\x9c.\
\x8fxx\xfa\xdc\xdc5\x94L&\xb3\xc2\x829\x89\xa0\
\x96\x8ae\x9e\xedE\xcd\x88~\x1cPk\xc52m\x91\
\x7f\xa3\x05\xe4\xe0\x1a\xdc\xad9\x0b^!\xc6\xaaC\x10\
D\x09\xe8\xfa\x1e\x12\xa3\xb1\x01W\xc4\x14q\xbb\xdf\xa1\
\x15x\xb8\x5c\x0c\xe4\xa4ym.\x19\xf3<\x91\xa5*\
 c.\x06\x8c\xe3\xc8\x97fP\xd4\xca@<!D\
\x9c/\x0f\x80*\xaeoox}{c\x80\x9b\x8ek\
\x83\xeb\xb0\x18\xab42\x9as`Y\x5c7\x11\x01\x01\
\xcb:cY\x17\xf3\xf1*\x00\x04k^1M3\x04\
\x01OO\x0f\x18\xc7\xb3\x01\x9b\x19///(\xa5\xe0\
\xe9\xe9\xd1\xcc\x9c\x09^\xce\xf3\x04\x11\xb2pa/\x1c\
c\x8cX\x97\xc5\xe6{o\xbeq\xaf\x88!ro3\
P\x99k\x90uWk\xf3<\xf3\x9e\xfd\xc7?\xfd\x11\
\x0f\x8f\x9f\x01\x05\xd6u\xc6O_~\xb2\xcd\x96\x8cN\
U=\x00\xc0C\x0e9\xe4\x90C~;r\x00\x80\x87\
\x1c\xf2\xfd\x8a\x9a\xc2\xed\x00\xe0\x7fNi\x0a\xb8\x98\xca\
\xbe{\x9aU\x180\xe7\x0a\xbb\x00\x04\xf26\x05\xfe\x9d\
\xa6oi\xa8\xac\xa9\xa9cdb\x00\xfe\xd0\xed\xd5\xf0\
\xbc\xb8bo\x0a\x1bs0\xd2\xaa\xb3\xa6\xb4\xb2\x1e\x9a\
+\x9a\x7f\xbf\x1d\x13\x09\xce\xb42 \x00\x95\x80 \x8c\
\x0dRTQK5\xf3<\xb2m\xd4\xcc\xb6\xc8  \
\x08R+\x19D\x90\x8d\x09V\x0aA2\xb2V6v\
\x15\x95\xb6\x82\xe1t\x82:\x83\xafT\x04S^\xab*\
\x96\x95N\xf6\x87\x8e\xa6\x83!\x1a\xcb#g\x02{\x95\
\xd7\xb3\xac\x04\xe0\x9c)Tk\xa5\xbf\xa4u\x01\x04\x18\
\x0cd\x0c!`\x1cFKS\xf0\xc3\xef~\x87\x946\
\x00p\x99'\xbc\xbd\xbd\xe1z\xbdb]\x17\xac\x99@\
\xc1\xd3\xd3\x13J\x01\xa6\xdb\x0d\xa7\xf3\x88\x10\x02\xde\xae\
W\x08h\xbe\x15##W\xd6Z1\xcd\x04\x10R\x8a\
\xe8\xbb\x84\xeb\xf5\xd6\x18 \xebB3\xc4\xbe\xef\xf0\xf3\
\xcf?3:\xb1*\xce\x97\x0b*\x04}\x0a(k\xc1\
\xd7o\xdf\xf0\xf0\xf8\x88\x92\x0bN\xe3\x00I\x01\xaf\xcf\
\xcf\xb8\x9c.\xa8\xaa\x98\x96\x19y-x|\xbc`]\
\x16\x9a\x8d\x9dF<\x7f\xfb\x86\xeb\xdb\x1bN\xe73M\
\xff\xcc\xbf\xd4\xba\xae\x90\x00\xc4@\xf31W\xb8\xef\x13\
\xc1\xce\x14\x05\x9f\x1e\x1f\xf0\xf0\xf0\x88\xc7\xa7\xdf!u\
\x03\xe7\x96`\x07?\xd9\x5c\xb2\xf1\xab5#g\x82\xb6\
dK\x09N\xa73B\xa0o*\x00\x04\x0b\x00\x00\x9b\
i\xb9\x95\xf2n\xa9\xec\x81\x0a\xc5/\xaa\xc4\xc7C^\
Vc\xca\xd9\x1a\xf2y\xb5/o\x13\xcbc&\xb9\x1f\
\xcf\xf1\xba*#\xf8V\x02a\xbe\xb6J3i'x\
]-0\x01\x0f\x02\xa8\x8a\xb5Z\x94e\x0b\xf2\x01\xa5\
O.\x18\xc8\xb0}\xb2m\x0aF?\xe5Plmf\
\xdf\xd2\x97\x98\xef\x1b\xdc3\x9c\xd0\xbb\x81~\x02\x85\xf9\
\xebo\xfb\x0f\xf9}n&I \xd0_\x14Xa\x88\
\x08\xd0\xe0\xde\x0c[\xf7\xb1\xdcJ\x90\xb3\xd4\x0a-\x04\
?\xf9b\x80A\x16*/wk\xb3\xc2\xe6\x02#\xa6\
:x/\x00\xaa\x99\xb8\xf6}\x8f\x1f\x7f\xfc\x11\xa9\xef\
QV2\xe9\xee\x13\x03n<<>@\x04X\x96\x15\
]\xd7c<\x8d\xf8\xf6\xf5+\xc6q\xc4\xd3\xd3gH\
\x10\x06*1@\xa2\xd6J\x16\xb1\xb1\x8dSb\xf0\x8d\
\xb6\x9f\x05\xa0\xef\x06\xfa\xefS\x06Y\x08\xcd\x97\x22\x19\
K)F\xa4\xae\xc3\xb2.\x98\xef\x13\x81\x10c$B\
\x84\x91\x89\x0d\x8c]\xd7\x15\xcb\xec\xc1T2\x9e>\xfd\
@P\xd4\x98n\xafoo\x98\xa7\x09\xeb2#t\x91\
\x81|bB\xea;<?\x7f\xc3\xf3\xb7o8\x0f#\
N\x0f\x0f(\xb5\xe2\xe5\xe5\x1b\xee7F6\x861\x9c\
\x9d\xd5U\x95f\xcc\xbd\xed\x17\xce\x8c\x5cW\x07\x00\xd7\
\xe6\x13\x8f\xfe\xef\xe8\xfb1\x98/<\xb1\xb5\xc4u\xc0\
\x91U[hb{\xbb\xc2\xcf\x81~\x1c\xad!\x1c\xbb\
6\x11\xf8a\x13\xb4\xcd6_7\x95\x80\x16\xc4\xccp\
A [\x8d\x9d\xc8\xb9k\xc7P\x114#\xado\xc8\
\xd3+J\x99\x90\xd7\x19\xb9T@\x06\x84t\x82\xda\xfe\
 !\x00\xb1CL=B\xea\xf8\x17\x22\x10\x22R?\
b\x18G\xb2\x02w`tUe\xa0\x95\xcc\xber\x96\
\x5c)\x8c\xec\xeb\xc7 \x8cz\x1db\x02\x8c\xed\x0d\x03\
\xa2\x92\xdd;``~\xcdd\xa3:k\xcf\xd7\xa4\xda\
:\xec{\xee\x8f\xb9d\xf4\xfd\x80\x14\x19\x10\xaaV\x10\
\x14\x0e\xc0\x9aW\x84\xc6\xb4\xad\x88V\xd64\xdd1\x1a\
\xd8\xbc,\x9c\x7f1%F\x94N\x1dr)\x00\x8c1\
l>D!4\xbb-\xb9\xd8=\xe9D\x96\xea|G\
\xad\x05\x9d\x05\xb9RU\xcc\xf3L\x86\xfbpBLt\
\x13Pr\xc6\xf5\xfa\x86Z+\xce\xa7\x0b\x83\xa4\x98\xaf\
\xdc\xfbm\xc2\xb2.\xe8\xfb\x0eO\x8f\x8f\xf6\xa2\x8eL\
\xc7\xdb\xed\x86\xa1g\xd4\xe4y\x9a1\xdd\xef\x04*\xfb\
\x01\x12\xf8\x12\x8e\xe3n\xfb\x8bY\x01L\xf7;\x00\xc5\
\xef\xff\xf07\xbc\xb7U`Yg|\xfb\xf6\x15\x00\xac\
\xaddV\x1f>\x00\x0f9\xe4\x90C\x0e\xf9\xcd\xc8\x11\
\x00\xe4\x90C\xbeo\xf1\x07\xf6\xa6\xb4\xec\xc4I\x0d\xd4\
\x98>\x9e\xfd\xebeS\xc4M~\xa5,W\x92\xf7\xe7\
\x5c1\xff(\xdb11\x16\x0d\xd50\xd7\x16\x1b\x1e\xb0\
\x83\x07M\x0fc\x8a\x0f\xf5P\x7f3\xb0\xcd@\x08U\
\xfa{\x82\x01\x84\xc1|\xf7\x89E\xf1US|C\xa4\
\xa9j\xad\xc6Sl>\x02yM\xc5\x02\x7f$c\xe0\
\xad\x16\x19W\x1d\x90T2v6e\x94R\x0aM\xb1\
t\xc7f\xf2H\x8db\xfd\xa5Z\x91\xf3\x0a\x11\xe0|\
>\xd1\xe1\xb9\xd2\xa42g\xa6\x8d\x91\x11\x16s\xce\xe8\
\xcc1\xbb\x83(\xab\xf9\x83\x8a)!u]s\x8c\x0e\
\x10T\x14\x01\x9e\x9e>\xa1\xeb\x06c\x1a\x12\xf8(\x16\
\xadS-r\xf0\xe5r\xc1\xe3\xc3\x13\xbe=\xbf`\x18\
\xe9\x04\xbej\xc5\xcb\xf3\x0bJ\xa5\x13\xf8\x9c3.\x97\
\x0b\xa6\x89,\x8a\x94\x12\x83\x15\xac+\xba\x94p\xbd\xdd\
\x90\xba\x9e\x0c\x95e\xc1\xe5r\xc1\xb2\xcc\xe8\x87\x0e\x8f\
\x8f\x8f(9\xe3~\xbbc\x18\x07L\xf7;\xee\xf7\x09\
\xaad\xf3\xdco7H\x14\xa0V\xbc\xbd\xbea]W\
<}zBJ\x09o\xafo\x8c\xe0h>\xcd^\x9f\
\x9f\xf1p\xb9 \xa5d\x0a\xe5\xa5\x99\xa4\x8d\xe3\x80\xbc\
f\x9c\xcfg\x0c\xc3\xd0\x9c\xd0\xaf\xebJ\x856E\x8c\
C\x8f\x87\xa7\x1f0\x8c\x0f;\xf6\xd0/'\xb4\x03?\
\x22\xeeo\xce\xd9\x84\x04U\xb7\xf3\xf8\x95\x09\xe9\xf3\xf1\
\x17\x87\xdb\xd8\xf9\x1c\xb0\x15`\x9e\x19\xb9\x86\xa8\x80o\
\x99\x1d\x00\xdc\xd7\xe2\xf5\xa3\xd5\xf5\xcbkp\xd9\xd6\x1b\
A\xb2j\xc0\x9f\x1d\xf23\xa8\xca\x00\x1f\x00\xd9q\xf5\
c`\xa1\xb60\x09\xda\xf9\xa5\xef\xebn\x00\x82\x81\xed\
\xdeb\xb5\xb5\xb2\xff\xc3\x0e\xc8l\xfdb\xac\x5c_\xaf\
~,\x08\x19W^\xa42j\x0b\xfb\xab\xf5\x07\xd7\xad\
\x83f0\xe6\xb1\xfbv\x14[\xb3l#\x0b\x8bA\x10\
E\x10CD2S\xfb \xc2\x08\xc4\x22\x10\x8b\xc8+\
\xd1\x18\xc2\xc5\xcc\x8cKn\xd1\x85\xf7~\xdc|\x8fx\
{{\xc5\xedv\xc5t\xbfaYf\xe4\xbc\xe0zc\
\x94\xde\x10\x02\xf2J\xe6\xd4i\x1c\x09.\xd95\xce\xcb\
\x8c/_\x7f\xc62O\xf4\xb3h\x01\x89\xc8|\xd2\xb6\
_\x08\x04\xb7\xdb\x1d\x02\xb0\xcd\x81f\xff!\x04L\xd3\
\x8cb\x11\xb6\xef\x13\xa3f\xd7R0\xcf\x13R2\xbf\
\x89\xe6\xbb\xf3\xf9\xdb7\xdc\xefW|{\xfe\x8a\xfb\xed\
\x86\xdb\xf5\x8ae\x9e\x90\xfa\x0e\xb7\xdb\x15\xf7\xdb\x0d\xdf\
\xbe}\xc1\xd7/?\xe3\xf5\xf9\x1bn\xb7+\x96ei\
f\xc0\xf3\xfd\x86\xaf_\xbe\xe0jQ\x99Q\x0bnw\
\x9a0\xfb\xe8\x87\xc0}9\xaf\x0bMU\x97\x19\xe5\x83\
\xcb\x0a1p\xa5\xeb;\x0c\xa7\x11\xc3x\xc2i\x1c\xd1\
\x0f#\xba\x9e\xac6g\xaemk`\x9b\xd7P\x07\xe2\
\xec\x1c\xfc\x86\xe1/\x96\x0c\xac3\x10\x9c\xf3\xc6\xc0g\
\xb5\x179\xbe\x16\x94\xe6\xc0\xbe\x16X\x1e\xa7\x1b\x0c\x1c\
\x13c\x871=\x00-\x90\xba \xd6\x05u\x9d\x88\x1e\
k\x05j\x05\x0aAp\x9a\xed\x13Ht\xb7\x01d1\
\xf2%Q^3\xe6\xf9\x8eu\x99\x91\x97\x05Zr\xf3\
\x05\xbb\xae\xc6`\xb7\x08\xc0]\xd7q\xcd\xec^t\xd5\
\xba\x8b*\x9cY^0\xff\xb2d\x8038\xcb2\xb1\
}b\xc0\x1d\x02\xf3\xd4\xc25\xd5%\xb2\x9b\xab10\
\x154#^\xd7\xd5\x82+U\x03\x04#J\xc9\x88f\
\xce^-\xd2\xb5\x9a\xdfFg\xc1\xe6\xbc\xe24\x9e\xf0\
\xf0\xf8\x88`\x0b8\x04\x9a\xcb\xaefj\xdb\xf7d|\
'\x03\xb2\xcb\xcar\x09\x82\xd3\x8c\xfd|>\xf3>\x97\
\x12\xce\xe73\x99|\x0a\x145\x80\xaeVt]\xc2\xe5\
rAJ\x0e.g\x88\xd05\xc58\xd2t?\x9a_\
\xd1hn!\xf2\x9a\x11\x03\x01\xd5uY0\x8e\x0c,\
\x12\x13\xa3#\xaf\x8b\xf9@4\x96\xaf\x04\xc1<M\x8c\
6?\xd2\xefe2\xc0\x95}\x9cQ-\x18\x08\xdd}\
\xd4\x83\x01x\xc8!\x87\x1cr\xc8oC\x0e\xf6\xdf!\
\x87|\xdf\xa2;\xff\x7f\xff\x1c\x08\xf0\xcf\x0a\xf5\xcb_\
\x95\x1d\x0cg\xca\xff\xfb\xb4\x8a\xf7\xa6WT\x96\xb6\x04\
\x1b\xdbo\x030\xf6U)\x5c\xe1\xdad\x17{\x91y\
\x0c\x18q\x05\xce\x958\x82u\xbcvu%\x08\xa6\xbc\
\x07\x024\x8eu\xb8O\xa7Z\xa9|\xd2\xac*@\xb5\
\x98\xcf\xbf\x0a\xb1\xa8\x90\x80B\x8d\xc8\xe4\xca\x11\xa3\x07\
2\x00G)\x8c8\xdb\xcc\x0e-\xd2b\x8c\x04\xfd\x9c\
M\xe5\xdf\x9d\x997\xcf\x04\xe6\xbc\xbdl\xbf]\xad)\
tT\xbe\xaa1\x05\xcd\xd4\xd7\xca\x8b\x89\x8a\xc6<\xcd\
d[\x04\x02\x8b^\xe64\xcd\x80\x02\x8fO\x8ft\xf4\
\x7f>c\x18h\xae\xe5}\xb6\xae+\x9e\x9f\x9f\xc9.\
\x84\xa23Em]\xa8\xac\x10\xe4\xaa\xa6\xf4\xb1\xaf\xa2\
\xb13\x86\x9e\xe6Y\xee\x9b0\x06\xe0v\xbba^V\
\x9a\x08\xf7\xbdEF\x1d\x10\x83\xe0v\xbfa\x9ei\x22\
YK\xc5\xe9\xe1\x11\xcb4\xe1\xe1\xf1\x11y]Z\x94\
\xc8\x94\xa8\xac}\xf9\xf2\x0d?\xfe\xf8#.\x0f\x17\xbc\
<?c\xba\xcf\xf8\xfc\xc3'\xcc\xebL\xaf\x82\x15\xe8\
\x87\x01\xdf\x9e\xbf\xa2\x8b\xf4'X\xac\xef\xc5XF5\
g3o\xbesl\x94>\x18\x1f\xc6\x1eO\x9f\x9e\xf0\
\xe3\x1f\xfe\x0d\xban\xb0q\xfe\xeb\x84\xe3\x981Ow\
c]\xa1)\xa3\x5c\x0e\x04\xa0`z\xfe\xe6\x08\xf3\x9f\
\x10\xc7\xccw\xc0Z\xdd\xf9\x97\x14c;\xb9\xecV\x14\
\x00\x10\xc0\xb4\xb6mk_\xed\xef\x83\xcf=\x13\x82z\
\x04\xfa>\x02|\x04\xc68\xe9\x1d\xe0\xaa\xc6>\x15g\
\xfc\x99\x19\x22\xd3\x93\x8d\xd4\xd6\xa3\xf9\x11\xe4w\x07G\
\xb7\xfa\xb7O\x03\xe0\xfc\xb7\xafW\xfb\xac\xfb\xbd\xc3\x00\
\x17\x02\x07\xbb=\xc0\xcb3\xf3n\x11!\xc8\x17\x98\xae\
T\x02\xe9\xf4y\xc6\x97\x01\x01\x82jl1m\xec^\
\x9a\x88Zm\xc0\xbb\x97\x16|9P\x8c\x1d\xc6T\x0c\
\xa0\x03['\x00\xfd\xb3\xa91\x88!\x82\xd1\xd6\xd3l\
\x11Xc\xa0I\xae\x9b\xa4\xab\x12\xb4\xeb\xfa\x8e\xc1o\
\x0c\xf0\xadf^;[\x84b1\xbf\xa2di\x81\x91\
NE,\xaa)\x83k\xa4H\x13\xff\xf1tB\x88\x11\
\xd3\xfd\x8e\xaf_\xbf\xa2V\x06:\x89\xf6\xe2\xe2\xf5\xf5\
\x15!\x08~\xfc\xf1\xf7\x10A{\x010O3A\xc2\
Z9c\xaaB\xccg\xe0<M\xa89c\xad\xe6\x1b\
\xcd\x801F\xb7%h\xea.\x08B\x8ct!\x10#\
\xf7\xa4\x9diy\xeb]UF\xb1\x85\xfb\xcd\xb4{\x05\
\xadQ\x11\x10\xa0\x02\x1b\x173\xdc\xdd\xed\xfb\xdb\xdd\x03\
\x00\x08f\xc3\xe6\x8c\xcf9f`\x19\xac\x93\xfb>\x0c\
X\xe6\x16ky\xedV\xd6\xda\xa1\xf4\xe4\xa7\xb0<v\
\xaf\xb1F0\xbdU\xc1\xb9+\xa8\xb0\x17peF\x94\
\x82\x87\xae\xe2\xf6\xed\x1f\x18HC\x15\xa5\xac\xdc\xbf5\
@\xe2\x08\xa4\x0e\x12\x12\xc4?cG6\xb1\x92q\x0e\
\x11\xc4.!u#b\xd7\xa3\x1fO\xe8\x86\x11\xc30\
\x12\x98K\x1db\xa0?X\xd5\x02-\x95\xacT\xe5~\
\xcd{\x0c\xa3*\xa7\x8e>KCs\xcf\xc0\xf5\xce\x17\
\x1a\x91\xf3\xce\xd6\x8b\x16^\xc70\xd0\x17d\xce\xdc#\
\xfaqD\xea\x07\xa8V\x5c__\x18\x90\xe9\xe1\x11\xa9\
\xeb1\xdd\xef\xf4\x1f\xf8\xc8\xa8\xc2\xbe\x0e\xee\xf7\x09]\
\xdf\xd1\xaf\xde\xba\xb6`>\xbc'\x0ab\xa0\xb9{^\
W\xa4\x8e\xd1\xa1E\x18\xbc#\xa5\xd4\xf6\xce\x10\xf9\x92\
l]W\xbe\xf0\xb12\xb6\xf5)\x98\xa7\x19\xb5\x16\x5c\
.\x0c,\xe3\xcfC)\xf5\x90@3\xe2\xfd\xbe&\xe0\
}L\x84\xa0\xfa\xb2,\xb8]\xdf\x10\x84`^\x8a\xf4\
\x05\xd8\xc0\xbf\x95~\x10\xb5\xd0\xd2\xa2\x1fz\xdc\xa7;\
\xa2\x04\xac\xeb\x82\xd3x\xc2\xef\xff\xf07\x88\x1d\xef\xfb\
\xaf\xaf/\xb8_oxxxD\xeai&\xbf\xae\xeb\
\x01\x00\x1er\xc8!\x87\x1c\xf2\xdb\x90\x03\x00<\xe4\x90\
\xef[\xea_\xe1\xffO\xff\x0a`\xf0\xa3j\x05\xcb\x87\
\xbdr%`*S\x86\x7fU<\x8f\xebH\xf6\xa3\x95\
o\x8a.\xa8Z\xb5\xe3\xdetW\xc4\xd5\xfc*\x09,\
\xf0\x86\x9d\xaf\xae\xf0\x99\xa2\x81\xc0\x07\xfaV\x8f\x01\x13\
j\x8aMcF\x98\xf2\xe6\xc0\x96?\xfc\x87\x18\x9b\xd2\
R\x8de&\x12XwC\x0e\xdd\xcc\x9aL\x82\x98h\
\xc2& \xe0\xb0\xccwS\xd0\xa9hPWd\xbeb\
\xfe\xfb\xba\x8e\x811h\xfaV\x8c\xf1\xb3\x01?kf\
\x14\xdb\x10i*\xab\x16\xf5\xb1X\xb4G\x02\x8d\x16!\
2F\x94\x9c1\xcf3\xcd\xf6\xd6\x19\x00\x99!\x04\x12\
h\x1ax>_\xd0\xf7\x1d\xc6\xd3\x99>\x05M\xa9R\
U\xdc\xeeW\xdc\xef7\xbc\xbc\xbc\xa0K\x8c.\xdcu\
\x1d\x82\x00\xf7i\xa69c\xd7\xa1\x96\x82i\xa6\xe9\x96\
*\xf0\xe3\x0f?\xe0\xf9\xe5\x05\xf32\xe3|>\xa17\
\x05\x87\xa6id)\x9e\xc6\x13N\xe7\x13\xfd3\x89`\
\xba\xcf\xc8eE\x97:\xbc\xbe\xbc\xe0\xf2\xf0\x08\xd5\x8a\
\xcb\xe5l\xce\xe3\xe9\x98\xfdz\xbd\xe2\xe9\xf3\x13jQ\
\xdco\xf4?\x18\x02}\x19Ry-\x88!\xe2\xed\xed\
J`d\x88\x8c<|\x9b\xf1\xc3\xef~\xc0\xb4\xcc\x9c\
#\xa5`\x99g\xa4\xaeC\xdf\xf7xy~F\xa9\x05\
\xe3\xd8\xe3<\x0e\xf8\xe1\x87\x1f\xf1\xbb\xdf\xff+\x9a\xdc\
\xfd\x0bE\x0d\x04\x5c\x16\xfa~*\x99l\x90\xce\x14m\
NO\xb2\xc5\x5c\xd9|\xb7.wk\x0a\xc6\x12UU\
F\xad\x14\xf3Uhk\x99\x00 \xcb\xd8K[}\xc6\
\x1e\xfcX\xa6\xa7\xb2D\xdb\x11\x072\xac^\x00\x0c\xea\
\xe1@\x99\xa5\xe1:\xd81\x04\xcd\x97e5\x86\x9b\xba\
\xd9\xb0\x04\xe4J\x96\xaa\x9b\xc1\x13$1\xf6\xa0\xd5'\
\x16\x81\x14\xd6F\xee\x03\xee\xa9\xd3Mw\xf9'\x06\xf4\
i\x03\xfb\xb6v\xbf\xbb\xbaw{\x90\xd5i\x0c0_\
W\xce\x16#0A?\x85,\x8b\xfbE5\x90H\x94\
\x90 \xbc\x0f\x85~\xe9\xac\x81\xec\x13\xabO\xe1 \x90\
\xed:\xbb\xbeW\xa0\x01\xc0\xecG\x9a\x14\xfb\xde\x11\xec\
\x9c\xf7\xbd\x03\xfb\xcco;_5\x7fr\xc1\x99\xa04\
\x8d\x94\x10\xc8\xc4*4\x05\xde\xda\xca^I\x91A\x11\
\x08\xde3\xf0\x90@\x08\x98T2\x91\xaa\x81\xca]J\
-\x9f\xcf5U\xb5\xfe\xb1\xee\xe4E\x1a+\x95~\x12\
\xd5\x80\xdf`,J56\x9a\xefI\x10\xfa\x93#\xbc\
j\xe2hYc\x89\xfa\x9e\xbf\xcdk\xa6\xdd\xdd\x17\xc4\
\x1ba\xa5\xb8\xf9n\x03\x12y\xdd\x0e\x12\x8b\xfd\xa9\x03\
\x93^*+\xb2b\xac|\xe1\x81v\x1f\x81\xec\xe6\x05\
[g\xc9\x1b\xf8\xd8\xe6\xb1\x15\xdd\x82~X?U\x10\
\x84\xd6\xf5\x8e\xa1\x0f\xb8t\x82\xdb\xb7\xff\x05\xcb<\x1b\
\xdb:c\xc9\x5c?\x90\x08\x89#$\x8d\x08\x0e\x00\x06\
\x8e\x87\xe1\x91\xbc\xc7t=\xba\xf1\x8c\xd4\x0f\x081!\
&\xba\x86\xe8\x87\x1e\xa9\x1b\xe8\x031\x91\x19\xc8\xb9%\
8\x9fN\x881\xa1T\xee\xd9y]\xad\x8d6W\x0d\
\x14\x87X '\x04\x90\x0c\xcf\xb1\x0c\x81`\xb7*P\
,\xaaw\x90\x80\xe1tBU\xc5\xdb\xeb\xebv?\xb4\
\xfe\x0a\x16u\x17v\x8f\x14\xf3\xf1(f\xbe\x9cWc\
\xab\x0aPr\x85Z\xa0\x10w\x81\x91b\xc2\x9aW\xe4\
\xcc N}\xcfh\xc1\x1bKWQ\xf2\x0a\x05M\xf4\
O\xe3\x88\x92\xed\xa5\x98\xbd\x90\x9b\x97\x05\x0f\x973\xfa\
\xc1@\xf7i6 \x91\xd1\xb3\x85\x03M\xf3s\xf3\x8b\
\xb9\xe6\x0c\x85\x22 \xa0*M\xcf\x05\x82\x87\x87\x07\x94\
\x921\xdd'<}\xfa\x84\xdb\xed\x86\x92\xe9kq]\
WL\xf3d\x13J\xf0\xf0p\xc1t\xbf\xe3t:\xe3\
\xe9\xf3g\xc0\x22q\xff\xfc\xf3\xcf\xe8R\xc2\xf9|\x01\
\x00L\xf3\xcc\xfb\xf2\x01\x00\x1er\xc8!\x87\x1c\xf2[\
\x90\x03\x00<\xe4\x90\xef[j\xa5/\xa5\xba7\xd3\xfb\
+\xc4\x15\x9e\xf7\xa0\xc1vn\x7f\xdc\xd3~\x14\x85k\
^~`\x97nw\xfc}n><\x8b)\x91p\xb6\
\xa0\x9d\xa5\x92\xb5)\x8a\xb0tb\x0a\xb8\x19\xe96e\
La\xf5\x0a\x9ar\x07\x18\x80f\x8a|\xa9\x04(\x08\
R\x10X\x0bb\x0e\xd5- \x82\x9b\xf0\xaa\x162\x1f\
D\xd0w=\xc4\x98\x13\xaa\x15)\x110*\xa5`-\
\x19]\x88\xcd1y?\x8e\xc8\xa5`\x99\xe9\x8b/\xa6\
\xc4\x08\xaa\xf3bL\x9f\x11\xa52\xc2f\xc9\xb9\x05\xd6\
p\x93^gdL\xf3L\xa0\xd1XF~N\x8c}\
'\x10,\xcb\x8au]0\xcf3j\xad\x18F\x9a:\
Q\x89'\xdb`\x18F\x9cN4\xa9zz\xfa\x84\x98\
:\x06T1\x85\xf1\xe5\xe5\x1b^^\x9f\x91\xd7\x82\xbf\
\xf9\x9b?\xb6\x00\x01\xb5\x16\x9cNgL\xf3\x8c.%\
\xdcn7\x08\x14O\x9f>aY\x16\xf4}\xc2\xb2\xe6\
6bZ+\x83\x97\xe4\x15C? &\xfa\x08,9\
\xe3~'\xb8G\x86\x96nN\xeb\x8da\xd2u\x9d\x99\
\x0a.\xe8R\x07\x91\x80\x14\xe9\xf8~\x9e\x17\xfc\xf8\xe3\
\xef0\x9eO\xf8\xc7\x7f\xfcG\x88\x08\xfa\xae\xc3\xfdv\
o\x80\xd2\xa3\xb1N\xfa\xbe\xc7\xbc,\xb8\xbe]\xa1Z\
1\x0e\xe6\xfbO\x81\xb5dh\xf5\x08\xcc\x11C\xdf\xe1\
\x0f\xbf\xff#>\xff\xf8\xa7_\x9d\xfb\x7f\x8d4\x90\xa5\
0B\xee\xb2P\xc1K]B\x10\x9ab6\xb0\xc1f\
r\xad\xf4s\xe5c\xe9Jw\xce4\xd1K\x06\xca\xe8\
\x0e\xc8\xaf\xd5|Q\x9a\x89\xa0\xe7!\xf0\x83\xb6\x8e\x5c\
\x1c\x84\xe2\x19\xb0f\xdd\xafu\x1e\x83-\x195f\xaa\
\x9b\xaf\xc2\xea\xac\xea\x00 \xfd\x9e\x85\xc09_\x0c(\
\xc9\xcb\x06V\xaf\x0b\x03Up\x1d\x124\xf1\xf5\xcc@\
#\x84d\xbc\x0d\xc1\xbf\xdbK\x81\xfd\x96\xe1\xf3\x17\xaa\
P\xe1u:\xa0\xe6W\xe4\xfb\x9c\xf7\x83\x97\xbb\xffT\
3\xc9g6a?\x89\x9b\x98Z\x85\x22Pe\x7f)\
\x18\x88\xc0\xcd\x1f\xb9\x97\x04\x04\x8b|\x0cldN\x05\
\xfb\xc4\xebi\xedU\x83\x8e\xdcL\x19f\xd2l\x11@\
\xadq-m)\x15\xb9\x98\xffA\x1f\x1f\xabZ\x1bc\
\x99{\x16\xb7\xb6\x005\x13\xe1\xaa\x1exCQ\xad#\
\x05[\x9bD\x80`\xfe\x1f\x1d`\x86\xd07\xe9\x06\xb2\
\xb1,\xbf&\xff\xc6\xb9E02\xb8\xb9\xadXp\xa6\
\x16\xf4b\xeb\x7f\x97\xea\xc7\x94c\xee\xfd\xcc\xf1c\xba\
-9k$#\xdc\xe7\xb2\xba\xe3X;k}\xeb\xdd\
&\x04\xde\xacTK\xe1\xbfv/\xa5\x8c\xdd\xe7\xa9\xbc\
6\xbeD\xf2At\x98\x8f\x11|\xdf\xcdQ6\xc1\x9a\
o\xe3ey\xb6\xe6s]\x890\xe0\x14\xc7#\x03\xcb\
\x0d\x0f\x97\x13\xcec\x8f\xf9\xf9?\xe2\xfe\xf6\xcd\xd6\x97\
\xd2L\xbcd\xba\x93@B\xe8\x06\x84n\x84\xc4\x1e*\
\xc6B\x07\xa0j\xc0u\xea\x10\xfb\x81\x01UN\x17\x84\
@\x96\x5c\x05\xf7\x10\xfa\xdf\x8b\x88\xa9\xc3\xd0\xf7\x88!\
@b\x04\xeav\x9f\xcc\xebJ3X\x03\xc4\xc9$\xed\
[\xdf\x08\x02\x10\xf8R\xad\x9a_K\x04\x06\xc6\xaa\xb5\
\xe0v\xbb\xa2Vm\xe0\x17A\xbb\x88\xc9\x01\xb6\x8e\xfe\
\x18c \xf8[r\xc1\xb2\x98\x9f\xd8\xf1\x84\x92\x09z\
\x07\x11,\xcb\x84u\xcd\x18Nd1f3\xe9]\xcd\
\xf7\xe3\xe3\xf9\x01!u\x04\xab\xe7\x85/\x86,(\x8f\
G\x06\xae\xb5\xe24\x9e\xda\x9c\x9a\xe7\x190\x7f\xbb1\
\x0a\x86a\xe0|\x85 \xa4\x88\xeb\x1b]I\xb8\xc9/\
\xec\xde\x9d3M\x8b\xc7qd\x04\xf8\x18\x08\x0a.+\
\xd2.\xe8\xcd\xc3\xc3\x85L\xbf\xc8\xf6\x96\x5c,H\xca\
Bv_J\xe8{\xf3\xa9\x18\x02\xe6i\xc2\xf3\xf33\
\xd4\x00\xf9\x9cWd{\xb16\xf4\xe3\x01\x00\x1er\xc8\
!\x87\x1c\xf2\xdb\x90\x03\x00<\xe4\x90\xefW\x5c\xe1\xfb\
O\x05\x00\x7f\x0d\x00q\xe5\xc9\xa5)\xc0\x1f\x8e\xc3U\
5\xd94y\xaaTvn\xa7}5\xfd\x8e*\x06\x95\
\xb9\xad\x10\x1e\xddkk`y.\x0e\xfa\xb9\xc9\x9e'\
k\x00\xc0.\xd2!\x959m\x0apU0\x92\x9f\xb3\
\x13B\xa0\x82\x1b\xc8\xb4+f\xbe\x065\xf0\xa3\xd2\xa1\
z\x08\x01}?4F\x9e\xb3\x03a~\xf7\xc4\x94$\
\x11\xc10\x9eQk\xc5l\xec\x80\x10#$\x05\xd4\x5c\
\xe8d\xbd\xf9\x22*\x04\x8bj\xa1\x92b\xe6\xaa\xce\xe8\
\xa1\xd9\x95E\xfd\xb4\xb1\x1d\xc7\xd1\xca\x9e\x1b\x90\xe0c\
\xde\xc6D\x0c`[W2\x1e\x84\xca\x90\xaa\xe2\xd3\xd3\
g<}\xfaLe\x1e45\xbe\xdfo\xb8\xde\xde,\
\x92h\xc0\xf9r\xc1\xf3\xf33n\xd7+\x9e>}F\
\xdf\xf7\xf8\xe9\xcf\x7fn\x91\x18\x1f\x9f\x1e\xa0Z\xf1\xf3\
\xcf?\xe1\xd3\xa7O\x10\x09\xb8\xddn\xc6\xfc\x00\xae\xd7\
+.\x0f\x0f\x18\xfa\x01o\xd7\xb7f\xa6\xd5\xc5\x0e\xfd\
\xd0a]VH\x0c\xe8\xbb\x1e\xcb\xfd\x86y]\xd1\xf7\
\x03\xe6e\xc6\xeb\xdb\x1b\x9e\x9e\x9e\xe8+\xaa*\x96i\
j\x11\x97\xe7yF?\x8e\xf8\xf6\xed+\xc6\xd3\xa9\xcd\
\xb3\xdf\xff\xe1\xf7\xf8\xf2\xf5+\xba\xd4#\xc6\x80i\xbe\
\x1b WQ\x96\x15\xa7\xd3\x08\x09\x01\xab\xf9-\xac\xaa\
H)\x22\xa5\x80\xd3\xd0\xe1\x0f\x7f\xf8Wx\xfa\xe1o\
\xd8w\xff\x89\xe2}\xaf\x16\xcc`Yf\xe4\xbc\x02\xc6\
\xba\x0a\xe6\xbfN\x15f\xfe\xa7d\xed\xec\x80<\xff\x8b\
\xe6\x8fJ\xdda\xbf\xf9\xde\xc3\x0e\x84\xd9\xd7\xe9\xf3@\
\xc4\x99Q\xdb:\xc5\x8em+;\xf6\xa1:\xe8a\x00\
\x07\xcf\x11\x84\xae;SM\xb6\x95>\x0ek\xb5\xb5e\
\xec\x1b5\xffw\x8b\x05\xaa\x10c\xbc\xf0:X=\x0c\
\x88\x821\xa7\xc4\x00\x19\xbf\x1e\xbb\x12\xfe\xf7+&\xd2\
\xde\x0e\x1bl\xa8\xedS\x22\x04\x19\x98\x06[=\xbb|\
\xfe\x87\x9d\xf1su\x00\x07@0\x1f\x04l\x13\xc8\x8c\
\x22:\x02\x11\xb6\x15U\x91\xcdT]\xb7\x8e$\xa0\x07\
\x02Z\xcd\x0f\x9d3\x1b\x9d\xe9g`\x12\x0c\x08c\xb9\
\x1b\x10\x1c\xfc7\xe8\x13O\xd5\xe7\x82\xf1\xd6|\xac\xec\
\xeb\x06\xe7R\x1aG\xce^\x5c\xc8\x1e\x14\xdb\x8d\xf3\xc7\
\xf9\xe2\xdf\xdf\x9d3\xa0\x84`\x0aK\xa6?=\x9b9\
>\x9f\xdaH\xb0\x0e\x01\xd8^\xdf\xb7w}nG\xda\
\x98\xf3;\xcb\xdb\x9a\xc2\xd2\xfcw\x83\xb0\x9b\xff\x07\xb6\
\xc7\x99f\x9e\x03\xca4\xda\xe6\xf4\x87\xb9\xd3\x0a\xdc1\
n=\xa3\xf5\xd7\xd6\x9d\x9cc\x02\xbe\xc0\xa0\xc9\xb1\xa7\
\xdf\x01\xaam.\xfbu[{\xfc\xda P\xd8z)\
+b\x9e\xf1\xf4\xf4\x88~H(\xd3+\x96\xeb3\xa6\
\xeb\x0b\xcaj\x91\x95sF\xa9\x99\x06\xe7\xa1\x83\xf4#\
$\x9d!!r\xbe\x1a\x90&!BR\x8f`A\x9b\
T\x02\xc1?\xbb\xff\xa5\xae\xc3\xe3\xd3\x13\x19|B\xf3\
\xefa\x1c!1\x22\xb8y\xbaE~?\x9dF\xc0\xee\
5\x9c\xb3d\x19\xab\x05\xad\x9a\xa6\x89\xc1\x80rF?\
\x8e\x18OgL\xb7\x1b\xd6e\x86\x04\xba8\xe8\xcc\xa5\
\x05A>\x8b\xa8\x9b\x18\x00\x8b\xa6\xbd\x9b\x9f\xdbZ2\
\xe7\xb6\xd0,\xbe\xb3\x80Q\xcbt\xe7=\xcf\x19\xecf\
\x92[,\xa2\xf1\xe3\xf9\x82\xd4\xf7\xb8\xdf\xeft\xb3Q\
+\xfa\x91l\xc0\x18\xe8\x03WU\x11c\x00$\x1a\xf3\
: \xc4\x80\xeb\xf5\x0a\xd1\x8aa\x1c\xb0\xd8K1\x09\
\x01\xaf\xaf\xaf\x18\xfb\x01}\xdf\xa3\xc2\xf6Y\xf3\x8f\x98\
,\x0a\xb5\x80&\xc0_\xbf~\x81\x00\xf8\xf4\xc3\x0f(\
\x16\x01;\x9a\xef\xdd\xaa\x8ae\x99\xdb3\xc5\xba.\xf8\
\xfc\xe9\xb3\xddWX\xce\xed~\xc3\xedz\x03D\xcc\xa4\
\x99\xee;\xdcwm-\xe5\x08\x02r\xc8!\x87\x1cr\
\xc8oC\x8e\x00 \x87\x1c\xf2}\x8b\xee\x94\xeb\x7fJ\
\xec\xf9\xbd\x89\x98\xa2\xb4W\xf4\xfe\xa5\xd2\x94\xb7\x9d\xa2\
\xc9C[eT\xa2\xb6\xd3.\x0cH\x01S\xc6\xa8$\
Bij\x06e\xc9\x9b\xa2E\x93-\xb2\x8b\xa8X\xf0\
\xb8kn\x9b\x7f0\x18\xdb\x01\xeeO\x09JG\xean\
\xee\x0b*\xb0P\xb2\x01\xc4\x14\x95R6@-\xa5D\
\x05\x060\x05\x8f I\x05\x19Y`\x13\x01\x00\xc30\
B\x01,\xf3\x0c\xb5H\x9dPg \x92\x89\x13\xecZ\
\xd7y\xc2<O\x18\x86\xb1\xf9\xe6\x8a1B\x8d\xa9\xe3\
c\x02\x03y\xfa\x9e\x0c\xc4y\x9e[\x04\xdeZ\xa8D\
R\x991\xa5.\xf0\x9a\x9d\xed\x10\x02\x95\xbcq<\xe1\
\xf1\xf1\x09\x22\xf4\x17\xe6\xa0\xcf\xba\xaeM\x7f\xbe\xdf'\
L\xd3\x84\xbeKT\xdcA\xc6#\x94\x8a^\xdf\xf7H\
)\xe2\xf9\xf9+\xee\xf7\x09\xe3xi\x81\x07\xee\xb7\x1b\
\x00\xc1x>!\xc6\x88\xc5\xfcN\xdd\xefw\x0c\xfd\x80\
\xd4%\xac9c\x99\x17\xack\xc6\xf5\xf5\x15\xaf/\xaf\
\xb8<<\x10dQ\xc5\xe5r\xc1\xc3\xe5\x82\xbc\xd2a\
\xfc\xd3\xa7O4\x093\x93\xc9\xb7\xd7W\xfaH\xab\x95\
\x91Y\xcd\xec+\xa5\x84\xaf_\xbe`\x9e\x17,\x0b\xcd\
\xb7\xba\x18!6\xae\xeb\xbaB\x01\xcc\xf3L\x06f\x8c\
HQ0\xf4\x1d\x1e\x1e\x7f@?\x9c\xd8\x01\xff\x89B\
e\x9a\x0au\x08d\xe4\xc4H?^\xc5\xccb\x017\
9\xa7\xa2\x08\x9b\xd3\xfbu\xe7J)\xa7?\x95|\x98\
9\x9e\xb3V\x1c\x14vP\xd1\xf3\xb6\xb5\xeb\x0cA\x03\
\x84`k\x83\xa0\xce\xf6\xc7\xb6\x91Q\xa6\xaa\xefM\x1f\
\x95\xac2\x1e7\xb0\xd0 \x0em\xeb\x92\xd5\x11\x861\
_[+\x15~\x02Q;0\xc8\x81\x7f[\x8f\xad\x0d\
\xd6^\xab\x94\xa0\xc0\x07\xa0\x8ci9\xbf\xe1&\xbcZ\
\x18i\xf8c\xb9,i+{\xbf\x17xY\xb6\x92\x09\
.q\x17\xf1}\xc0\xd9\x9cj`'\x8c!,\x81u\
\x13\xfaa\xdfq|\xc8\xe0u61\xd77\xc7*\xa5\
\xc4u\x16\x08\xcc\x10\xd4\x95\x06\xdeT\x0b\xbe\xe3\xdf\xd9\
\x93\xd6\xdf\x06\x04V\x03\x12\xc9\xc2\xb3\xb6:\xd8\xb6\x9b\
?\x9c'\xecC\xe6oW\xccq\x13iQ\xc6\xf7\xf3\
e?\x0e\x02Fk\xddz\x8b\xa2\x16A\xdd\xc1\xe1j\
 \xa7\x9a\xe9\xac\x83\xaa\xfc\xcd\x01\xf11\x14\xef3\xb1\
~\xb3\x9a\xfc\x1a\xad\x86\xad\x9d\x0d\xe6\xf4cv/\x13\
l\xf7\x10eOm\x83o\xe3\xe4\xa5\xa9\x8f/?\x14\
\xc6\x0e\xdd\xf5-\xb4nQ{A\x80V\xb0\xd5\x81\xd6\
\x22/\xbfA\x80\x96\xd6\xc0\xdaV;\xd3\x89\xbd\x5c\xd2\
R\x10\x83\xe2t\x1a\x10\xb4\xa0\x96\x05!&\x88T\xe4\
\x85\xccj\x0eye\xd9>\xdd\x8c\x89\xe9m\xf5\x19\xcd\
\xd9\xe5Q\xe0g\xac\xcb\x8aRV2U\x0dp\x8e\x1d\
#\x9d\xf7#\x19\xd5\xf7\xfb\x84\xdb\xed\x8a.uxx\
|@\xdfw\x88ff\x9eK\xc1\xedv\xa3\x19/\x00\
\x05\x03\xc0\xbc<\x7f\x03P\xe9\xaf\xaf\xa39\xee\xba2\
\xba\xee0\x9e,\xc8\x06\xc73\xa6\x84.y\xd4\xe1\xcc\
6D\xde\xef`\xebn\x99\x17\xbe\x88\xb1\x97d\x9dE\
\x00\xae\xa5\x90-gQ\x85\x19\xb0*!B\xd0\x0d\x03\
\xba\xbeG\xa9\x05\xf3\xba\x10Tt\x7f\x991\x12\x8c\xf7\
\x97#\x00\xe6\x99A\xb8RJ(\x85\xc1;\xfa\x81,\
\xbf\xe2/Z\xcc/\xe6\xf9\xc2`P]\xdf\x01\xaaX\
\x96\x05\x8b\x05\xf9\xf0\x17U\xd7\xeb\x1b}\x19\x1a \x98\
-xI\x08\x01\xf7\xfb\x1d\xaf\xcf\xcf\xb6\xef\x82/\xcd\
D\xcc\xd4\xbab]\x16,y\xc1\xedzm>\x80\x97\
e\xc621\x9a\xf6<\xd3_l>|\x00\x1er\xc8\
!\x87\x1c\xf2[\x91\x83\x01x\xc8!\xdf\xafP\x11\xa4\
\x83\xec_\x13\x85i4\x7f\xe1\xa9\xf3\xa3\xe2\xb7\x97M\
Y\xfb\xcb\xb2O\xf3\xee\x1b\xf5'*W{\xed\xf5\x83\
\x10T\xb0\xc4\xa6\x5c\xc1\x14J\x1es\x8fN\xfc.\xd8\
\x1c\xcb\xef\x15Y\xcb\xd9\x14\x11C\xb2\x00\x07`\x94\xbe\
\xe3`&@\x22T\xcai6\xcb\xe0\x1a\x1b\xb0\xc2@\
\x14\xaad\x11\xc0\xd8\x13\x10\x85\x96\x02\x18\x8bn]W\
\xf4\xc3\x80\x98:\xe4ei\x91\x81\xa3\xb1\x1b\xdcT/\
\x08M\xba\x14\x8a\xfb\xf5\x06\x11\xc1\xf9|\xb6\xe6R\xc1\
\xacu\x8bH\x0c\x03|\x1c\xfcY\x96\x05@\xb5\xc8\x88\
\x91,3a\xf0\x12(\xfd\x1a\xd5\x9a1[DN\x01\
\x99\x89\xfd0\xe0\xe1\xe1\x09}\xd7\xa3\x1f\x18\xadQ\x01\
,\xf3\x84R+\xa6y\xc6\xf5\xed\x8d\xcad.d\xcd\
\x89`^WL\xf7\x09\x97\xf3\x09\xf7i\x82V\xc5\xe7\
\x1f\x9e\xb0\xae+\xf2J\xc7\xf0\xaa\x8a\xd3yD^3\
\x86q\xc4\xf5z\xc5\xf5z\xc3\xe7OO\xa8f\xf2\xc6\
\xbe\xce\x98\xe6\x09\xe7\xd3\x19PE56\x05\x83\x15\x10\
$Q\xf3\x938\xdd&\x94R\x90R4\x7fm\x0c\xf4\
\xd1\x0f\x03\x04\xc0\xd7o_q:\x9f\xc9t\x9cg\xc4\
\x98p\x9bnx|zB\xdf\x0f\xc8\xc6\xf6\x0b\xe6\x8f\
\xefv\xbb\xb5h\xab\xe7\xd3\x88\x94\x02B\x8c\x18\xc7\x01\
\x7f\xfc\xd3\xdfc<=p\x82\xfco,>7\xe6y\
B)\x99\xf3'FBf-\x8a-\x01\x00\x11\x06\xa9\
a>3\xc5\xab\x15\xc1\xe7\x9c\xcf\x91\x06\xfa\x10\x94\xf5\
?(\x03\x16\xb8_\xbe\x18\x13]\xc7\xf92\x00\x99^\
h\x0c62^K\xb6\xc0\x15J3Rm\xecW\xae\
-\xfeq.\x96\x92\x09\x82\x17\x03\x9d\xc4\xd6\x94\xb3[\
j\xb5\xc0:\x9b\x19\xa5\xd8\xfa\xf3\xf9\xed\xfb\xc4\xbb=\
E\xc8\xbe\xda <\xae[_\x03MT\x09\xfe\xf9\xf7\
b{\x82\x00!0R)|\xff\xf1\xf2\xbd\xbfl/\
\x11g\xca\xb9/9\xdb\x22\x007\xe7%\xa3\xcd1\xab\
\xb6\xe7X\xbf\x91\x22f\xd7\x00\xb2yxef\xb6\xbb\
\x07\xbf\x9a\xc9\xf2&\xaa\x04w\xd0L\xac\x0d\xecq\x9b\
_\xe7+\x1axe\xa1/|\x0bk\xa0\xee^Z_\
\xef\x8e\xb5mO\x9b5-\xd0\xe0N\x06\xd7\x80W\xf9\
N\xb69\xc6_\xde\x16\x8a\x03\xaa\x0d\xec\x03+\xdb\x00\
D\xce\xa16\xde;Sap\xa6\xb5\x7f\xf7\xc2u\xb0\
\x99\x0b\xf3\xdf\xed\x22\xd8\x5c\xcb\xdb2s\xbc\xc4\x06\x96\
mn\x17\x0b\xec\xfc\x05\x9a\x8dq\xeb{\xa6\xf2\xc0\x1f\
[\x1f\xab\xba\xbfY\x07*\xad\x1e\x18\xe0\xac\xcc\xcd\xeb\
\xdb\xf2\x00\x15R+\xb4dhY\xd1\xf7\x01\x9f\x1eO\
\x88\xc8@^\xb1\xe6\x02\x95\x8a\xe9\xfa\x82\xeb\xb7\x9f\xb9\
w\xb6u$(\x12\x80\x10i\x0e\x9cz\x00\x91\xc0w\
\x88\xd0\x1dS\xbd\xaa\xd0_\xa5\xdf#!(J7\x13\
\xe38b\x18GLw\xba!xz\xfa\x84\xcb\xc3\xa3\
\xf9\xde#h7\xcd3Yp\x85\x91r\x1f\x1e\x1f\x09\
Je\x9a\xf5>>>\xe2\xe1\xe1\x91l=(\xaeo\
o\x98nw\x5c.\x0f\xe8\x86\x91c-@-\x15\xd3\
tG)\x15\x97\xcb\x05\x80r\xcf\x89\x01\x01\x82u\x99\
\xf1\x8f\x7f\xfeG<<<\xe2\xe9\xd3g\x00\xb0\x17@\
\x13\x86q\xa0K\x8d\xc8\xa0YQ\x02\xd6\xcc{qL\
\x09\xab\xf9\x11]\xe6;\xd9\xe3\xa9CJ\x1d\xd6b/\
S\x8c\xe1.\xf6b\xae\xef{,\x0b\x83`\x0d\xc3\x80\
Z\x81\xd4E@\xe9\x9a\xa1X\x00\x1c5\xb6\xfc<M\
\x98\xa7\x09]\xdf3\xa2t\xa4O]U\xc5\xedzE\
\xce\x1b\xebo]V\x9c.g\x94Z\xf1\xf2\xfc\x02h\
AL\x11y\xdd\x22\xd1W\x9f\xbf\x85liu\xf7\x01\
\xfe\xa2&\x12\xc4\x0c\x89`d\x8a\xf1\x00\x00\x0f9\xe4\
\x90C\x0e\xf9m\xc8\x01\x00\x1er\xc8\xf7+\xea>\xbc\
,\x08\x88+\xc3\xef\xd2\xbc\xfbf\x8a\xac\x00T\x81v\
\xe9~E\xc9\xfc\xe7d\x9f\xc7\x155\x7f\xa8v=N\
x\xf2\x17\xe2y\xbd\x0d\xaeT\xa9V\x1e\x94\xb0Y\x85\
\xed\xd2;H\xe1\x0a7\xb0\x03\x12\xed\xd2\xaa\x9d\xa7\xc2\
\xaa\x00\x14b\xe6v\xd8)\xab\x0c\xd5\xea>\xb6\x08.\
\xba\xe3p\x9a2\x05\xfad\x12\xa1\x99m.dI\xac\
\x19\xb9\x90aG\x80\x91N\xe0M'\x85\x02\xc8\xabE\
\xe55\x93P\x85b\xba\xdf\xd1\xf7\x03\xba\xae#\xa0\x96\
\xb3\x01a\xf4\x9f\xc4\xfa\xc8\xfe\xa2Y\xe9\x82\x10#\xfa\
\xaeCL4\x0f\xab\x85\x0e\xfe\xddt9X$\xc2i\
b\x00\x8c\xaeg \x8fR\x0b\xce\xa7\x07\x9c\xcfg\x5c\
.\x97V\xb6\xaa\xe2~\xbf\xe1\xcf\x7f\xfe\xa9\xf5\xab\x88\
\xe0\xc7\x1f\x7f\xc4O?\xfd#\xd6\x9cq\xb9<@\x0d\
\xb0<\x9f/\xe8\xba\xd4|\x0ev=\x19 \xcbL?\
H\xb7\xdb\x0d\xd7\xdb\x15\x97\xf3\x03\xc6\xa1\xc7\xcb\xcbs\
cV\xf4}\x8fa\x1c\x11c\xc0\xcb\xf3W\xdco3\
\xfe\xf8\xc7?!\xa6\x80o\xcf\xdf\xb0.\x05!\x08^\
^_\xf0\xf4\xe9\x13\xc6\xbe\xc7\xcb\xf3+N\x97\x0b~\
\xf8\xfc\x19\xcf\xdf\xbe [\xe4\xc5\x10#\xba~\xc04\
\xdd\x11\x00\x5c.\x97\xc6\x9e\xbc\xdd\x08\xac\xfa5\xd6J\
\x9fn\xf3\xc4@\x22}\xdf!F:\xd6?\x9fF\xfc\
\xe9o\xff\x1d\xba~ls\xeb?\x87\x94\x92\xb1.3\
\xd6u\xe1\xdc\xf6\x08\xb5 \xb0D\xdfz\xe6\x0f\x10\x9c\
\xbf\x9c\x83\x06:\xec\xe67\xcb\xf3\x005\xce\xee2\x9f\
\x8fp\xf6*\xcc\xdf\x97\xc1&\x06\x92l\xa6\x9eT\xe2\
\x09xWS\xbem\xbez\x9f\xed\x80F\xad\x05\xd5\xca\
\x01\x80l>+[zS\xb2\x1bk\xce@M\xaf\xbb\
\xaa\xa2\x16_o\xb6\x90\x1b\x80\x01\xae\xcbwX\x9f\xad\
K\xff\xe5\xd7\x0aX[l[\x00\xfb\xae\xfa\xfe\xe1\x17\
\xd1 \x1d\xdbKX\x88\xfd6\xb3\x5c+\xc1\xc1;G\
\xc4\xc8,4\xe8\xca\xca\xe3\x19\xdf\xd1vf\xa5\xd6\xe8\
\xed\xb7\xef[V\xd7\xce\xacyw\xb5\x08\xce\xf4\xf2~\
2\xf6a\x13\x91\x06\x04r;3P\x0e\x1bx\xb8\xed\
\x96\x14\xb6\xcf\xfa\xc0\xaezk\xd7\xd6\x1b\x02\xee\xa7\xde\
\xbf\x0e\xcemm\xde\xf2zv\x8e'\x7f\xec\xe7\x22?\
\xb7\xd1P+t\x7f\xad\xef\xdb\x85\x96~\x9b\x06[Z\
&\xb1z \xc6xd{\xb6\xf1c9\xed\xb8\xd7`\
_\xc5\xd8\xaf[\xb9>\xff\xb7\xe4\xde\xbe\xad?\xb7\xbe\
\xacL\xb0\xcd\x87\xe6{\xd1@HEK\xef\xecG(\
\xd7\x08j\x05j\x81h\xc5\xf9<\xe0\xe1\x9c\xa0\xe5\x0e\
\xa9\x0c\xc0\xb1V\xfa\x1e\x9cno\xb8~\xfb\x19\xeb\xb2\
\x82>Q\x1d\x9c\xdf@@I=D:\xf6\x95\x08D\
\x22BL\xa8\xa0\xffG\x9f\xe7\x1bK\x9e\xc7\xb2\xb1\x8c\
cHxxz\x82\x86\x88u^\x08t\x05\xbe\xd0\x1a\
Og\xb2\xdeR\xc4\xf5\xed\x8a\xfb\xed\x86\x87\xf3\x19\x0f\
OO\x18\xc7\x13Y\x82\xc6n}}~\x86\x88\xe0\xe9\
\xe93BJ\x18OtC1\xf9^\xff\xf0\x88\xd38\
\x120\xeb\x12Yu\x93\xb1\x14\xb5\x98\xcf\xd9\x04\xad\x8a\
i\xba7f\xfa\xf9|FQ\xde\xbf\xd4\xfc\xecJ \
\x10'1b\x9e&\xac\xf3\x84\xf3\xe5\x82O\x9f>\xe3\
61\x1a6}\x09z\xa0\x1b\xbe\xfc\x98\xa6\x19y]\
\xf1\xf0p!\xab\xd9\x99\xf6\xaax}}\x85\x82\xc1F\
<r\xef\xb2\xccH)\x91\xd1\x18\xf8\xa2A\xc0\x80!\
Zx\xefV\x03\xd4s\xc9H]\x22K\xbd*\x1e\x1f\
\x1eQ\xcb\x8a\xe7o\xdf\x90R\x87\xd4\xd3\xe7\x9f\xaf\xe9\
d/\xfe\xde\xbd\x9c\xd9\xcf\x7f[\x9f\x07\x00x\xc8!\
\x87\x1cr\xc8w/\x07\xf8w\xc8!\xdf\xb7\xa8\x01\x80\
\xee\x1fgS\xb8\xfe\xb2x\xba\xa6\xb0\xd9\xc7^\xe1\xfb\
\xabd\xaf\xcc7\xc5j\xf7{\xdf\x14\xf3\xd1\xf7\xb1|\
W\xd0\x9aB\x0e4\xa5\x98\xbf7\x90\xb2]\x9f3{\
v\xe2\x0a0\x83\x16TS,\xe8\xf7I\xc5\xea\x87\xb1\
\x18Z\xf4]\x00\xc2\xa8\x99b\xe6EU\x151\x11\x9c\
\x133\x81\x15\x09@\x05\x8af:Z\xf7\xc8\xbc\xa6C\
V3e\xf5\xbe\x8f1\x22\x17\xfad\xf4H\x9cnN\
\x94=\xf2`\x08(\x99\xc0\xad\x04\x9a\x13\xb9?\xbd\x18\
#\xd6u\xb5\x00\x1a\x9b\xef\xa6\x98\xc8,\xac\xc5\xd9\x85\
\x15@\xc0\xd0wX\x96\x85&L]\x07\x09\x82\xfb\xfd\
\x0eU\xc5\xef~\xf7\x03N\xe3\x19\xa7\xd3\xa9\xf5\x7f\xce\
+~\xfa\xe9'\xcc\xf3\x8c\xcb\xe5\x82\x9f~\xfa\x09\xc3\
xB\x8a\x11\xd7\xdb\x1bR\x8c\x18\x86\x81,\xc1\xfb\x84\
\x18\x02\x9e>}\xc6\xba\xaeX\x96\x09\xcb\xba`\x99\x17\
\x9cNg<>>\xe1z\xbb\x22\xc6\x80>\xf5\x98\xe6\
;\xee\xb7\x1bN\xe3\x80\xf3\xe5\x82\xb7\xeb\x15}\x7f\xc2\
\xcb\xcb3\xa6\xe9\x86\xa7\xc7\xcf\xf8\xf4\xe9\x09_\xbf~\
\xc1\xba\xae\xf8\xfc\xf9\x07\x94\xbcr\xbcb\xc0|\x9fp\
\xbf\xdd\xf1\xb7\x7f\xf7\xafq\xbb\xbe\xe1\xdb\x97/H}\
jAL\xa6\xf9\x0eT\x9aq\xa5\xae\xc3\xba.\xc8+\
\x9d\xc9_\x1e\xc8\xe8{{}5fKF\xdfE\xf4\
\x03\xc1\xbf\x10hNvyx\xc0\x9f\xfe\xf6\xdf!%\
:\xc3\xff\xcf)\xde\xdf9\xd3\x04\xba\xec\x98\xa6\xfc#\
\xc3\xd4\xe7\xce_\xb3\x86}\x0d\xf9x:\x83\xca\xcde\
\xa1\x9c\xdf\xbb\x0c\xc6>\xdc\x1dk\xce\xf0\xcd\xff\xa5\xe9\
\xa8\xbe\x9f\x90\x0dX\x1a\xf3N\x0d\x14\x84\x03D\x5cn\
\x9c\xe7\xa54\xb0G\x8dIHF\xddf\xe6\xbaC~\
\x1a\x99N\xde\xed\x17\x96\xce \x97\xfd\xfa\x16;Zw\
 \x1cCTl&\x81\xc5\xccq\x99\xde\x98an\xf0\
+B\xc8\x8e\x9b\x03\xfb\xac\xed*\xd6\x18\xbbF\xeb)\
\x9e\xb1$\xea/\x0b\x9alf\xd3h{O\xab\x9ex\
\xa8\x01~\xec;7\xab\xf6=\x87W\xe4\xd7\xcc\xb2\xd8\
w\x04\xc0\xb69\xc0s^\x17[G\xd7\x02\x0eb\xea\
;\xa6\xdd&,\xdf\xdb\xc9\x0f\xeb?\x037\xff)\xf1\
\xf9\xe9\xb2\xbf^^\x0b\x01,O\xc3>\xc7\xbb\xeb\xd9\
\xd2\x02p\xff\x8a>\x9a;\xc0T\xbc=V\xc5v/\
\xf0\xb9\xed\xfd\x05\xeb{\x03z\x05\xfcn\xd5)+\xb4\
\xbc\xf6\x92\xa8]\xb7\x01\xad\xbfr\xdf\xe3\x9c\xb6\xa3>\
\xd6bl.\xde<\xec\xb8\x03o\x9c\xcfj\x00\xa0\x18\
\x00\x18\xa0\xb8<\x8c8\xf5\x80\x96;PVT\xad(\
^N\xec0\xdf\xaf\xb8~\xfd\x19\xcbLp\xb05\x22\
\x08\x10\x12B\x1a \xb1\xe7}\x09\x04\xc7\x82\x04h\x88\
@\xa0\xef;\x09\x11b\xec\xb2(\x91\xc1>\xec\xe5\x00\
\xd7\x8d0\xb2\xf0n|\xbaa@\xea{T\xf3_W\
rA\xdfY\xe0\x90\x14\x01\x8b\xfc^k\x81T\xbe\xcc\
\x1aN'<}\xfa\x01\xc3id\x90\xa5y\xc6\xfdv\
C\x97\x12\x06\x0b\x0a\x02\x03\xb4s\xc9@\xa9\xd0\xa2H\
=Y\xb9\xeb\xb2@$`Y\x17\x04\xe1=0\x86\x80\
\xb5d\xf4\xa9\xa3\xdb\x0d\xad\x8d)\x17\x03W\xb5\x88\xf0\
~\xd4\xf7\xf8\xf6\xfc\x0d\x0a\xe0\xe1|F\x8c\xb11\x90\
\x97y\xc1\xed~\xc7\xe5|\x86\xaab\x9a'\x94\xc2=\
Kv/\x09\xd9\xb5\xb6'\xee^\x80q\x8c\xb7\x99\x15\
\x84?\x82\xbb\xd400\x91>\x06#RL\x80V\xe4\
l\xc1\x8f>\x80|\xef\xd6\x0a\xda\x82k\xd2\xd6\xc9\x01\
\x00\x1er\xc8!\x87\x1c\xf2\xbd\xcb\x01\x00\x1er\xc8\xf7\
-\xbac\x00~T\xd2\xf6\x0f\xa5\x7fI\x14;%\xdc\
\x1e\x94\xff\x1ai\xa9Z\xfa\xa6Vm\x8a\x9cU\xffQ\
\xb9\xdb\xa7i\x16Z[nT56\x8eEC\x84\x95\
\xc14\x02\xa9\xf5\x1dqH\x84J \x011\xa6R\xdd\
\x02%\x90\xb1A\xd3A\x00\xd0]4_7\xab\x22\xf8\
F\xd3\xd9b\xe9D\x80\x98\xe8\x87\xac\xac4\x83\x0c\x06\
\x00\xba\xe9\x94i\x86\xd6z3\xf5UE5\x16\x973\
\x1fRJP\xb0\x8dk\xce\x80\xd2\x04\xca%\xb8\xc9\x90\
\x99\x1f\xdd\xefw\x98\x85'T\x15\xfd0\x00f*\x9c\
RG%\x07\x80\xa8\x10\x04\xcb+B\xa4i2\xdb\xe4\
\xed\x11<>>\xd1\x04\x17,\xeb\xed\xed\x0d\xa5\xd2T\
\xf6\xf5\xf5\x15\xf34#\xa5\xae\xb1\xfb\xfa\xae\xc7\xb2L\
T>C\x04@\xd3\xd2\xd7\xd77Da\x1d\xcb2\xe1\
tf\x04\xde\x18\x19\x95x\x9e\x17\x9c/g\xac\xeb\x8a\
\xcb8\xa2\xd4\x82\x5c\x15}\xdfc\xba\xdf\xd1u\x1d\xfa\
\xaeC\x88\x01?\xfd\xf4\x05\x0f\x97\x07\xf4C\x87\xaf_\
\xbf\xa0\xef\x07\xac\xcb\x8a\x18\x13\xe6y\xc6\x0f\x9f\x9e\x18\
i\xf1\xe9\x13\xee\xd3\x0d\xd7\xb77\xa4\xaeC)\x19\x8f\
\x97\x0b#Q.3M\xa7U1\x0e\x03\xae/\xaf\xd6\
+\x80j\x01\xb4\x12\xcc<\x0d\x10sT/\x22x|\
\xfc\x8c?\xfe\xed\xdf#D\xfa\xe4\xfb\xdfC8'*\
\xd6u\xc6lQ\x9eC c\x04\x06\x006\x7f\x8e\x0e\
\xfe\xec\xd6\xca;\x05\xf3\xc3:\xa7\x93y7\x0d\x16\xc2\
^\xcaU\xb5\xcdM\xca\xbe|\x82|\x15\xd9\xcc\xf0|\
~\x11\xb0\xa22\xdd\xea(\x95,\xbaJ\x1fp\x0a\x81\
\x165\xd3`\xd6/\x06\x00\xb2}\x0e\x18\x82\xc0\x9b\x08\
\xd4\xdaI\xbfg\x04\xf1\xb6Kq\xb0\x07\x101?\x9d\
\xac\xdc\xbe\xed\xa3\xdd2\xbf\xc0_\x06\x98\x7f0V\xce\
\xf3\xf8\x00\x86J\x80\xa82\xba\xb1\x05@0\x95\x9c\xeb\
~\xd7\xaf<\xd2\x9a\xd5Fb\xdbS\x09\x5c\xb4\xb6\xbc\
KkM~w\x82y\xbd|\xb51q\x80\xd0\x0e\xda\
\xe7/\xf3:\x12\xa9\xed\xda\x08\xc2n\xbb\xce\xbb\xc4\xed\
<}\xcda\x07v\xbe\x9fG\xff\xd4\xb1}[\xdb\xb1\
\xbdi\xb6\xa1nm\xaeZ?\xab:h\xb6\x01\x99\x8d\
\xc5\xbd}i\xd7\xe4y\x01\xb2:\xc5\xf6\xeb\xads\xdf\
w\x88\xaaB\xb8\xf1\xd9\xd5\xd3\x04y_\x0e\xe7\xbc\xcd\
%kK\x1bC\xfb\x97\x1d\xc8\xe3hc\xb3\x03\x02\xad\
\xe6\xad\x1fy?bz;\xb1\x07\x00KF\x8a\xc0\xc3\
\xe3\x88(\x05(w\x9a\x05+\xfd\xc7\x8a\x06\x14\x08B\
\xd7!\xcf3^\x7f\xfe\x19\xcb\xb2\xb4y+\xc2y/\
1A\xba\x9e\x01B$A%\xd0\xe7l K\x10\x12\
\xc9\x16\xb4\xe3!%\x88\x05\x98jWh\x08\xb4(\xfb\
\x14b\xa6\xdf\xc2\xb1\xe6\xbd&1\x18\x88\xb9\xbf\x80\xf9\
\xbduS\xef\x10\x02\xeb\x0e\x89.&J\xc1\xd5\xc0\xbf\
\xae\xeb\x90\xcd\xe4U\xd8p\xfa\xea\xb3\xb5\xbf\x96\xcc\xba\
\x94s7\x86\x80\xae\xef\x01\xa5\xbf<\x09\x82\x94:\x9a\
B\xdb8k\xaddx\xa7\x8e,|\x0b\x1c2\xdd\xee\
\x88]jQ\x837\x17\x04t;\x10\xfd~\xab\xdb\xda\
\x17\x03\x94\xe9\xc3\xd3\xaeY\xc8\xb4T\xf0\xe5Y\x0c\xc9\
\xfa\x81\xf7H\x9f\xc7\xfc$\xb3\x92e\xf9s\x8c\x83\xd4\
\xdb<\xda['Xf\x1e\x87M\x1el\xeb\xc2'\xe9\
\x01\x00\x1er\xc8!\x87\x1c\xf2\xdd\xcb\x01\x00\x1er\xc8\
\xf7-\xbac\x00\xfe%\xe1C(\x1f@\xfd7\xb0\xe9\
U\xba}m\x0f\xae\xff\x94\xa8:\x95\xa5\x1dx\xa7(\
z\x89~Dvu\xeaF\x14iI\xd5\x950;@\
\xf0\xa1\x02\x90\x0d\xa4\xf1\xfc\xa0\xe2\x05\x7fXW7\xf3\
\x15\xa2yb\xc1Ev\x8cC\xb6\x174;RF\xdf\
$Pb\xac\x1b!+\xa9\xd6\x0a\xa9JK^ci\
\xa5\x8eo\xfe\x97eA)\x85~\xf9\x02\xcdu\xb5\x9a\
rg\xe0\x8d\x82\x0c\x02\xaddy\xc1@\x16\x82\x98\xd6\
'\x16\xf5\xd0\xdb\xaf;\x9fn\x10\xc1\x9aW,\xf7\x89\
l\xbfB\x16CJ\x09\xc3\xd8\x99j\xc1r\xd7ef\
y\xc6\xb0\xa2\xdf\xc1\xd5|\xb2)\xba\xd4\x01`\xb9\x8f\
\x8f\xf4\xed\x043K-kF.\x19_\xbf~e\x10\
\x8f\xb09wg\xc4\xe2\x88e]p:]0\x8e#\
~\xfe\xf2Sk\xffy<\xa1\x94\x82y\x9e\x18\xcd1\
\x04\xa4\x18\xf0\xf2\xfa\x8a\xd3\xe9\x02\x08}\x12\x96u\xc5\
4M\x08\x89Q\x14/\xa7\x13\xe6\x85l\xb1\xce\x02\x83\
he\xf4\xdc\xaa\xc0\xf9rA\x97\x12\xe6y\xc2\xe9t\
\xc2\xba.8\x8dg\xe4R\xf0\xf5\xcb\xcf4\xf5z|\
l \xe98\x8c\x98\xa6;\xee\xf7\x89l\x0f\xf3E\xd7\
\x05\xf6a\xad\x8a\xbeO\x18\x87\x9eQ\x9c\xc5\xc64\x08\
~\xf8\xe1\x0f\xf8\x9b?\xfe}\x03\x97\xff\xf7\x14_\xaf\
\xcb2a]g\xe4\xc2\xe0\x13\x22\xc1@i*\xd4\x0e\
$Sy%3\xc6\xc5\x81\x16\x82\xd7\xce\xca\xa3\x09\x9c\
8j\xcc\xdah\xc6hJ:|\x9d\xef\xd7\xae\x99\xf6\
\xae\xeb\x024@\x87&\xc5\xd5\xfa\xd4\x95k\xb5\x8d\xa2\
jm`z\xa94\x95\x04\xd8\x162\xfe|\xcf\xa1\x92\
\xac\xae4\x1bh\xb6)\xc5\x0e8\xeeP=\xf7\xf9\xa9\
\xf6\xdb\xd7\x89\xad}5V\x97\xfbM\x14\x90\x09K\x13\
N\xb2\x1c\x09\xf4Y\x11\x06\xd4`\xb7Fa\x80A\xf3\
\xab\xc7\xacl\x13/\x15h\xb0\x99#\x19\x04\x80\xb8\x8f\
\xf9\xdf/\xe7O\xdboL\xde\xedAv\x9ee\xf1\x5c\
3=\x15o\xbb\xa7\xd9>\xf7\xdf\xb7\xa1\xf3s\x1b\x88\
J_\x8e\xda\xc6qk+3\xed\x8akmh\xbfv\
u\xfa\x1c\x80\xb0\x7f\x1b8b\xccK\x83\xc3\xde\xb5\x0f\
\x80\xb1Ym\x9cwc\xc71`\x1a\x02s~o`\
\x1bX\x8c\x97\xb5\xdd\xab\xb6\xf2wu\xa9 \x18\x13o\
\xbbc\xbc\xef\xabM\xda$\x80\x90\x13\xb8\xa5\xdb\xcfS\
K-\x8d\x1d\xaa\xad_Y\xf6f\x1e\xea\x0dV\xfb#\
[\xae@\xca\x8a~H\xb8\x9c\x07\x88\xce\xd0|\xdb\x01\
\xb0l\x01\xfdO\x0aR\xdfc\x9d'<\x7f\xf9\x19\xcb\
t\xf7&Z#\x84\xd1\x7f\xbb\x1e!\xf4\x8cT\x8f@\
P<\x04HH\x80\xb9\x0d\xe0z\x8f\x08\xb1CH4\
\x8d\x95`@\x95\x08\xe7A\xfb\xee\xc5\xfb\xdc\xe0o5\
\x7f\x8e~\x1c\xde\x14e\x1f\xb4\x85\xe1\x0c`\x8e\x06\xf7\
\x1b\xb0~\xeeW\x9c\x1b\x027k\x06`\xfe=\x09&\
\xf2^\x08\xdf\xa7\xde\xf9\xc9\xb4\xfb\xb71\xf0\x00^\x07\
\xd4|a\x12\xf7o\xe2m\x0d\x06\xee}\xfc\xdb\xa7\xd9\
\xe7\xd9\x7f\xbe\xfb\xbe\x9b\xdf\xdbIo\xd6\xd6'~^\
\xd5\xf6\xab_\x9br;ik\xb6\xcdT9\xa2\x00\x1f\
r\xc8!\x87\x1c\xf2\xfd\xcb\x11\x01\xf8\x90C\xbe\x7f\xd9\
\x9b\xbb\xfc%\xd9?\xf8\xbe\x13\xd7o\xff\x19\xd9\x97/\
\xf6\xcf\xfe\xa1x\x13\xaa;\xfe\x95i\xed!\xda\x94\x8a\
\xfd\x834\x8fQ\xa1\xd8_\x82*h\x86c\x8a\x81\x08\
+$\xa3\x81\xa0\x88U\x01\x98r\x07c.\xf0\xfb\x06\
\x00nm\xact@n\xd1\xfc\x5cIP\xdd\x02p\x08\
\x18\x5c\xc3\x03p\xd4R,\xfa\x22Y\x89\x12\x82\xf9\x86\
\xa2\x04\x89H]\x0f\x85\x92\x11\xa8\x15!D\x03\x0e\x8d\
\xa0b\x0c\x03\xefg\xaf\xaf)\x17\xe6\xdc\xbcT\xfa*\
\xa2\xb9p\xa4\x19\xb2\x81\x90\xa9\xeb\x90\x0b\xcd\x7f\xdd\xe4\
\x92\xed\x01:7Y\xb6\xeb'8IE\xf6r!\x88\
\xa7\xe6\x8f\xadTF\xc7}y\xf9\xd6\x18\x7f1\xd1G\
\x1e\xa3\xb9F\xf4=Y\x18o\xaf\xaff\xe2\xc9h\xbc\
\xe30\x02\x02\xcc\xcb\x84\xcb\xe5\x01y]\xb1\xac+\xba\
~\xc0\xd3\xd3\x13\xca2C\x95\xce\xd9\xa7\xe9\x8eZ+\
\xfa\xbe\xc3\xfd\xc6\x08\x88\xcbZp9\x9fi\xf6ll\
\xc8\x87\xc7\x07\x8c\xc3\x88\x92\x09dU\xad\x18O\x8c\xaa\
\xec\xe6\xa5%g\x0c\xc3\x80e\xc98\x0d#\xc6a\xc0\
\xf3\xcb\x0b\xaeoo4}\xab\x85\xbe\x98B\xc0\xb2N\
\x10\xcd\x18\xfa\x1e\xfd@\x87\xf3>GD8a\x1f\x1f\
?\xe3ty\xfa\xcbk\xe2?\xa3\x88\xb53\xa5\x0e1\
v\x801\xe5$\xd8\xcaq\xc0\xac\x1a3\xc7\x98\xac\xfb\
\xb9\xe2i \xb4\x1c\xa4B\xcd\xebs\xe0y\xd3m7\
\xf0\xcfe[w\x9e\x86\x7f\x0c\xee\x02[\x8b\xea\xea<\
\xe7\x99\x88\x01\x11<D\x9f[\xfc\xb1\x07|\xac\x86\xdd\
w\xb6Am\xfd:\x98\xc0\xe3~]\x04F\x08\xd0y\
{\xed\xd3\xd3\xb7>\xf0z\xb8\x97X\x0d\xfcf\xe7\xa5\
\xd1\x8a\xb9W\x10|\xd9\xda\x02\x07\x07\xbc_\xac\x1f=\
0q\x10i\xc0\x03\x99f\xec\xeb\xed\xaa~\x0dh\xdb\
\xce\xb1h\xbfFi\x97A\xe1\xcb\x876NV\xea\xfe\
\xcaZ\xca\x0fy\xb7\xef{\x90\xacu\xe7\xae\xdf7&\
\xf0~\x8e\xef\xf3\xbf\x9bG\xed\xdc\xe6n\xc0\xfbz\xfb\
\x84\x01?\xfb~\xe0\xb9\xfd\x9ci\x87\xed\xeb\x06\x1a\xf1\
\xa0u\x9b\xd5\xffk\xf3\x86\xfd\xb7\xcdQ+H\xd1(\
\xe5\xefr\xd8\xf5\xc0\xfb\x0b\xd8@\xe4\x96\xc8\xcd\xce\x8d\
\x1d\xf7\xfe\x22Z\x1a\xb0\x85\x1f\x8e\x13P&\x06L\xd6\
\x19\xd1e\xf6/@\x00\x10(\x18\x86\x84\x18\x01-3\
4\xcf\x9b\x7f@Xtm\x9bh\xb9\x14\xc4~@?\
\x8c@\xa1/<\xd9\x01Z\xb0\xb9/-\xca\xbbG\x09\
\x7f\xff'>i\xf9\xbf]\xbf\x81v.\x7f\x01\x08\xc3\
\xd6\xb3\xdbo\x075\xed7\xc1_\xbe|\x081\xb4`\
\x16]\xe4\xfd\x8d{XDL\x01\xc9^b\xc5(\x88\
1 \xd9=\x94A\x898\xafbJH]BL\x11\
)ED\xfbK\xfe\x17\xedx\x0c\x88A\x10S`\xd9\
\x16@\x83\x9f|Q\x92\x12_\x04Ec=\xfb\xbc\xb5\
\xf7h6\x877s^\x9f\xd3\xdb\xdc~\xdf\x17\xbf\xf6\
\xdb\x8f\xbd_\xdf\xbf\x94\x7f\xee\xbcOz\x05\x0e\x00\xf0\
\x90C\x0e9\xe4\x90\xef_\x0e\x00\xf0\x90C\xbe\x7f\xf9\
\xa7\x00@\xdd\xb1\xff\xfeR\x9a\x7f\xa9\xbc{P6e\
j;\xb6\x07\x17~\xe5a\xdb\xdaC=\x8a\x8a\x94\x9f\
\xe2\xa7\x18\xd0\xe0>v6\x95l\xab\x83\x8a\x8e\xfa5\
)\x15}\x7f\xb8\xaf\xa6\xe4\x91\x15\xc5\xfa\xc4\x14&q\
%\xb1\x95@V^\xeb#\x00\x12bs\xaa\xae\xc6\xc2\
\x13!\x83L\x09U\x00\x00BLH\xc9L\xa9J\x86\
\x00H]\x8f\x98\x12\x8a\x07)0%V\xe0\xacB\x96\
Ae\x87\x11\x07%\x10\xd0\x8c!\xd0Lv\x1c\x90b\
\x87\xf14b\x1c\x07\x8c\xa7\x13b\xecL\xf9\xac\xcd\x0f\
a\x8c4\xc7\x0a! u\x1d\xba\xbeG\x8a\x1d\xfa~\
\xc00\x8e8_.8\x9dN\xf4\x0f8M\xa8Zp\
\xbb\xdep\xbb\xddPjA\x8c\x8c\x9e\x08\x00\xf7\xdb\x84\
\xf3\xe5\x8c\x87\xc7\x07c\x84\xad\xe8\xfa\x0eC\xdfc]\
\x16t\xfd\x80\xdf\xff\xfe\x0f\xb8\xddn\xf4!U\x0a\xbe\
~\xfd\x0a\x09\x01\x9f\x9e\x9ep\xbb]\xf1\xfa\xfa\x8a\x87\
\x87\x07\xdc\xee7\xcc\xeb\x82eY,\x0a#\xf0\xf0\xf0\
\x80\xd4u\x06\x08(\xce\xe73B\x10,\xf3\x8c\x00\xc1\
\xf5\xed\x0d]\xd7!%\xb2\xb4\x96iF-\x19\xa3\xb5\
\xcf\x86\x0cy^p\xbf\xddP\xb4\xa2\x1f\x87\x06\xdc\xe6\
\xcc\x80\x1bA\x14\xa7\xd3\x88a\x18\x11\x83\xd0\xf7\x98\xcd\
\x1d\x11F\xe3}z\xfa\xdd\x7f\xb6\x08\xc0\x7f\xad\x880\
0LJ\x1dM\xef\x82\xf1g\xcc\xf4\xb6\xeaf~\xeb\
kj\xff\xdd\x90\x89\xa6\xa43\x98\x08vkn7\xef\
\x7f\xa5\xee\x8f\x9f\xbe\xde\x96e\xc1\xb2\xcc\xec+\xf7\x83\
e\x0a<\xac=\x0a3\xf75\x16\x95\x9d\xb0:\xdbr\
l\xe9\xc5\x80\xe9v\xd0@6\x91\x1d\x98\xb1;\x07\x90\
\x01)\xc2H\xb2v\xb5\x10\xd9\xf2\xb5\xf5\xcfJ\xf8K\
\xb9W\xa8}g\xf9\x1b\xd3\xa8\xed\x15{i\x0c=\x9a\
={\x1a\xfe\xe7\xecJ\xeb\xf3\xddZfVi\xfd-\
;\xa6\xdf~\xac\x5c\xb8G\x1b\xfb\xad\x9d\xf3z\x99f\
\xdf<\xa6A\x03\x12\xf7eq\x0c\x08Dq\xc89\xde\
\x9c\x0f~\xbd\xfb}\x18\xd6N\x1b\x0f7\x035&\xb4\
\x8f1\xdb\xb6\x0d\x13\xeb\xb6=\xb8\xf5\xd1V\xd6;Q\
mm}_/\xc5#Mo\xb3q\xeb7\x81\x90\x8d\
\xf9!\xff\xd6\x07\x01\x00\xe7\x09\xd9j6\xc6ho\x98\
l\xed\xd8<\xb0\xf6\x0a\x8cQ\x09\x98\xf9:\xdb\xe9}\
\xe0\xe3\xdc\xea\xf2\xfa\x94mUX`'\xb4\xee\xb5q\
\xe0\x9f(\xc1?5\xf3\xdf\xbeK\x88\xa2\xd0<\xa3d\
\xee_\xb5\x14\x9a\xc8W\x05\xaa\x05\x9b\xa9\x15e] \
1\xa1\x1b/\x00\x80Z2\x144\x97\xe5}\xc6\xfa\xc6\
\xdc0\xf0\xa5\x14\x19w\x02\x03\xfdl\xddr\xfd\x80\xd7\
\xee\x8cZ\xb5~`\xeb\xdf\xf5\xe9\xc7\xf1\xd9\xaf=\xff\
\xde\xe66lnq\x04\xf8\x8f\xec\xc7\x91\xf58\x8b\xd0\
\x1abm\xf4\xf1\xb1\x92\x84\x83\xb7\x9f;\xcc\xf2\x8b\xc9\
\xb4\xa5\xdd\xd7k\xb2\xcf\xe3}ag\xda\xf9}\x06/\
\xfe\x97\xf5l\xe7\xb6\xbc\xbfL\x83]\xff\xfd5\xb2O\
\xdb\xfa\xdd~\x1f\x00\xe0!\x87\x1cr\xc8!\xdf\xbd\x1c\
\x00\xe0!\x87|\xffR\x0d\x04\xc1\xee\x01\xf6_\xf2\xc0\
\xfa\xd7\xca/\x1e\x8e?<<\xfbc\xae*\x0f\xb9r\
\xb7\x9d\xd9d\xff\x9bJ\x0c\x8fQQ\xa0\x12$\x82\xa6\
\x94\x13x\xb36\xbc\xab\xce\x94v\x03,\x14\xa6\xc0Y\
\x127\xf5\x85) b\xfdUj\xa1\x92\xff!r2\
\xcf\xd1\xc7\xa0\x08/F\x9dI#lk\x88\x11\xd1\xc0\
\xbbZ+JYQkEg\xbe\x98\x8a)_\x01\x8c\
\xd8\x1b\x82\xb5K\xc8\xd8p\xffM\xae\x88\xa6>AU\
\x91sA\xd7wP\x0f\xc4P*#&\x9a\x8f\xc7\x92\
i\x82,f\xb2\x9b:\xfa\xb4kfX\xc6t\xa0\xc9\
+\x0d\x8f\x96\x99Qh%\x00\xaf\xaf\xcf\x98\xa7\x89\xce\
\xd8-J\xef\xedvC^3N\xe7\x0bN\xe3\x80\xe7\
\x97g\xcc\xf3\x82\xae\xeb\xf0\xf8pi\x0ac\x8c\x01\xcf\
\xcf\xdf0\xddo\xd0\x9c\xd1\x8f#\x86q\xc0\xe3\xc3\xa3\
\xb1\xfb2R\xea\x11c\xc0|\xbf#\x86@\xdf\x871\
Y_\x03\x8f\x0f\x0fxy\xfe\xd6\x22\x1a\x7f\xfb\xfa\x0d\
\xeb\xba\xa0*\x90\xfa\x0e\xe7\x873^^_\x8c\xc1X\
\x10%\xe0\xed\xf5\x0d\xeb\xb2b<\x9fPK\x86\xfb\xf8\
K1BKF\xce+\xa6\xe9\x06\xd5\x8a\xbeK8\x9f\
G\xc4\x9e\xe3\x001\xf6\x0e'\x0eA\xd3\x14\xf1\xe9\xd3\
\xef\xd1\x0f\xa76\xe6\xffG\x8a\x18\x10\xd8u}\x8b\x0e\
\x1d#\xa3b\x02\x04\xc8\xe9\xe3\x8f\xf3\xd5\xe7\xae\xa9\xab\
\xc6\x84\x15*\xcd\x96\xc5\xf9O\xae>\x7f\x5c\xb6\x5c.\
V\x83\xcdA\xff\x8b)1pA\xa6\x8fH\xce]\x82\
\xd9\xeec\x13 \xc9\xa8\xbay0la}X\xe4\xac\
Ch\x02\xe7f\xb7\x5c\xd4,\xc3\xeb\xdf\x81\x8b\x8e@\
q\xc8\xc4\x02\x1fX\xe1\x1e\x95\xd5\xf7\x16/\xdf\x00\x1b\
\xdf\x17\xb6f\x10\x90\xf0k\x15+\x17\xbb\x17&\xde5\
,\xd3.L\xb0\xd1\xa2\xdf\x81\x0d\xd6y\xbbk\xf3\x0b\
g?2\x95\x97\xe5\xf9\x5cX\xff\xd6\xeev\xec\xc3\x1f\
\x8c%\xc8\xef\xef\xc7\x87\xe5\xdb\xbe\xea\xc7\xc4\xc6\xb8\xa5\
\xf3r\x9d\xf9\xb4\x0d\xcf\x1e0aw;\xb8g\xd7\xbf\
\xbf\xb6\xb6\xf7y>g\x9a:\x88\xa4m\xffm\x97j\
\xfb0_\xb6\x18c\x14L\xdaz\xc3\xc7\xca\xc0\xb9\x0d\
\xb8\xf3\x22<R6\xcb\xa0\x09\xfc6'\xd8\xaa\x0d\xfc\
ke\x1a\xe8\xd7\xaa\xd8\x03\xb1JpL\x00(\xed\xac\
\xdb\xb8\xf9u\xa2\x99x\x1b\xf0k%\x09\xe9\x83\x5c\x07\
\xf6\xaf\x83\x7f(\x19Q*\xfa>1Jm\x10\xd4\xb2\
\xa2\x94\xd5\xc08\x9fk\xd6j\xdd\x82\xe0\xd4Z\xa0\xa8\
\xe8Og\x84\xd4s\xdf\xd3j\xc1'x\xbdAh\xe2\
K 0@<\xd2,\xe8\xd7\xae\xf5\xd3\xd6\x09\xed\x9b\
\xcfU\xb4\x97V\xfc\xcd1\xf1\xef\xcc\xf9\xf1\x93?\xec\
\xa3}\x1a\x0a\xaa0\xdf\x8a\xecK\xee@\xda|\x0d:\
\xee\xe7=\xd8\xf26\xd9\xee\xe5V\xebnrP|\x8e\
\xef\xe7\xd5\xc7s\x9c\x95\xfc\xdc%\xdc\xe6\xaf_\xe3\xbb\
vx\xba}{(\xfbk\xdf\xd6\xc5\x96\x8e\xf3\xdc\xae\
{w|/\xbfH\xff\xa1\xac\xc3\x07\xe0!\x87\x1cr\
\xc8!\xdf\xbd\x1c>\x00\x0f9\xe4\xfb\x16UE\xce\x8c\
.\xba\x7f@\xdd\x9f\xffk\xc5S~x\x16oe\xc8\
\x8e\xe5\x22\xc2\x87vU*\x04[5\xf4\x03\xd6\x18?\
\xfb\x07b\x16\xb6\xfd\xfeX.L\xb9\xd8\xb1r\x98\x8b\
&\x84\xfe\xc8\xef\xe7\x98\xdf\xca\x08\xc9\x9e\xf9\x09\x9a\xb0\
|\xb2\xfb\x00mL\x09h\xc5\x9aW+\x89Be\x8b\
\xe5\xba?A\xad\x16\x05\xd2\xd9K\x81&GAB\x8b\
\xc4\x0bW \xc5\x99\x174\x1f\xae\xa6\x14\xabE\xeb\x0d\
1\xec\x00Z2j\xf2\xba\x22\xc4\x88~\x18\x90\xf3\x82\
y\x9a0\x8e\x17\x88\x88\xb1\xf5*\xa2\xe5c\xe0\x8f\x88\
\x94z\xa4\x14q\xbb\xbd1\x0a\xae9r\x17\x112\x8c\
\xb0uy.\x19\xa5dt!\xa1\x1f{\xfa\x9b[W\
\x84\x90\x90s\xc6<\xcf,#%|\xfe\xfc\x03\x86a\
\xc0\xf5\xf6\x06-\x05\xe3x\xc6<3\x22d\xea\x12\xaa\
*\xde\x9e_\x10\x12A\xcb\xbe\xa3_\xbduY\xa0\xaa\
X\xd7\x8cq\x1c\xb1\xe4\x15\xf3}B\x0a\x01\x084)\
\x8d\x91\xfe\xfe\xbaDs-5f\xa4\xc4\x80\xd3x\xc2\
\xedzE0\xb3\xecuY\xd0u\x8c0y\xbf\xbe\xe1\
ry@\xa9\x8a\x14\x13rY\xf1\xed\xebW2-\x85\
\xcao\xc9\x0b\x95u!\x03\xb2\xef\xe9\xc7\xd0\xd9p\x02\
\xfa\xa0\xe2 \x12\x00\x1c\x87\x11\xff\xea\xdf\xfc\xb7\x18\x8c\
y\xf3\xbdJ5\x13\xe0R2\xd6\xccH\xc7\xb9d\x8b\
\xf6I\x00\xd4}0\x92=\xb8W`7\xc5yc\xa1\
\xbe?\xbf_;\x1f\xd7e\xad\xf4y\xb9\xccSc\xcd\
\xaa\x99Uj\xf1t\xdcw<\x80\x81\xba\x8f0\x16\xd6\
\xd6\xb6\xaa\x01w\xb2\xf9\xeaT\x07j\x5c\xc1\x16*\xf0\
m\x8dX^\xe3^A\x1c\xe0\x82\x07\xf2\xe1\x9e\xe0;\
\x15\xf7\x0eX\x1b\x1d\xd0\xe7\x1b\x05kN\xcb\xe1\xc0\xce\
\xde\x07\xa0w\x0b\xbb\x8a\xfd\xb2\x1d\xdb\xfa\xc5\xd7\x99\x83\
)\xad'v{\x22\xd3\xf3\xfc\xfe\xdc&\xb6\xd7\xb4\xdf\
\xac\xcf\xcf\xf9\xb1}\xff}\xcco'X\x8b\x8d\xcd~\
\xab\xfd\xd8\x0e\xcf\xef;\xe8\xd6r\x9e\x17\xcb\xc3}\x8f\
`\x11\xebe\x84r\xda\xa7[_\xa3\x92\x15g\xe0\x5c\
\x0b\xba\xe3\xe5\xa9\xf7M\xeb\x1d\xba\xdbS\xd6\xdc\xc6\xcc\
\x07\xa5!F\xd6g\xba\xeb];\x14\xd4\xcb\xb1>i\
@\xda\xbe\xbf8\xdeb \x9d\x0d\xe6\xee\xda\xd1\xc6^\
a\xe3\xaa\x0a\x15\xbf\x8f\xd8\x1b(\x07\xd7\xdfw\x11\xd4\
\x83\xcd\xd8\xfd$\xd4\x02\xe4\x15\xb5f\x9cN\x03\xfaa\
@\xd7%H-X\xa77\x94\xf5\x06\xb1\x17\x16\x12\xb8\
\xbfitS\xde\x88\x90\x06\xc4\xd4A+_\xf2h-\
X\xee\x13\xa6\xdb\x15\xeb2C\x02\x81\xf1\x10{\x84\xee\
\x02\x89\x03\x83\x7f\xc4\xf8\xfe^(\x01U\x02\x82\xcf\xbf\
@8N\x1c \xa4s>\xeb_\x03\xd4\xfd'S\xf9\
\x90\xd8:\xf3>\xfd\xb0\x9f\xf8\x9e\x22\x1c3\x9f/\xd8\
\xad\x95wea\x07\xca\xb5\xba\xda\xd7v\x0a^\xcf\x87\
z}\x0e{\x1b\xde\xb5\x8b\x07v\xf5m\xfb\x83\xb7\xf5\
]y\xed\xcb\xae\xd2\x9dp=\xfa\x80ou\xb5\xb9c\
u|\x5c\xdb\xfe\xd9~\xed\x19\xd1\x96\xdf\x19\xa8\xb0\x97\
\x99\x07\x03\xf0\x90C\x0e9\xe4\x90\xefZ\x0e\xf0\xef\x90\
C~\x1b\xa2;\x07\xdd\xfb\x07\xe5\x7f\xa9\xb4\x07\xf4\x9d\
\xbcW>)[\x1d;G\xfa~\xc4\x00<\x91M\xdd\
k\x0f\xf2\xbb\xb4\xef\xdd\x14\xd9\x0f55\xc1\x00\x05\x96\
\xe5\xe6_\xed\xd1\xde\xae\xb7\x80\x8a\xdf\xc6\x90A\xab\xd3\
\x95q\xb2,\x1c\x98p\xa5B\xb5\xc2\xc3*\x84@\xe7\
kbJU\x08\xe6w\xd0\xa2\x22\xd2\xcfQ\x22\xab\xce\
\xc0\xaeZ\x0b`\x0c(\xf7QX\xab\xd2\x947\x04\x94\
uEYW2\xa8\xe2\x06\xd0U\x8b\x02\xbb\xae\x19!\
\x04\xf4=#\xfb\xbe\xbd\xbe`\xcd\x19\xe7\xf3\x05\xf3<\
\xa1\xe4\x15\x02\xa1\xff\xc1u\x05\x8c\xf9\x15B@)\x19\
oo/XW\x82o9\xaf-`\x83\x7f.\xcb\x8c\
uYPsF\x0c\x01\xb9\x14\xccw\x02~\xab\xfdA\
\x80\xf3\xe5\x84\x87\xc7G\x82\x1a!\xa0\xef\x19\x09\xf8\xf9\
\xf9\x1b\xf3\xb3\x87\xb1.\x0b\x96y\x81\x88 \x86Hp\
0g\x5c\xcegL\xf3\xdc\x02x\xa4\x18\x9b:\xd4\x8f\
\x03\x1e\xce\x17\x5c\x1e\x1f\xa0\xaa8\x99)\xef\xe5rA\
\xc9+\xc6a\xc00\x0ePU\x94\xbc\xe2r\xb9\xa0\xeb\
\x12N\xe3\x88~\xec\xa19cY\x16\xfaF\xcc+n\
\xd77\xe4\xbcP\x01\xaf\x95\xcc\xa3\x9a1\xa4\x0e}\xdf\
\xa3\xef\x12\x92\x03\x7f6\x1f8\x8a6\xce\xa6$\x8e\xc3\
\x19O\x9f\x7f\xff\xbfk\x04\xe0\xff\x14\x11cr\xa6\xd4\
\xa1\xeb\x06\x9au\xf7=\xfa\x8e 0\xe7rE\xad\x0c\
\xa6\x020 \x8d\xef\x03\x5c\x1b\xb6\xe4\xdc\x0c\xde\xfa\x82\
k\xc0\x01\x16\x03Sl-U3U\x95 H)\xd2\
\x84\xb1\x96\xb6\xf6\xfc|k\xa3\x81\xbaa\xc76\xf3s\
^\x17,p\x08\xcf[:k\xa5\xf8\x9a\xb5\xf4d5\
m\xc7=\x0d\xaf\x17\x00\xb62|o\xf2\xf3\x9e\x97\xfb\
\x08\xafM\xe0\xec2\xee\x0f^\xaf\xefM\x9bxY\xda\
\xbe\xff\x9ax;=\xf7\xaf\xed\x8f\xbf\x14\xd9\xfdQ\x98\
o\x03O\xf1\xae\xec\xbd\xf0Z\xb7\xbc[}[r\x07\
\xbax\xae\x81k\x96\xc6\xfbg\xdf\x84\xd6\xa26\xfe\x96\
ew9!X\xef)\x08\xae\x9a\xf9~pW\x06\x95\
\x01lZ\x17T\xfa\xd8c9\x04\xf3\xdeu\xe5~\xff\
7\x96\x9d\xa05\x92-\x12\x80a~\xb7\xf6\xc1^\xf6\
T\xa8\xb1\xf7X\x86\xc8\x87\xf2\xc1:X\xf6\x87\xfav\
\xd7\xe9\xbf\xbd\xdf\x04\xbePl\xed(\xeb`\xf9\x5c\x1b\
\x15\x8c \x0dUH\xad\x90\x9aQ\xcb\x82~\xe80\x9e\
O\x90\x14\x10\xbb\x0e\x00P\xd6\x1bJ\x9e\xf8\xf2'u\
\x88\xfd\x88\xd4\x0d\xe8\x863\xfa\xe1\x82~8c\xbc<\
\xe2\xf2\xe9\xf7\xb8<\xfd\x88\xcb\xe3\x8f\xe8\xfa\x13\x14\x85\
\xa0_\xe0\xba\xd3\xc2u\x17D\x18\x1dxspg\xf3\
\x1adez_\x89\xbf(\xb3\xffv\xeb\x11>\xb4\xbb\
\xdf\xdbtp\x00vw\xce~\xbf;l\xdfy\xcc\xfa\
\xad\x1d\x936y|8Uuc\xfe\x09\xe7:\xdb\x09\
k\xdf\xfb\x0ad\xb7>\xf7\xc7>~g6\xab\xcf\xda\
\xc2?\x9b\xe7\x1fJ\xd9_7\xdb\xb5\x9d\xf3k\xc1n\
\xba\xf8\x5c\xb1_\xf6\xdb\xd3\xf9\xef-\x8f\xfb\xdb\xddM\
.\xf3Ci/Mv\xc0\xf1\xc1\x00<\xe4\x90C\x0e\
9\xe4\xbb\x96\x03\x00<\xe4\x90\xef_\xd4\xccE\x9d\x01\
\xb8?\xfe\xd7\x8a\xa7u\x85\xaa\xa9I\xfe\x1c\xfd+E\
\xb9\x02\xc5\x07b\xfc\xe2\xa1\x1b-\xdb\xee\xc1\xd8\x9e\xd9\
]\x11\xfb\xf8\x98\xce2\xa9\xdc\xd4\x06\x002\x95\xfa\xc3\
\xba\xe7W^o\xad\x95\xcc\xbc\xc8\xa0\x1b\xb5V@\x18\
\xa1\x10\x06X0zoj\x91\x05\xf7N\xe2k)\x80\
\x03\x19\xae\x08WF*L)A\xc1\xfe]\xf3\xda\x98\
\x0f\x22<&\x22H\x89J\x1f\x00\xe4L\x93T\x0fu\
/\xe5i\x00\x007\xfdIDAT\x12\x22A\x10-\
\x18H-f\xd6\xab\xd5@\x9cD\xd3\xd9e\xc64\xdd\
1\x9eN\xe8\x87\x11\xb7\xdb\x15PE\x8c\xac\xdb\x15\xa9\
\x9a\xcd\xf8L\xa9\xac\x86\x10\x9a\xafC\xb2-Y?\xb4\
BKA\xce+\xcdCC@1sd5%\xda\xc1\
\x9ch\xbe\x03\x83\x81)9\x17\x94\xbc\x22\xd7\x8a\x9a\x0b\
:c\xb5h\xa1\xf2_,\xbaqU\xc50\x0eH1\
\x22\x17\xc5\xf9r\xc6\xd7\x9f\x7fn\xfd7\xdd'\x5c\xce\
g<=<\xe0\xf5v\xc5\xbc,\xf8\xfc\xf93\x96i\
\xc2mb\xd4\xde\xa1\xef\x91\xd7\x151u\x081`\x1c\
\x07t!2\xb0\x87\x16\xcc\xf7\xa9\x99X\xd7\xbcb]\
&\x84\x948>\x85\xe6\xa9]\xdf\xa3\x8b\x1d\x81\x0a\x0b\
\x80\x11\x1b\x0b\xc6b\xb4\xda\xf4#\x93\x0d\xf8\xf4\xf9\xf7\
\xf8\xd3\xdf\xfd7\x04t\x7f\xa3\xc2\xf9O\xb0\xaf\x1aS\
\xd0\xd9I\xa5\x14F\xe6Ug\xe3\xa1\x01\x80-\x8am\
\x03\x0a\xf7`\x0d?h\xfa\xaa\x16\xe1\x93L\xd8f\x82\
\xbec\xdf\xa9*ra\xf0\x15\xdf?J\xa1\xdfB1\
\xd0\xc9\xd7'\xbfo\x11\x82\xed\x22\x1a#\x10\xa6P7\
\x05\xdf\x8e\xab\xad\xdf-\xcb\x8e\xadfe\xb0/X.\
\xd77A\x7f\xdfO|\x0f\xf1\xb0=\xc1\xea\xab\xce\xa0\
sPh\xe7\x8bt\xdb:\xb7\xf6z\x1d\xfcaH\x86\
\x9d\xf7s\x1f?)\xd2\xfa\x8b?\xd9\xbf\xc0\x87\x17\x22\
\xfb,\xbbz\xd1\xca{\x0f\xe6le\xee\xea\xb4t{\
\xd9 \xaf\x0f`P\xdd\xc0\x1bX\x14j\xb2\x09-\xe0\
\x85\x9b\xbb\xb6\xa6\xb0|\x81\x83L\x9c\x83-\xf6\xab\xf9\
\xf8\x83\xbfhq\x80\xca\xbak_?\x9bJ&\xab8\
V\xb7\xebO\xff\x10\x9b\x0b\x22\xbc\x8a\xda\xfa\x89\xed\x00\
\x89\xd7\x10\xc2\xdf\xf0\xf9\xe0\xe2{\xa7\x1f\xf2\xfe\xa2\x05\
0\xdd<@+\x821B\x1b\x88\xa3n\xc6J\xd6_\
U\xee\xbd~\x81\xa1\x16h\x9e\xd1u\x09\xe7\x87\x0bB\
\x04j]\x11T\x80\xb2`\x9d^\x11 \xe8\x86\x111\
v\x08\xa9C\xeaF\xc4\xd4!\xf6\x03R7 \xf5#\
\xfa\x13\xc1\xc0\x10y\x0f\xb9\xbe~\xc1\xeb\xd7\x9f0]\
_q\x7f\xfd\x8a\xdb\xed\x05\xeb\x9a\xb9_\xc7\x8e\x91\x81\
\xd3\x08\x89\x1d\xfbV\x04\xd5\x22\x0bG\xd0\xbdD5\x06\
\xa0\xbf\xf0\x80\x83\xbf\x00\x99\x9c\xcd%\x06\xd7\xd8\x06\xb0\
m\xc0\xba\xf7\x9dO\x90\xfdw\xfe\xe6\xfd\x83\xe3\xeee\
o\xebr+sK\xff\xf1\xd3\x9a\xc6Y\xe2\xc0\xdf\x0e\
\x00\xf4\xb4\xba\xcfgi>~wi/\x0b\x01\x8e\xf3\
\xfb\xd3\x80\x95\xd5\xf6\x0b\x1eh\xeb\xcb\xfb\xc5\xe7\xcb?\
\xe5\xd3\xb2\xf5\xe1nN\xba\xf0\xb7\xcdGaT\xf66\
\xf7\x0e\x00\xf0\x90C\x0e9\xe4\x90\xefY\x0e\x00\xf0\x90\
C\xbe\x7f\xd1\x0f\x00\xa0?\xe0\xbeW\x84\xfca\xda\x1f\
t\xf9\x90\xdb\x98=\xef\x14\x01{\xe0\xdd\x9e\xa3\xdf=\
4\xb7r\xd4\xcb\xb32\xd5\x9e|w\x0f\xdd*\x8c|\
\xab\xael\x7f|\x98\xb6\x83\xfep\xec\x07\x05d\x0cY\
5M\xb1\xdf_\x97\xb3\x90\x00\xd0\x84\xd4\x98\x10\xee\xdb\
/\xd8\x83w)4W\x0bn\xfa\xa4d\x918p\x82\
]\xff\xb8\x89\x19\x15\x09J)+\xd6uE\xea:\xa4\
\xd4\xd3,s]!\x02\xfa\xeb\x03\x00\x09\xc8\xceV3\
\xf0!\x98\xc9\xb0\xee\x14\xcb\x00\x9acUU\xd4\x9cQ\
2\x9d\xc4\x8b\x00\x08\x01\xd5@\x94\xb0\xf3g\xd8X'\
\xd6\x17U\xe9s\x89]F`\xce\x81A\x9a5\x9ao\
\xa9R \x0a\x14T\x82c\xa0\xef\xc0\x5c\x99\xc7Y\x8e\
1\xd0\xc7V-\x95@Q\x9b\x1f\x8aU\x95\xd7P\x94\
\xa0\xa0V\x9c\xce'\x9c\xcfg\x94\xbc\x92\x15\x18\x22\xd6\
Ls\xe3\x92\x0bN\xe73`\xec\xc5 ``\x8f\xae\
\xc3l\xc0\x1f@e\x7f\x99g\xf4\xe631\xf5\x1d\x96\
iB\x97\x02\xf2\x9aq\xbd\xdf\x91K\xc5\xe54\xd2\x0c\
5g\x04\xeb7UE\xea\x12#%\xc7\xc4\xb1\x85\xa3\
}\x01Q\x80*\xbc\x06\x02\x80\x04\x07E\xe8W\xeb\xc7\
\xdf\xff-\xfe\xe6o\xff\xdd/\x94\xd4\xdf\xb2\xec\xd7=\
\xccT\xb1\xda8\x13\x10\xcc\x06\xc0\x91\x0d\xab\x85c\xe9\
\x8ai[\x91>WmM\xb0\x87\xa8\xa0\xd7Z\xb0\xcc\
3\xaa\x12XP\x00%\x1b;\xd0\xd6W\xad\x1e\xd1\x98\
\xac%6\x87@\x91:\xe0\xb7[\xff\xd5\xcc\xd6\x1d\x94\
k;\x80\x7f\xf7\xe3\x1f\xf63\x17\xb1kW\x03\xf4E\
\xb6\xc0$js\x98\xf59%\xa9e\xb2\xfd\xc6\xf6J\
[\x9f\xfb~d\xd5[\x9d\xfe]\x1d\x04\xb3Z\xb6}\
k\x93-\x1f{p\xcb\x0b\x02e\xac\xf9\x17un{\
\xf3\xfb2=\x0d\x85u\xf3\x12\x98\x8e\x97FSk+\
\x96\xf9\x0c\xa7d\xfe\xd0\xda\xba\x1f\xd7V\x97\xee\xfb\xbb\
%jbW\xc2\xff\xed~!\xd8\xf2\xc0>\xd8?l\
\x0f\xf7,\xbbv\x07,\xf7\xf3\x8d\xdda\xa9\xbd\x0cm\
f\xc0>N\x02\xfa\xcd\xab\xb5],\xcb\x07\xbd=\x88\
\x01\x80^7K\x04\x04\x95m\xda\x03\xb0 \x83\x0fP\
\x14\x9bW\x0d\xec\x132\x18\x1bF\xab\x8a\x0a\xae\x1bX\
\x1f\x88\x16\xa0.\x88Ap:\x0d\xa8\x9a\xd9\xbe\xb2B\
\xca\x0a-+B\x088]\x9e0^>\xa1\x1fOH\
\xfd\x19\xa9?Y\x80\xa8\x1e\xb1\xeb\x91\xba\x1e\xa9\x1b\x10\
\xd3\xb6\x8f\xd5\x9c\xb1L7L\xf7+^\xbe\xfc\x03\xbe\
\xfc\xc7\x7f\x8f\xeb\xcb7\xd4\xa2\xc8\xb5p\x7fK#B\
\xd7\xf3\x05\x91DT\xbbW\x05p\xb0\xab\x01y\x0d\x00\
4\xf7\x16p\xb0m\xff\xdb\xe6\x14\xe7\x16\x8f\x0b\x0b\xdb\
f\x89\xa7\xe1\xd5\xf3{\xe0}]ve\xbc+G8\
\x03|o\xf6\xfa`\xc01\x1b\xb6\xa5\xf7A\xdb\xef\xc9\
\xce\xd0\xe7\xc7\x0eh4\xd9\xa7\xfd\xb8\x97omf\x9d\
.\xef\xd7\x9a\xa5\xfb0\x1f]\x98\xe4\xd7\xce\xd8\x1c\xf5\
9\x0e\xb0&\x9b\xabm\x96\x19\xe3Oy\xf3\xe1DU\
\x1c\x00\xe0!\x87\x1cr\xc8!\xdf\xb7\x1c\x00\xe0!\x87\
|\xff\xa2\x7f\x81\x01\xb8?\xdf\xbe\xdbC\xf1G\x85\xd7\
\x1f\x98\x7f-\xff^\xd4\x14\xbd\xed\xc0v\xcc\x95;\xc0\
\x1f\xb2w\xcc\x0fS\xa8\xde=j\xff\xc5\x07o\x03\x89\
,_\xd5J\xa5\xc5\x12\xab+m!4&SL\x11\
\x02c\xf0\xf95X\xf4\xd7Rh\xde\x1ab$]\x04\
\x8aR+\xf2\xba\x00\x00\x99\x81\x16\x99W\xb5\x00`\x14\
\xe1Z\x19\xbd\x11Pt]\x0f\x09\x01\xb9d,\xf3\x0c\
\x91\x80\xd38\xa2j\xa1\xaf\xbdL6\x0b\x0c\xd0\x80\xa8\
\x01l\x04\xc2\xaa\x01u\x0e\xce\xadm\xac\xd8V\xb1\x81\
)\xbc@\x882\x7fQ5\xd6\x94B\xcc\xb7\x22\x15k\
S\xa4t\x03\xc5\xa8`\xa19gg\x1e@\x9b\x1f\xbc\
6\xf2\xacUy\x0e\xaa\x08H;k=\x06Z\x80*\
\xd6\x5c\x11\x84\xe6\xa6\xd9\x80\xc6\x10#b\x88(\xeb\xc2\
\xd2\x8d\xc1\x13bD\x10A\x97\x12b20\xa8\xd0\xa1\
\xfd\x92WT\x9b\xa7)u\xf4\x8d\x18#R\x0cX\xd6\
\xc5\xc0X\xf6Q\xce\xf4\xf1W\x15\x08(\xe8\xc2~\xcc\
\xc1@\x19}O\xc6\xa6\xcd]:\xc4\xb7\xe9g\xec#\
P\xf7\x85\xaa\xa0R\xefE\x8a\x11\x7f\xf8\xe3\xbf\xc6\x8f\
\x7f\xf8\xd7\xbfP(\xffK\x16_\x9b\x04\xca\xdcL\xd3\
\x17T\xfb\xa7\xadG\xce\x94M\x81\xa6\xa2\x0c\xf3G\xb8\
b\xbe\xdf0/\x13\xf7\x1d\x07|\x0c\x88Q\x03\xefk\
\xd9\x82\xeb8\xdbp\xcf\xe6\xb3\xad\x81\xa6\xf3 \xebV\
M!\x87\x81\x98\xba\x8bi\xcbL\xdb\xcb\x8d\xa6\xbc\xdb\
z\xdf_\x0f\xbf\x0b\xc1\xb6Z\xcd?\xdc.\x1f\x8bj\
\xc22\xf6/N\x1c\x00\xf4\xf3V0[\xbdS\xee\x0d\
,{'V\x0fd\xf3Qfu\xa91\x22\xb7\x9e\xde\
\x8e\x03\x04$\xfc\xfb\xc7s\x9b\x90\x81\x0bK\xbf\x8d\x9f\
\x03\xba\xacO\x95\xf0\x84\xb5\xf8\x97\xc0\x07\xbf\xd9\x1f\x81\
\xb2\xfd\x8b\x0f\xbf\x0e~eI\x04{Z\x05\xed*\xfc\
z-W;\x06e^\x88\x01N\xad\xbc\xadO\xbc\xfd\
\xfb\xbb\xc1\xc7\xe0\x1d\x0a\xab\xb2\x82,6\xf11p\x00\
\xd1\xae\xf7\x03\x00\xc8\xbc\xbb{\x1d\xaf\xd4\xc0\x18\x9eS\
\x03\x00}/d\xbf\x81\xe6\xcc\xaavO\xf0=\x19\xd0\
|G]^\xd1%\xba\x10\xa0\xef=\x82\x89\xc1\xf6\xfd\
n\x18qy\xfa\x1d\xce\x0f\x9f\xd1\x9f.H\xdd\x88\x10\
h\xc2\x1bb\x84\xc4\x84\x18;2\x02S\x8f\x90\x92\xdd\
\x87\xe8B\xa1\x96\x82\xe9\xf6\x8a?\xff\xaf\xff\x13\xfe\xe1\
\xff\xf3\xff\xc4:\xdd\xe9CP\xc15a\xacB\x84\x0e\
j\xe5\xf2\x8e`\xe3)\x02\xb1\xfb\x1f\xfb\x8bk\x98\x80\
\xb0\x8d\x93x\xbam.\x88\x18\x04\xb8[\x1c\xdbz\xb1\
Op,\xbd6\xce\x09\x7f\x89\xc8\xf6\xb1^~F;\
\xa7\xe2\x80\xb41\x0f\x0d\xe2S\x10p\xf4vY\xa1\xad\
<\xce\x95\xadL\xdd\xada\x17\xa6\xfd\xe5\xfc\xe6\xfa\xd8\
\x00\xc7\xfdZ\xe2\x14\xb49\xba;\xbf/g/~\x8c\
iX\xac\x7f\x87\x97\xb5Og3\xba\xcd/\x9b\x7f\x07\
\x00x\xc8!\x87\x1cr\xc8w-\x07\x00x\xc8!\xdf\
\xbf\xa8)\x95\xa5\x98\xaf\xbb\x0f\xe7\xfc\x81\xd4M\xf1\xf6\
\x0f\xcf\xfe\xb0\xeb\xc7~\xed\xc1\xd7\xe5\xdd\xc33uk\
;\xf6\xfe\xc1\xd7\x1f\xad\xf9\xb0^\xed\x89\xbe%\xdb\xea\
\xb3\x07\xf3\xf7u\xb2<U{\x9cV2?d\x97\x1f\
\xd6\xee\xd8\xf7\xa8yE^\x17c\xday\x91^/\xaf\
}YW\x06\xd0\x88\x89\xc1;\x9c5W+BHd\
\xda\x89@\x95\x80\x1f\xfbr\x85H\xa4i\xb11\x07\x97\
u\xc1\x9aW\xe4u\xc5\xd0\x8f\x90.\x22/3\xca\xba\
\x02\xa0\xf9i\xc9\xb9\xb5\x1bP\x94L\xf6\x1e\x9b\xdf\xd4\
\xb3&* \x8bO\xa9\x84T8\x1b\xc5\xce\xc3\x15,\
7\xcb{\x9f\xbfi\x22\xf6]dcN\x10$P\xa8\
\x12x\x84)\xbf\xde\x97j\x0a\xb0Y\x11\xefTpc\
\xd20;\xa0T\xceT\xc9\xa4tq@\xd3\xafL\x01\
\xb2\xccJ1M\x9de\xd7\xaa4A6\x16'\xdbD\
s\xbe\xa0BCCSL\x05fz\xd7@\xbc\x0a\x11\
E\x90\x88\x98\x22R\xa2\xa9\xb7\x03\xb6\x9cf\x82\xa0\x04\
\x8a\xa8d\xb2\x8d\xae\xa0:\xdc\x12\x00t)\xe1o\xff\
\xf5\x7f\x83\xa7\x1f\xfe\xa6]\xc7!\xffr\xd1Z\xb1\xe6\
\x05\xf3t\xc3<O\xc8\xeb\x8a\xd9\x02\xc2\x00\xdb\x1a\xaf\
\x1f\xa2\x93\xd7]\xf4\xdd\xb6.v\xfb\xc1\xde,\xb7Z\
\x84a\xf1}\x8a\x85\xd8de\xde\xbd\xb2\xfen\x7fj\
\x86\xee\xacG\xad\xcd>\xe79\x8f\xf7/\x15\xb6\xf5\xb9\
\xedi>k,\xb9\xaf\x97\x9d\x0fD8\xb8a\xa0\xbb\
*\xd7\x9bMt+K\xfe\x22\xb0\xe6\x9f\xb5\x12H\xd8\
-\xaf]?Y\xd9`Y\xbf\x14\x03\xb1l\x9f\xf4^\
\xd8\xf7\x87\xff\xe6!\x1e\x171\xb6\xa4\x15I`\x87/\
Q,\x07`\xc0a\xdb\x03\xec\xb8\xa2\x0d\x01\x8f\xf8x\
X\x0b\xda\xa9]\xc2_\xec\xe3\xb6\x1d\xa8\x8f\xb9\xe7\x01\
 U\x09\xc8yi\xed\xa5\x06le\xfb<j\xa3\xcc\
yf\x03\xeaC\xc8Q\xde\x9b\x9e\x13X\x86\x1a0\xec\
\xb5\xfa\xbd\xac\x01\x80\xee\x82\x82\xd1~\x03\x14A\x0b\xca\
r\xc3\xfd\xedg@g\x9cO\x0f\xe8\xba\x111\x98Y\
\xad1\xbeSL\x90\x14i\xfa\x1b#BJ\x0cJ\x04\
\x03\xbdB`0\x0f\x04bs1\x22\xa4\x1e)u\x10\
\x03\x05E\x81Z2\xeeo/\xf8\xf2\x0f\xff_\xdc^\
\xbe\xd8h0\xf0I\x08,_b\x07\x84\x04I\x1d \
\x9dE\xe1\xe58\x06\x9f\xb7b;\xa1\xdd\x1f\xda\x12\x02\
\xdb\xec=\xcbg\x00\xfe\xf2\xef\x9c\x8f\xfe\xc9\xe3>V\
\xc1\x9f\x01<\xe8\x88%\xf25\xe9\xf7\xcd\xa0\xd6\x06\x1b\
|1\x13d/\xdbjh\x93\xbf\x95\xc3\x1f\xac\xf8\xfd\
W\xcfa\xc7}^nu{\x19\x7fI\x04x\xf7\xa2\
\xb1\x15\xde\xf6\x9fv\xa7\xf4\xc4v\xda\x01C\xe6\xf4<\
M|\xce\x90\x13\xca\x14\xfe\x8f\xaf\x91\x03\x00<\xe4\x90\
C\x0e9\xe4{\x96\x03\x00<\xe4\x90\xef_t\x07\x00\
~T,\xb7s\x19\x00v\x80\x96)\xce\x06\xbcP9\
\xdc\x1eK\xfd\x01z\x7fl/\xed\xe8\xee\xbc\xc2\x94_\
Uc2H\x83_\x5cAf\x96M\xa9\xdc\xa9\x8aV\
\xaa?]\x1b\xcb\xc5hE\xaad\xbd\xc1\xfd\xbc\xc5\x88\
\xaa\xca\xa0\x10\x95f\xaaU\xd5|\x18\x19\xf8\xa5\x15y\
\xa5\xf9n\xd7\xf7l\x8d\xb3FLaQ%HW\x94\
\xa6\x8c\x00Z\x19\xf6\xe4\x0f5\x9fj\xb9\xacVW\x82\
\x88\x18\xcb\x89\xa0!\xd9~\x0c\xc8\xe1f\x8e\x0d@\x13\
W\x18@%\x0c\x1b\xe3\x8fl\x145\xc5\x8d\xed\xa2\xe2\
f\xed\x83iZ-\xfb\x0e\xb4hM\xa4\x12\xacBe\
K\x88\xa05\x05F\x95\xffP\xb1e;\x19\xb8\x85\xc0\
#A\xba\xba)\xd5\xf6\xa7;0\x86\xc7\x0d\xf4\xf0\xeb\
j\xb2):j\xfe\xb2\x1a\xc3F\x19\xf9\xd5k\x86]\
{\x15E\x01\x10\xaa\x1d\xf0~\xb1TT\x12\xbdk\x04\
)\xd2|\x99\x8a\xad\x95$\xac\xd9\xd4j\x00\xc2\x00\x01\
\xad\x8fvH*\xd8\xf7C?\xe0\xef\xfe\xed\x7f\x87\xf3\
\xe5\xd3\xee\xc4!\xff\xc9\xa2\x8aR2\xf2\xba`\x9eo\
\x98\xa6;\xe6e6@\x8bf\xe5\xc5L\x84\xdb\xba\xb7\
u\xa8\xc5\xcc\x94\x01D\x9b\xef\x9c+^4\xbfi\xe5\
\x5c*\x96V\xac^\xe8\x1eL\xd8\xf605 Q\xa1\
\x88!\xb69\xec\xf5\x92EK\x96Y\x13_k^\xae\
\x01\xe8m\x1f\xb46\xd0k\xdc\x96o+b\xffb\xc5\
\xda\xbd\x03\x93\xb8\xc7\xf2\x18\xdb\xfa~\x8f\xdd\x8es]\
\xfaq\x80\xa6\xfb\x80\x81\xdb\xaa\x00\x08\xf6\xa9\xdaZj\
`\xd8\xafH;\xeekf\xb7 \xecZ\x99\xc2\xdab\
\xa7\xd86\xbf'\x10\xce\xf0\x0dG\xc4\xca\xe1)\xa8\x83\
on\xb6\xa9\xfb\xe8\xbc\x5c\xa3\xda\x22'o\xd7\xe5\xe7\
\x80\xad\xff[.c\xdf\xf1\x9cU\xadf\xdel}\xc0\
\x0e\xf0\x0cv\x5c\xbc\x9dv1\xca}\x8b_\xed\xfed\
\xd7ES_\x96\xd5\xe6\x9d\x95\xbf\xdf\x0b\x83*\xa4\xae\
Xn/X\xee\xcf\x18\x86\x0e\x97\x87G\xa4\x948\xb7\
\x00\x03\xd2\xbc\x0f\xc9\x94T\x1bc\xfare\xfbC\x14\
@\x22Yy\x00{,\xf0\xa5FH\x0c4%\x22\x90\
\x10\x11\xad\xf0\x92\x17\xe4uA^VL\xd3\x0d\xcbt\
G]W\x88\xbdt\x0a)!t\x03B7@B\x07\
\xb5\xf2y\x8f\xe3\xbde\xbb\x878\x0a\xeb}\xee\xf3\xd6\
\xf6\xe7w@\xf5\x06\xd250\xd1\xf3\xdb\xbdJ P\
7)\xb6\x82y\xef\xdaJ\x09\xb0r\xbd\x9ew/o\
\xfc^h\xbbz\xabc\xbb\x1f(\x0046#\xfbd\
\xcf\x0bn\xebf\xc7\x02\xdc\xd6\xe2^v\xf7!\x9f\x1b\
\xe2W\xbe\xa5\xa7\xd9\xb8\x9a\x03\x89m\xae\xf9}\x97\xe5\
\xb0C|\x8e\xaa\xaa\xad\x91\xdd\x9f\x98\xc1\x01t+_\
\x0f\x1f\x80\x87\x1cr\xc8!\x87|\xe7r\x00\x80\x87\x1c\
\xf2\xfd\x8b\xfe\xb3\x00`\xa1\x02f\xca\xc5&\xf64\xfd\
N1}\xffh\xea\xbf>>N[\xe9\xa6_\xda\x03\
\xaej3\xa1\xc5N\xb1Pc\xb89\x0bf_\x17\xbf\
o\xc7(\xae,\x9b)j\xb0\xc8\xb2\xbb\xa6\xf1\xf9\xdd\
\x94;\xa59\xb0Z\x14^6\x89\xd7\xbd\xcc3J\xad\
\xe8\xban\xc7\xda\xa1\xe2A\x13U\x9a\xf0\xd2\x17\x22\x15\
\x0eWFI\x8d\xdb\x02,8;\x8fMQ\x88\x92\xa1\
\xb4Sm\xf9\xb7S\x80\x5c\x81\x11\xa1\xa2BE\x87\x80\
\x00+d?\x895\xca\xdb\xa0\xb0>j-\xb6>\xf6\
_>N\x8a\xc6\x94\xf1V4\x11S\xd0\x94\xe5\xc1\xda\
O\xe5\x96\xd7\x00(\x95)\xa5\xdfD\xb4~53<\
\xfb\xcd?W\x9e\xad\xfc\xed\x0b\x14@\xa8\x1e4\xc0\x22\
\x83\xb2qT\xe6A\x16 \xb0\x01/uwET\xb7\
x\x05\x0a\x82\x9e\x9c\x0f\x9bj\xa9v=\x0e\x9e*\xf8\
i\x1c-\xb6\xb5\xe9\xa7V\x92%\xf6<\xa7\xcb\x03\xfe\
\xcd\xbf\xfd\x1f\xd0\x0f'\xab\xf9\x90\xff\xadDUQK\
\xc6\xb2L\x98\xe7;\xe6\xd9\x22QW2G\xab\x9b\xbf\
\x1a\xc0&B\xf3\xfc\xf2+\xac\xe5mn\xd9\xfc\xabm\
\xf6\xf8A\x1e\xf7\xb5\x04\xff\xcd\xac\xbe\x9f80\xcf\xf9\
\x0b\xfa|\xf3Rv\xac\xb0&\xdc\x8cZYm~:\
[Hk\x9bd\xef\xf6\x13[\xb3[\x0e_\xa3\xbbu\
\xb0K\xfda\x9b\x05`\x0cE~\xb3\xfdr\xcb\xa7J\
\xff\x95<`\xa9\xac\x90\xb6\x17@\xda^k\x0bf\x03\
\xee\x1axh%(\xfb\xcd\x01T8\x00\xe6\xe2e\xee\
\xef\x17\xd6/v\xa2]1\xfb\x0cP\x90\x11l=n\
\xbe\xcf\x00Xp\x10kM\xebw\xdf\xef\xbd\xc4\xd6\x02\
e\x9b\xb7\xba\xbc<\x0f\xe3\xe2\x077 \x94)\xc9\xd6\
\xe3W\x9b\x0b\xe0\x1e\xee\xdf}n\xf9g\xa8,\x97F\
\xbeV\xa7\xbf\xc4R\x85\xa0\xa0\xae3\xae\xaf_\x91\x97\
W\x9c\xc7\x0e}7\x22\xc5\xce\x80\xa2\x0a\x09\x11\x0a{\
\xe1%V\x8fD\xee\xac\x16\x05\x9e\xd5Y\xa4\xec@\xa0\
O\x01D\x09\xd0\x10\xa1\x12!!4w\x14\xdc\xffX\
&\xdf{\x18sP\x01\xd1\x8a<O\x98\xaf/\x98\xee\
o\xa85#\xa5\xc4H\xc3i\x04b\xb7\x81\x8c\xb6\xd0\
\x08\xca\xf1\xce\xa3\x06\xbc\xd9I\xbbO8\xc0\xd6\xbem\
\xf7,\x88\xbdX\xda\xee\x8d\x8d\xb1\xed\xc0\xad\xff\xb6b\
\xbd.\xc0\x5ca\xb4\x17\x5c0\xf0n\x07\x00\x02\x06\x13\
n\xf56\xb6\xa87s\xffUe\xc7\xa8\xb5\x09\x07\xb4\
\x9d\xe0\x17\xe9mJ\xf1\x9c\xdd\xbf\xda\xfcf>&\xb2\
\xb6\xfb:i\xd3o\xdb\x8f\x1c\x04\xe4\x18\xfb\xfc2 \
Ywi\xbd\x0c\x9bS^\xa5\xe0\x00\x00\x0f9\xe4\x90\
C\x0e\xf9\xce\xe5\x00\x00\x0f9\xe4\xfb\x17\xfdg\x00@\
\xf5\x88\x9f\x12\x10b\xd8\xbd\xc9\xf6\x07\xd8-\xfd>\xef\
\x06@\xb5G\xeb_\xa4\x01\x9f\xf1Y\x86+i\xc6~\
\xb0\x94\xa6(\x1b\x03`WOK\xa1\xdaX/0\xa5\
\xc2\xcd\xec$\x043\xd3%#\xa7\x96\xcd\xfcN!\x06\
\x00\xf2\xda\xfc)\xbf\x16:m\xcf9#\x97\x0c\xa8\xa2\
\x1f\x06\xfa+\xcb\x99\xec#\xad\xf4\xd7g\xedf\xcd\x9b\
\x99\xa0\xb3\xf8\xd87T \xab\xb5=\x18\xc0'\xa2T\
\xd2B\xa0\xd3u\x07\xf2\x02\xcf\xf1q\xbf]\x95k\x1b\
\xa6El\xfd\xb0\x01\x9f\xef\xc7\xc1\x85\xfd\xb9\x87\xcb\x98\
\xae)7\xd6wA\x19D\x04\x0e\xa8\x02\xe6\x93\x90\xf5\
q.Pi\xa6\x02\xc5\x12\x98\xd2\x81\x19\x03f]}\
\xb3\xef\xd4\xc8|,}\x18\xd9G\xfcJ*\xe1\x96\xde\
\x03\x92\xd8q\xb6\x80\xf5[q\xbcR\xef'\x03$\xbc\
=\xc2o\xc1\x94\xcf*\x96\xc2\x94\xd5v\xf5M\xa9d\
I\xea\xfdi\xed\xe3WSp\x05x\xfa\xf4#\xfe\xee\
\xef\xff{\xc4]\xe4\xe6C\xfe7\x16\x9bg\xb9\xacX\
\xd7\x05\xeb2\xa1d2qKe$\xe1R\x08\x12\x03\
\xf4\x89Y,\x10\x8e-\xb96\xa6\xfb\xc0F\x9c\xc3h\
\xe3Z\xab\xadI\x9b\xd3<\xc3\x02\x08x\xf0<\xf3p\
\xd6p:z\x9a\xad\x9ew\xa6\xc9\xe0\xcb\x01\x9fe\x8c\
\x0e\xce\x08\xc1\x040\x1d\x9d\xd8\xda\xe3 \xb7\xcfKo\
\x87\xfd\xd3d\xab\xc3\xd2\xedO\x7f\x00\xe1D|\xbd\xfa\
~*p\xf3|&\x7f_\xb6\xaf\xdd\xed\x80]\x9d\xa2\
\xad\xdd\xad/\x99~\xcf\xf8\xda\xf7s\x0b&\x22\x0d\xe6\
c\x1f\x1a\x0b\xaf\x8d\x07\xf4\x1d\xbb\x9b\xe0\x19\xd7\xb1\xef\
<\xbe\x172\xbf\xf5\xbd\xa7w\xc0\xcc\xab\xf0\x09\x00^\
\xfb\xbe\x8f\xd5\xfc\xa2\xf2\x80\xf5\xc1.\xaf\x80mc\xd7\
\xb3N\x9e\xe7~\xaf \xeb\x0fj;\xa6*Bcv\
\xfa\xbc\xa8\x08Z\x19Hh]0\xdd\x9eq}\xfd\x02\
-3\x86!\xd1\xdcW\x02B\x88\x08A\x08\xe6\x05\x9a\
\xde\xa2\x81l\x80\x04\xfa\xf9\xb3\xab\x06\xfc\x85\x13\x14\x22\
\x09)\xf54\xfd\x0d\x81`\x1d\x84\xec\xbf`/\xe9D\
\xc8@\xf3k\xf3{\xb1\x04\xc4\x10\x11\x83@\xa4\xa2\xac\
\x0b\xeeo/X\xe7\x09!\x08b\x0c\x90\xd8#\xc4\x1e\
\x12S3\xcf\xf52$x\x04\xe7\xdd\xf8skoB\
F\xdf\xb6\x8fr\x1aqw\xe6\xde\xcc\xdf\x80\x03q\xec\
t\xd9\x05\xfcP\x0b`\x05\x03\x00\xd5\xa6\x22\xf7o\x96\
\xcfFyzk\x8f\x05\x18\xf2y\xe1s\xb5\x89\x01\xc9\
\xcc\xcb\x16\xf1\xa7\xdd\x15|\xaa1\x01\xbf\xef\xe6\x9c\xc2\
\xe7\xb9\xd5k\xc9|\x12\xf9\x5c\xdb\x03}\x00o\x8f\x02\
\x82~^^\x15\x18+\xde\xe6\xecn]z\x1dV\x1c\
KR6\xee\x00\x00\x0f9\xe4\x90C\x0e\xf9\xae\xe5\x00\
\x00\x0f9\xe4\xfb\x17\x7f\xe0\xdc\xfb\x00\xdc+\x89\x0e\x00\
\x8a\x84\xe6\x97\xc7\xcfyz\x7f\xd0\xf6|\xfb\x07o>\
\xbf\xda\x1b{S\xe2\xf6\x8a$\x00S\xe6\xa9-\xb4\xf4\
-\xb7+\xc6T\xde\xf6ulJ\xde\xd6\x0e?\xae\xaa\
\x08!R\xd9h\xc1.*j\xc9\xadxWj\x9dq\
&APJA^3J\xa19n\x10A\x8c\x11%\
\xaf\xf4\x01h\xfe\xff\xd8\x22c\xcdx_\x19\x0bG\xad\
-\xc1|$\xb9RF%\x8a&\xc2~\xbc\xc1\xa3\xad\
?v\xe0\x1cO\xbcS\xb0 \xdb\x18m}\xb0;m\
\xc7\xb6\xde\x85)\x1a\xd2`R\x80J\x9b@M\x11!\
\x87BM\x11r\xbd\xc5\x01R1\x05\xc4a\xc4`&\
W\xd5\xfc\xf4\xf9\xd8\x8a\xb7\x0b4-\xe4\xd8\xc0z\x04\
6\xae\x0eH\xfa!\xaaI\xaa\xec\xd7\xadnS\xb6w\
c\xee\xc7\xbd\x8f\xc1\xd2\x9aR\xc7cv\xe5vM\x01\
T\xb6\x1c\xdc$3g\xa7\xbc\xd9\x87\x8f\x85\xb5\xd0N\
q\xa0x\x1e\xf8\xf1\x0f\xff\x0a\x7f\xfc\xbb\xff\xfa\x83O\
\xb6C\xfe\xf3\x09\xe7O\xad\x85\xeb\xafd\xe4u\xc6\x9a\
\xd7\xc6\x0e\x5csF\xce\xee{\x93\x80_00\xc1\xe7\
\x8e/\xadj\x8c-1\x1c\xc8}\xbbmk\x89f\xfc\
\xaa@\x08\x9c\x05\x1b\x08h-\xb2yi9\xdb\xda\xa4\
\xe9\xfa\x96\xae\xed\x8d\x81/\x17\xbc\xcemM\xb8x\xa0\
\x11\xee\x91>\xd7\xb74\xdcg}\xbf\xdc\xf67\x000\
\xa6\xab\xda\xbax\xb7\xe8m\x8d\xbd[,\xbe\xd6v@\
\x9enuB|/\xf6\xbdg?\xcf\x9d\xab\xbc\xb5\xff\
\xfd.\xc3~\xb1$\xfea \xc8.\x9f\xad??\xa3\
\xc0\xbb\xf5\xd4\xda\xa2\x96\xcf\xc7\xc6sX\x19\xad\x12\xfb\
\xe9e\xb7\xb68hbc%\xedoc9\xb2\x1f\xb7\
\xf9\xe0\xf9\x15\xd8\x81\xb20\xe0r\x1bsU\xbe\xec\x11\
\xad\x80E\xc4\x0e\x02D(\xb0\xce\xb8\xbe~\xc3\xcb\xb7\
/\xc8\xeb\x151\x09\x86\x81\xa0]\x90\xc4\x08\xb8\x16\x80\
\x080\x9f\xa46\xae\x8d\xa9\x07\xf0\xf5\x85\x08\xd9\xd5Z\
\xa1*(\x02\x04I\x88\x91\x00\xa0\xc4\x00\x11F\xb0\x8f\
1\x1a\x08\xc8\xa0\x1e\xfb+\x0e\x81\x80\x9a\xcf\x19\x08\x10\
\xe0 S\xc52O\xc8\xf7;\xa0+b4P2F\
\xb2\x01\xcd<\x99\xd3\xc1_\xa2l\xfb%\x814\x0e\x04\
\x8b\xb7\xf3\xf6\x87 \xa8\x06\xa8\xfbQ\x9f\xb3>\x07\xd9\
$\xbab\xd8\xf6a\x07\xdal4E6R\xa2\xd5\xe7\
u1\xed\x8e\x03.\xfbOk\x87O\x8d\xadB`w\
\xef\xa0\xf8L\xd9\x7f2\xbd\xdd1\xda\xfd\x8dG\xb6\xb9\
\x85\xfd}\xaa}(\xeb\xa8\xfc\xbe\xcd(\xa6Q_A\
\xb6\x06}~\xc1\xd7\xd1\xaeN~\x0d\x07\x00x\xc8!\
\x87\x1cr\xc8\xf7+\x07\xf8w\xc8!\xbf\x1dq\xe5\xf9\
/\x01\x80\xfcm\x0f\xff\xc6d\xa9\xael\x9bO\xbb\xf6\
\xf0\xbb\x13\x7f\xc0\xf7\x07\xdb\xedayK\xc3:\xde\xe7\
\xa5\x82\xca\x87c\x05h\xc2\xd6\x14_\x87\xa1\xbc\x9d\xf6\
\x90m\x00\x1b\x9a\xf2MV\x04`\xda\x9d0\x0ai^\
Whc=\xd2|\x97\xb8\x93\xb3\x0fi\xda\xeb~\xc6\
\x002\xd1\xfc\x01\x9d\xed\xa1\x12\xb9W\x1d\x5c1\xa2\xa2\
b\x8c>\xd3`\xde)\x19\xbb\x88\xc4\xef\x14\x14\xeb!\
W\xa7Z\x8f\xb4\xac^\xbbS\x03\xfc\xe8\x06px?\
\x0ad\xe7\xa3\xcc\xfb\xd7\x22)Z\x91$\x12VT\xcb\
\x1c\xb4\xa9#\x14\xf31\xf8\xce<\x09\x1b8(\x06\xf2\
\xb5Q\xb54\xbbZ\xa94\xd9\x01/\x82`baQ\
v\xba1&\xa1PgK\xf8\xdc\xc3\x06hj\xbb\xc6\
\x9d\x02\xa7\x15\xa2\x0c\x80\xd2\xd8'\xc6~!\xa3\x83\xc0\
\xe5\x06\xe9\xd1;\x93X\x7f\xd4\x06s0\xa7\x82\xd1:\
\xdfwT@\x0c\x01\x7f\xf3\xb7\x7f\x8f\xdf\xff\xf1\xdf\xd8\
\x89C\xfe\x8f\x10\x82\xf8\x04\x04k\xcdX\xd7\x05%g\
\xac\xeb\x8a\x5c\x19eXsE.y\x03\xd6\xe0{\x11\
\x03W\x90\xc5\xcb\xe3\x9cz\x1bk\xb7\xads[\x0f\xc1\
\x81\x22\x9b\x1d\xfc\xbf6\xff\x5c\xfb\xb9\xc3\xf2l\x0dX\
\xf9\x0d\x84lm\xe0\xdeA?\x87\x9chm?\xf1\x85\
l\xd2\xa2\x0f\x1b\x98\xb7\xa5\xdf\xadiV\xd3\xf68\xbf\
.\x0a\xf7k\x96\x0dNj\xe5q\xf5\xc5g \x90~\
x\xa1\xe0\xc5\xf0S\x01\xad\x10\x183K\xcd\x84qW\
\x95]=\xcf\xdb\x1e\xe6k\x8ck\xdd\xcel\x8da?\
\xdb\xde\x0d\xeb\xbb\xd6\x07\xde>\x93\xfa\xee\xa5\x06\xdb\xb3\
\xbf\xf4M\xbc\xfd\xdbA\xb1\xf6\xf2\x1a\xdeg\xe0x\x11\
\xd4\xb3\x7f\xaco\xac\x9c\xf6\x1bPaZT h%\
\x88\xa6\x05\x9a3\xd6\xfb\x1d\xaf/_\xf1\xfa\xfc\x13\xf2\
r\xc3\xd0%\x8ccBH\x16\xcc#&2\xf4\xec\xb2\
\x08\x9e\x05H\x0c\x88\xc2\x17U\xf4\x1fk`\xa7\xb3M\
A\xf0\x0fB\xc0/\x06g\xfa\xd1\xecW\x22Y\xe41\
DH\x8a\x08\xa1c\xd0\x10\xb1\xf2\xed\x8f\x17NpM\
\xecE\x88\x8f{-\xe6\xefv\xba\x02%#u\x09i\
p\x9f\x80\xee\x0f\x10\x80\x81sn\xf9\xcd\xce\xb5\x1f6\
\x7f\x05\xbe7[\x1a\xbb\x1e\x01\xef\x89<\xbd\x8d\xa4\xb7\
\x0b\x16\x8d};g\xf3\xd9\xc8\xf9\xf0z\xbd\xfd\xd8E\
\x95\x16[\x1b6\xacm\x19y\xdd\xbe\xb6\x94-\xd1\x8d\
\xa2ge\xf1\xcfN\xef\xa7];\xb7\xcd\x876\xc5v\
\xb3\x9d\x80\xf0\xfb\xb9\xe7\xf7-c\xc3\xda\x7f\xf6\xa3\xe5\
\x16\xf8\x1a\xf7\xbd\xc5\xea\xdcM\x7f\xae\x0b;w\x00\x80\
\x87\x1cr\xc8!\x87|\xafr\x00\x80\x87\x1c\xf2\xdb\x91\
\x7f\x1a\x00t\x05u\x8b\xcc\xe7\x8e\xfbc\xea\x10B\xe2\
\xc3\xacR\x89r%U\x04\xe6\xb0{\xf7@o\x1f\xfe\
\x80lO\xce\xf6\xf0\xeb\xf9\xb7\x07~\x7f\xbe\xf7\x07m\
o\xcb\xe6\x0f\xd0\x8anQbM\x91\x87\x81\x95\xc1\x1c\
\xe0\x1b\xd8\xb7\xae\x0br\xce;\xb6\xd0f\xde\xb5\x7f\xc0\
\xaff\xda\xd5\x18i\xd4\x00\xa8tx\x950\x85\xc74\
\x88\x00\xfa\x0c\xd3@e\xc6\xb2X:\xbf\x0e3\xf1U\
\x96\xe6\x096\xe5\xc5~[\xdf\xecT\x04\xf61\x94\x1a\
\x91;57@mW\x95\xa5\xfb\xa5\x08\xf5V\xa8\x99\
\xc6\xf2zM\x8960Sa\xcc\x1f+@\x85\xac\x1f\
\xb2\x05\xadd\x038\x98\xcf\xc0Q37\xf4\xf6\xaa\xda\
\xb9V\x90\x99\xd05\xa5\xc8\x94\x1dW\x8c\xf8e\xa7\x04\
Y\xff\xeb\xa6 Y3\xcd\xfc\xce\x86\xc4g\xd7n\x8e\
\xf0\x80\xd8_k\xe9\xce\xf4\xd2\xc1\x09;\xeb\x87m|\
\xd4\x94IF\x9f\xe4\x89\x0aA\x97\x12\xfe\xf5\xdf\xffw\
x\xfa\xe1\x0f,\xef\x90\xff\xe3e\xb7?\xe5\xbc\xf2s\
\x9dQJ\xc6\xbc\xcc\x0c~\x903jf\xb0\x91\xbd\xbf\
\xc0\x06\x04\xee\xe6%\xcd\xce\x0d\x80\xb1\x88\xdf\x96\x1a\x8a\
-H\x8e\x92 f\xd3\xd2V\xb2\xafo\x07\xb1\xdc\xdc\
\xdd\xcf\x193Q\x95.\x06\xb8\x07\x1a\xcb\xcbYi6\
\xab\xf7@\x1c\x8b\xdc\x01c\xbe^\xda\xe7\x0e\x04\xb4\xb4\
\xac\xd5\xd3\xb73\xfc3\x9a\xa0\x97\xefY\xdb\xaa\xf6u\
\xd9\x0a\xdd^00/W\xce\xaeJ`W\x9b\x1f\x97\
\xad*vV+\x84\x1d\x22\xe4\xe2\xb1\xf7m\xd3W\xbb\
v\xa6\xd9\xb5\xa9z\x1fx\x05\xef\xeb\xdf\xaey\xff\x9b\
\xf5@\x84L=[\xc7P\xb2\xdf\xb6=\xc9\xeaj\x8c\
?\xef\x07\xb6\xb1\x95\xa7\x8c\x12,\x22\x88U\x81\xb2b\
\x99\xaex{y\xc6\xcb\xf3W,\xb7W\xa0.\xe8{\
\xc18\xf4\xe8\x86\x111&\xdb\x8a\x08\x9c\xd6jQx\
E\x0c\xf4\xa3/?\xc1\x06\xfe\xb9?\xc1\xd2\xcc\xc8\xc5\
\xcc\x86\x13B\x0cH\xc6\xfa\x83DF\x03N\x04\x04c\
\x88\xbc\x1f\xa7\xce\xfc\x00\xd2\xac8\x80/\xa4\xec\x92,\
\x8a0_t\x90Ln,\xebZQrF\x9eg\xe4\
e\x82\x8ab\x18\x06\xa4n \x08\x18|l\xb6\x88\xe9\
\x1c\x90\xfd\xbd\xce\xee\xd9\x06\xcei\xb0kS\xba\xbe\xd8\
\x22\xac\xb7\x99\xbe\x8d\xb7}2\xfe\xb0B\x83\x81\xb6v\
o\x14\xae\x96\xb6?\xb7\x19g_\xbd\x0d~\xef\xb4\xa1\
\xe61+\xc3E\xfd\xfe\xb9\x95\xd2>\xd1fR[\xe0\
\xed\x85\x9d\xc2\x81dO\xc5y+\x80\xb1D\xbd\x00\xce\
!\xb59\xed\xdf]\xd8V\x9fi\xce\x22\xe6KK[\
\x05V\x8eW\xc6O\xd1\xc3\x07\xe0!\x87\x1cr\xc8!\
\xdf\xb1\x1c\x00\xe0!\x87\xfcvD\xcd\x04\xb8\x14\x9a\xc0\
\xf9\xb1\x06\x08\xda\xef\xf6\x03J\x16\x97\x08\x83D\xa8)\
\xb4Js#\x00\x88\x91\x8a)\x1f_\xb7\xc7k2\xf8\
\xf6\xb2=\x1c\xf3\xc3\x1fx\xf7y\xfc\x81\x9ayC`\
\xbd\xfb<T\x0e\xfd\x81{\xcb_k\xc1\xba\xd2\x9fX\
\xc9\xb9=\xa3\xfbC{\xb5\xb6\xab\xfb\xa0sE\x94\xa5\
[\xe2\xed\x0a\x08\xf8m\xbf\xe9\x87\x89I\x1d\x0ct\xc5\
\xa0\xc9\xee9^d\xf7v\x7f\xaf$+v\x9a\x86\x18\
\xd0\xa0\xa6n\xbd?\x07\xa1\xd2 [C7\xd5\xb5)\
\xce\x96M~9v\x02i \x5c\x15;fI\x9c\xd3\
\xc7\x7f\xe8\x93\xcb\x0d\xf4\xde)4 \xcbP\xc8\x87j\
\xe7\xb1o*\x14\xd0\xd2\xc6\x85\xfa\xe6\xc6\xa8,\xef\xd2\
\xed\xc7\x92?T\xd9R\x9e\xb6\xeb\x03\xd5$\xbf\xc46\
Nj\x17\xbb+O\xc4\x14\xdd\xe6Wl\xeb/\x17\xce\
\x94\xddh\x1b+0\xda\xd1\x0a*\xed\xc38\xe2\xdf\xfd\
W\xff#\xc6\xf3\xe3\xfb\x02\x0e\xf9n\x84{\x10\x81\xbd\
\x92\x17\xd4\x92\xb1\xae\xb3\xedm+\xd65\xa3\xe6\x8c\x9c\
W\xe4R\x08\xb2\x98\x8b\x03\xdbbl\x0f\xd8X\xa9\x9c\
\xf3u\x03\x8f\x0cKpf_\x03\xd3\x1bC\x99@\x1f\
\xd7\x9d\xb1\xfd\xd4LF\xb9I\xb5\x17*\xdb>E\xe5\
\x9f\xd7\xe0\x00\x87\xb7\x85\x7f\x0e\x0a:X\xc65\xe5\xc0\
\xdaV\xf7\xbe/6\xd0p+\x8b-\xf8\xa50\xaf\xff\
\xd9\x8a\xb7:\xb6b\xf6\xb9\xbdN\xff\xe5\xe0\xc5\xbb$\
\x94j\x08\xce\x0e\xcc\x11s\x1f\xe0\xbd\xd0\xf2Z\x1f0\
\xbfm\x0a\xb6\xfee\x7f\xae\x89\xb7a\x7f\xc2\x0aV\xab\
l\x07\xc6n\xffl}\xebi}\x87\xf1\x92\x02\x041\
\xf2\xca\xa4\x14\xe4e\xc1\xed\xed\x15\xb7o_0\xbd}\
E\x9en(\xba\x22F\xc1\xd8'\xf4\xbd\xf9\xf7\x8b\x11\
\x1a: $\xbbd1\x969\xdb#  V5l\
\x1c\xd2\xc0\xfbe\x85\xa2\xc2\xc0;u\xa0\x8d\xa0_\x8c\
f\xea\x1b\xcc\xd47\xd2W`L\x09)v\x08\xb1c\
T`\x03\xf9`\xbeeC\xf3\xa9g\x00\x9d\xd5\xc5\xfb\
\x10\xafWlN3\xb8U\xc5|\xbf\xa2\xac\x0bR\x0a\
\xe8\x87\x1e!m\xd1\x819z6\x9e\x06\x8c\xb3x\x02\
z^\x97\xdf'\x99\x8a\x80 \xd3;H\xb7\xddGy\
h\x0b\xbc\x03\x11\xae9\xef/K\xa4\x0d\x88\xdc\xc9\xfe\
\xfe\xdcZhCm'>N\x9bV\x82\xc0\xeeG\xed\
rL\xb8N\x85_\xfdH\xeb+\xff\xeds\x07\xb0\xb9\
\x0a\xbb\x18cW~\xac\xf7\xdd:\xb3\xe9\xc9\x13\xdb\x17\
\xc2\xd5v\x9f\xb6vy\xb6\x03\x00<\xe4\x90C\x0e9\
\xe4\xbb\x95\x03\x00<\xe4\x90\xdf\x8e\xe8\xce\x07\xe0^\x91\
\xf4\xef\xd5\x95\xa3\xca7\xe0\xc1\x9cw\xf3\xd9\x97\x0f\xca\
LO\xc5&\x18\x9b\xa1\xd6\x8au]\x11\x02\x15\x17\x7f\
\xf8m\x0f\xb4\xef\x1e\x88a\xa0\x9e+\x9c\xdb#=\xcf\
\xf1\xb1\xd8E\x0d\xa0\xe4\x83\xbb EF\xfb\xa5\x12C\
\x86\x9f\xffU\xf7\xdd\xd7\xde\xd6\xbb\x12\xeeL@\xbc+\
\x1b0\xc5\x00\xa6\xe4\x18\xc3\xcf\x99\x07\xb2wtni\
]\xd7\x84\x97\xe4\x17\xd8\x94\x13\x03\xa3\x84\xdf\xc8t\xb0\
\xebhe\x183\xc1\x10B\xa6\xb7RM\xd7`-\xe6\
\x83\xd0p\x03\xc5\x0eH\xdcKS\xf8MqiJ\xae\
\x83t\xf2\x01\x004\xa5\xdc\xf2m\xd7\xd3\x06\x8b\x0d\xd9\
)$\xae\xa4\xfb\xfc\xf0|U\x95\xfcB\x03\xfc\xd0\x00\
\xc0\x8a`\xd7\xcc\xa8\xaa\x9b\xb9\xb2\xda5o\xa6z\x8d\
C\xc8k\xb0\x1f\x016G\xcd$\xcdJ6\x90\x84\xa9\
\xf7\xa0\x9e\x03\x80*\xa0\xd9\x9b\x08\xc4:\xac)\xaf\x9e\
\xdf\xbf[^\x15\xfa\x86||\xfc\x8c\x7f\xfd\xef\xfe\x07\
t\xdd\xb0e8\xe4\xbb\x17\x07\xdbJ^Q\xcbJP\
0/4\x19^\x17\xfa\xfc,\x15\xb5\xac(\x99\xdf\x09\
\x0c\xbaBo\xa0\x88\x81\x82b\xeb\xb9\xad#\x10\xdc\xfb\
\xb8gr.r\x81V\x07\xcbm\xadyZ\x18{o\
\xdb\x03\xb79\xde\x92\xec\xc4\xf7-\xae1\xce\xd5\x8d\x91\
\xf4K\xd9\xca5\xc0\xa7%\xdd\x00\xc5}\xe6\xed\xe5\x0c\
\xf7w\xfe\xff\x81y\xe7k\xd4\xda\xc8r7\x00\xc6\x85\
k\xcd@\x0e\x07Bl\xe3\xdfV\xe6\x96\x9f\xa9\xb7c\
\xadR\xefW\xff\xd7\x9a\xbb\xefo\xee\x91\xfc-\xb0~\
o\x1dh\xe3\xf1\xee\xea\xb7\xb1m\xc5\xaa\x99\xfe\x0b\x19\
s\x11\x0a\xc9\x19\xcbt\xc3\xf5\xf5\x1bn\xcf_1\xbd\
=c\x9e\xaf\x80\x16H\x04\x86\x94\xd0\xa5\x88\x94\x02#\
\xf6\x86\x00\x95\x00Hbt\xde\x10\xc8Z\xabh\x013\
\x5c\xaa*J\xe5\x8b,\x09\x02\x84`\xd1\xaa\xd5\xa2\xf0\
n\xd1\xc7i\xee\x1b\xe9\x9f/\x06\x82~\xf6G\x00\xb0\
36\xbe\x01\x83v\x0d\xe2\xf7b\x88\x01\x82\xd6\x00\xdb\
\xe7\xa2\xfd.\x06d\xf3>o\xf3\xaa*j^0\xdf\
\xaf\xa85\xa3\xeb\x12R\xea\xc8 \xf4}\xd2\xdb\xb7\x1b\
\xff6\xaf\xec^\x19|\x8d\xd8}\xb4\xa5\x16\x03\xfd\xac\
\x0dV\x94\x05\xc3\xf2\xb9\xcd1s\x9f\x9eP\x1ec \
\x12\x1f\xdf\x0d$\xdcJo\xb1\x82\x01c\xec\xba\xf0\x98\
\xb1B\xad|\x01\xdaBb;\xb6y\xc7L\xdbws\
Ja\x87\xd5\x1a\x05/\xf9C6;\xd6\xd2l\xc7\xfd\
%\x17\xc7\x98\xfey\xf7/\xce<O{\xf9\x06\xf0\xea\
\x0e\x00\xf0\x90C\x0e9\xe4\x90\xefU\x0e\x00\xf0\x90C\
~;\xa2;\xd0\xcc\x15X?\xces~\xbc=o\x9b\
y/E\xe0lA\x0b|a\x0f\xf5\xd5\x9c\xf4\x8b\x00\
)\xa6\xa6\xe0\x89=(o\x0a\xe8V\x12e\xab\xc8s\
\x90\xa1G6\x99\x03zb\x8c\x83\x10\xc9\xd7\xaa\xb5\xa0\
T\xf3\x07\xb6\xae\xf60\xbe\xb5\xc5\xcbf\x14\xd1\xbc]\
+/\x88\x1f\x96\xde\xcb\x96\xf0K\x00p/\x1b>g\
JfSv\xf7\x97\xe1\xf9h.\x0b\x18+\xcd\x1f\xf8\
\x1b\xf0d\x017Zfv\x14Y\x00\xa6\x14\xb1\xb7\xbd\
\xd2V?v\x0c!e\xe7nJ\x93%a+\xadY\
{\xe5\xc4\xdaM\xf5f7\x1c\x9eKk\x03\x1a\xe8\xd3\
h\x9b\x0bj\xe0\xa1B!\x95\xad\xa3\x1a\xdb:\x86e\
{\xfbTi~g\xfd\xb4W\xd6\xab'\xb5F\xf3\xa8\
4\x80\x8f\xe7\xac\x1fU\x19-\xd2@\x05\x00-\xf2\xa9\
6\xc5\xd3\x15U6V\xc5\x14/;.jQ\x82\xed\
:\xe9c\x8auz\xadJ\xdd\x1c?\xfe\xfeo\xf1\xb7\
\xff\xfa\xff\xc4\xc02\x87\xfcf\x85k\xde\xfd\x08.\xa8\
ZPKA^&\xe4u\xc1\xba.X\xd6\xb5\x81\x80\
\xb5\x1a;:W\x14\x90]\x18\x0c\xe8\xe6j1P\xcc\
Xn\xbe\xaf\xf9\x1e\x0a\x03V\xf8\x8d\xe9\xfd8 \x0c\
D\xa2\xa6\xf0\xbf;\xefi6\xff\x84\xfe\x9b\xf3\xd3\x03\
\x94\xbcg\xfa\xed\xe5};\xecS\xd16\x0d\x9e\xdb\xdc\
\x1cp}\x82?\xc4\xd68\xafp[\xf3\x1f\xc5_p\
\xa8\xdd\x13,\x11\xf1uk\xb7g\xb4=\xc0\xaf\xe4}\
\x9d\x94\xed\xab\xb4}\xe2\x9d\xd8^\xf3\x8b\x83m\xc7a\
>\xdf\x07\xab\xedO\xad\x0e\xe1\x1e\xe5?C H\x16\
E Z0Ow\xdc\xdf^p{\xf9\x8a\xe9\xe5\x1b\
\xe6\xfb\x1bJ^\x10\xa4\x22EA\x08d\xb7K\x88\xe8\
\x82@$\x01\x91\xe0\x9aH\xb4\xd7\x13\xdc\x97*\xbb\x91\
\xd5\x1a\xc8\xc3>\x08\xc8\x15\xb6\x97\xb07\xd8_\xe6/\
N\x02\xf9\x87\xc2\x88\xc01%\xc4\xd8m\x81>\xcc\x9f\
 \x03v$\xc4H\x13`\x09\x11\x88\xc9\x98z X\
h\x01@\x82\xd0/\xa0\x8a\x8f\xbf \x9a+\x8d\xd2\x06\
\x9a\xfd\xc8\xff\x8c\xb5X\x0b\x03\xef,3\x04@J\x8c\
\x22\x0c8@g\xd2n\xa3\xed\x01\x010\x00K\xec\xfa\
\xc8\xees\x00\xcf\xb2Y\xb0\x1d\xc3\xe2\xc8\xa8\xb52\x14\
jf\xf7,\x83\xf3\xd2\xee\x90;\x80T\xad\xba\xd6\xd7\
x\x0f\x0a*\x0fn\xdf\x81w\x00\xa0\x17\xc0s~\x8f\
b\xfd\xb2\xcb\xa4\xd8\xee\xdf\x9c\xd7V\x98\xa5\xf1\xfcj\
\xf7w\xcf\xefs\xde\xd3\x016!m\xee\x13,\xf7\xf5\
\xf8^D\x19\xc5\xde:\xf5\x00\x00\x0f9\xe4\x90C\x0e\
\xf9~\xe5\x00\x00\x0f9\xe4\xb7#Tt\xdf\xfb\x01\xf4\
\xe3p\x05W\xabE\xd1d\x9a\xe0\xa6Fp&\x09\xc5\
\x15\xaf\xe2\xd1\x83A\xc5\xd0\x19z,w_\xf6^q\
6\x05Hk+\x9bu\x1a\xdb\xcf\x98o\xfb\xf6\x11\xa4\
\xa3\x22\xb3\xcc3\xd6\x95\xbe\xc0`J\x05\xf3R\xe9\xe7\
5\x98o/{\x80\xf7\xfc\xe2\x11\x0e]91\xe5\xa6\
\xd5\xb7St\x15lsc\x96\xd9u5\xf0\xcd\x15\x9a\
\xddC\xbd+\xe9Lk\xfde\xf97\xe5\xc3\xafoc\
\xecx\xd4_\x82Y^\xdb/U\x00\xd5\x9db\xab\x0d\
\xfab>/l7\x9e[\x1b\xa8\x80T\xa8\x05\x02q\
M\xc6\x94u\xef\x00\x07\x1b8@\x00\x14\xc1\x83o\xec\
\xca\xa2\x12\xebA\x12(\xae\x0c\xc1\xcd\xa2\xd4\xda\xe2\x00\
\x85)@\x15D\xe3\xf6\x0a:\xec\xda\xbc\x1d\xc1\xcaj\
\xa0\xa9\x03\x86\x9e\x16`\xdb\x9bq\x1d\xa8`\xda\xb9v\
9\xd67pV\x87\x81\x8b\xba\x0d=s\x0a\xe7\xc6\x9f\
\xfe\xf6\xdf\xe2\x0f\x7f\xfa\xb7\x7f\x11l9\xe4\xb7+\x9c\
\x93\xdc\x13no\xdf\xf0\xfc\x1f\xff'\xcc\xcb\x8c\xa5p\
\x9f\x93\xd0A$\xee\xd8Gd\x99\x95\xe2{\x8aB\x0b\
\xf7\x16\xb8\x09\x9f\xaf_H\x0b:\xe2\xf5\x08\xcc\xe4\x13\
\x82Z\xb8W\xb9p\xcf\x82\xc1\xcf\xdc\x07\xb8\x9f\xb9\xef\
\xd3m\x8f\xf1\xbd\x85\xb2\x01t\xfb9\xea\xf5\xb6\xdf\x95\
`~[\x11j\x1b\x80\x01.0\xa6\x22\x97\xe8\xfb\xbc\
\xf0\x96:\xf8\x82@@d\x97D\xf1\x9e\xc9\xd4\xf2X\
y\xbe\x8fz\xf9Lem\xf0\xf6l\x9d\xb0\xe5k+\
\xf6\xfd\xee \xd8\x98\xe9[\x9a}\x83\xb8k\x8a\x90u\
-A\x10\x03\xcb\xa9Z\x90\x97\x19\xd3\xed\x8a\xf5\xfa\x82\
\xeb\xcbW\xdc\xdf\x9e\x81<\xb3,Q\x04a\x7f\x04\x01\
M{\x95d>\x9ay\x07\x04\xa1i\xac\x06\xf3q\xa7\
\x00\x94\xbeo\xdbK\x10\xd85!\xa0\x8aB5\xa0\xc0\
@*\xbbW9\x08&\x0aHJ\x08\x91\x8c\xbb\xd41\
\x88\x08D,\xb8\x07\xef\xbb4\xf5M\xe6\xeb/\x22\x19\
8\x88\xc0\xf6\x04\x8b^\xef~pE\x02\x10\xc9\x06|\
7OloUk&\xe0\xf3\x14(\xb6/\xc2\xee\x9b\
y]\xa1y!\xa7u\xefK\xd0g\xba\xcd\xcb\x06\x02\
b\xe7\xff\xcf\xfd\x01\xc2\xfc\x03nI,\xd0\x88\x8f\x9e\
\xa5\xf3\xbe\xb04\xd6bk\xb3\xb7\x9f\xe7\xaa1\xea\xc9\
\xfa\xb3\xbe\x96\xad=~\xdf\xf4\xacbm\xdd\xe6\x91\x15\
\xc4\xc1\xe3!\xef\x0bp\x0e\xb5_\x06\xdc\xb5\xf9\xeab\
\xf7\xc2\xed7\xb6\xe7\x15\x9f\xe7\xdenKPm\xed0\
\x0d\xcb\xb7j\xb7\x84\x0d<d\xae\x03\x00<\xe4\x90C\
\x0e9\xe4\xbb\x95\x03\x00<\xe4\x90\xdf\x8e\xb8\xa2\xf7\xde\
\x0f\xa0=\xf4\xda\xd3\xa6\x03\x83\xb5\xe6\xc6\x14\xf4\x08\x83\
\xaep\xba\x99-\x15=>\xc8\xc3@\x94\x94\x18,\xc4\
\x01=\x82e\x04\xe3\x14\xe6\x84]\x15\xb9\x14\x08\x80\xae\
\xeb,\xd2\xf0\xa6 o\x8a\xad\x07\xfb\xd8\xc0\xaaZ+\
\xd6u&\xa3\xc6\x94\x03\x05\x15\x97\x92\x0bJe\xe4Y\
\x9ed\x19A\x02M\xa4\x22\xa1\x22/\xdf\xdf\xca\xb3*\
\x7fj\xdf\xceUS&\xdc\x8ctw\xfac\xf2\xa6@\
\xef\xdb\xde\xfe\xdd=\xc9\x8b\x051\xb1_\xbb\x93\x0dI\
\xd8.w\x9f\xd1~R\x91\xf43\xde\xf3\x1b\x83\xa1A\
\x13j\x0a\x8c\xa5\x15k\xe3\xde1:O\x12\xb8\x80\x95\
\xe1~\xfbX*\xf34\xdd\xdf\x9495\xffk\x04[\
\xb7\xf4\xae\xb4\x8b\x1d\xf7@\x0bTn~\x092l\xbf\
7U\xde\x15F\xa1[B\xfeV@P\xe9\x87\xb2\xb5\
\x94}O\xf3c\xef\x09\x8f \x89\xad\xfdb\x85X\xbf\
\xb0,\xb2e\x14\x06,\x0b\x15\xe7\x14\x03\xfe\xee\xef\xff\
[|\xfe\xdd\x9f\xbc\x90C\xfe\x0b\x13\xd5\x8auz\xc3\
\xcb\x9f\xff=\x9e\xbf\xfc\x07\xcc\x0b\x83\x0518\x84\xfb\
6\x15 $ v\x88\x91\xe6\x90\x22\x8c\xc2*\x224\
\x13\xae\xce0v\x96+\x01\x09UF\x17\x87\xfb\x17|\
\x0f\x0f\xb5/\x5cCv\xde\xe6(M\x8f?\xae\x93m\
\x8f\xd8\x0e;\xc8\xb0\xadd_\x87\xed\xc5\xc6\x8e\xcd\xeb\
y\xec\xff_\xfc\xf6\xf6\x7f\x04\x14\x09\xe3\xc0\xd8n[\
>\xf6\x94\xadwe\x9fj\xdbc\xbcY\xb67\x19\xc8\
d\x08\xd3\xdeh\xd3\xae\xc3\xf6\x1d?\xe2\xf9ms\xf6\
\x16h\xad\xdc\x7fv\xeb[@s[\x9a\x8e*b`\
\xe95/\x98\xa7\x19\xf7\xeb\x1b\x96\xdb7L\xf7g\xac\
\xb7\x1b\xd6u\x82h&H\x18\x02\xa2\x81\xfe\xbe\x7fJ\
\x08\xdc\x1f\x821\x8e\x01\xdb\x9b\xc4\xc0\xb6\xd8F\x83\xbb\
\x8b\x00\x1aP%\xa0\xf8\x1ejl\xe5Z\x89 V\xe1\
\xfe*\xca\xfb\x90\xc0\x22\x02\x1b\xe3/\xa4\x88\x14{\xfa\
\xf9\x13\xeb\xd5\x10\xc9\xf6\x8b\x89\xec\xc1`s/DD\
\x0b\x12\xc2\xc8\xc2\x89\x00`\x88\x04\xd7,(\x88\x0a\xc0\
\xd7p\xec\xa3\xed.\xe1[\xa1E\xea\xd5\x8aR\x0b\x8a\
\xbd\xc0\xe3\xdb\x1cn\xc0ZV,\xf3\x84R2\x00\x85\
/\x0b\xe7\xfa\xb1gx\xbfS\x0b8%\xce<\x84\xbb\
\x0f\xd9\x05\xf3\xd8\x8a\xb6\xfe\xb4tm\x84?\x88\xed\xcb\
\xf0z@?\xb6by|\xfa\xfb=\xa7\x15\xc8\xac\x14\
E\xbb\xb3\xf0_o\xf7\xf6\xf2s\x03\xde|\xf2\xd9}\
\xc7\xe6%O\xfa\x88\xf3:\x08\x86\xfb\xac\xf1\xfb\xac\xc2\
}P\xeeE\x95\xfb\x02\xcb\xf2u\xbb\xab\xb3U\xb1;\
\x22\x07\x00x\xc8!\x87\x1cr\xc8w,\x07\x00x\xc8\
!\xbf-\xd9\x18\x80\x1e\xa1rc\x02\xa0\x99\xf8n\x0a\
e\xad\x159g\x881\x13\xfcQ\xda\x83sPi$\
\xe0\x97R\xa2\x7f$-\xb8\xdf'\xa4Ds\xa6\xa6 \
\x83\xca\x22}p\x15\x8c\xc3\x00\xc8\x16\x8d\xd7\xe5=\xd0\
H\xeeY)\xa5)\x15\xb9\xac\xa8\xb5\xa0\x16\x03\x16\x0d\
\xd4\xf4\x87y*\x0c\xa4s\x88)#\x22\x8e,\xb9\x12\
\xb0\xfd\xfbN\xfc\xa9\xdf\x9a\xc3\xf2\xa8f\xfcB\xb6\xca\
Z\xfa_\x93MUp0`\xa7\x92\xb5\xbc\x1b\x80\xb0\
?\xc6\xe60\xa7`\x03\xf5\xb6\x8a\xc9\x98t\x1d\x84j\
\xa8\xa5\xf3kU\x03\xf6\x04d\x1cy\xf9\xea,\x11S\
^\xd5\xf5\xee\xad\x1e7kdsh6UUQ\x95\
q,\x15hc \xa0R\xc9\xb2\x011SJ\xef&\
\xce7\x17k\x9b\xe3\xa1\xeaWk\xc0DS\xb0\xac\xf6\
\xcaD\xae\x983\xa51rZ_\x09\xad\xf4Z\xcb\x08\
\x00\x8a)\xa2\xbbZ\xed\xac\x1d3es\xe8:\xfc\x9b\
\xff\xea\x7f\xc4\xe5\xf1\x87\xdd\xd9C\xfeK\x91RV\xdc\
_\xff\x8c\xe7/\xff\x01\xb7\xd7g\xd4R\xcc4\xb7\x10\
0\xab\xe6\xcf\x926\x91\xb6\xffp.2\x90E\x80\x04\
\x8261v\xcd\x07\x1c\x84\xe0\x0c1\x15%\xa0\x12\x22\
\xcbs?\x836'U\x8d\xc9\x06\x06$\x220fk\
\xd1\xe6\xa2\xee\xd8\xd9\xbe\x04\x14f~l\xbfTY^\
\x03\xc8\xd8\xd0\xb6w\xfaz\x85\xaf{\xbb\x0e\x17\xff\xee\
\x00\xce\x06\xa4\xa0\xad\xaevL\xa55\x84\xbf=\xd0\xc9\
\xc7\xb2\xfcw;\xb3\xfb\xceU\xe7\xf7\x15?\x0f\xf5@\
\xb6\x5c\xa7\xe6\xa0\xcf\x808\x07\xa366%j\x81\x96\
\xcc\xfbW\xcd\xf4\xa7\xa7\x05e\x9d\xb0\xde\xee\xb8_\xaf\
X\xe77,\xcb\x8c\xb2\xcc\x88a\x81\x04ED\x84\x17\
\xcf\xfb\x08Y~\xed\x8a\xc5}\xben\xbe\xefD@\xf7\
\x03\xac}\x07\xa6q\x8f\xe4u\x08T-\xaa\xafz?\
W\x0b|d~\x05\x821\xf5\x9c\xd5\x97\x12M|%\
 D\x0b(\x12h\xeeK\x96:\x01@\xff\x1dB\x04\
<}\x88\x88b\xc7c\x22\xb8\xb4\x03\x08\xfd>G>\
 \xfb\xbf:\x00\x05{!\xe2A8l,|<\xf8\
\x22\x8es2\x84\x80Z2\xf2\xbab]\x16h\xcd\x80\
EG\x86\x01\xaf\x06W\xb2\xff\xda\x1e\xeb/U\x08\xa6\
\xaa\xf5\xab5\x87\xa9}\xa2\xd8\x07y\x81\x9bx\xdfC\
|\x16\xbe\xf7\x91\xc79k\xd9\xedK{q$\x066\
\xb6\xd4vl?Ou\xbb7\xb6A\xdb\x9d\xe7\x11g\
\x8b\xdb\x98\xb6\xe4\xda\xd8\xfa\x5c\xb3\xfe\xbd\x0d>\x7f[\
\x19\xbc\xe6\xed\xfa\xfcl\xab\xa9\x01\xe4<.\xec\xd8\x03\
\x00<\xe4\x90C\x0e9\xe4\xfb\x95\x03\x00<\xe4\x90\xdf\
\x96|\x04\x00\xf9\xb7grQ\xd4X.4}\xdb\x02\
\x87\x84\x10\xcc\xff\xdf\xf6\x86_\xcd\xbfU\xea\x12\x00`\
\x9e\xeeX\x96\x05\xe7\xf3\xc5\xd2\xf1\xc1YQQ2}\
\xf7\xf5}\x8f\x94R+\x97\xe6\xbaLG\x10\xb1\xa2\x94\
\x8c\x9c3\x15u\xad\x04\x13\xed\x1a\xfc\xef\xe3\x03\xb4K\
\x10\xa1rd,\x01`\xa7x\xd8\x83\xb6\xf8\x83x\xfb\
\xe2\x8a\x81Z\xe0\x0d\xf3'\xe7\xddbJ\x93+\x14\xe2\
\x00\xd9\xee7\x5cI\xe07\xfb\xb4s\xc2\x86\xaa+\x16\
\xd8\x9b\xde\xba\xd2\xef\x07\xac.\x07\xf7\x98\xc8\xbf\xf0\x97\
\xf5)\x9a\xa2\xfd\x8e\xdb\xf0\xee\xb2l\x14\x9a\xc2\xc26\
\x06SP8\x06\x1c\x00\xcf\xb81\xff\xd4|li\xad\
\x80\x81\xb20\x05\x89\xf0\xe3\x0e\x00\x84iK\xca\xebm\
\xe0`S\xb8\xec\xca\xed\xbc\x85N\xb5\xfa\xa9d7\xd3\
\xb7\xd4\xd1/V\xa0#\xfc\xd0Qq\xd6Rp{{\
C\xea;\x0c\xa73D\x04\xf7i\xa2\xff*\xf3\x89\xa8\
\x0e\x0a[\xbbs1_\x90\xaeT\xbeSf\xc9 \x1a\
\x87\x1e\x7f\xff_\xff\x9fq\xba<\xb5><\xe4\xbf\x0c\
\xc9\xeb\x1d\xd7\xe7\xff\x80o?\xfd\x03\xa6y\xe6\x9c4\
 \x0e\xb5\x1a\x90\xa4\x00\xdcu\x00\xe7\xb9\xb3Yk5\
\x1f\xa9;\xff\xa9\x5c\x7f\x0a`\x03p\xb8gp\xfe\xd2\
\xc7\x1b\x19\x5c\x1b\x8b\xd0\x80\x1c\xf3\xad\xca\xbd\x17(\xed\
%\x08\xc3S\xab\xb1\x9f\xb9\x14\xb9\xee\xd5\x98Z\xb6R\
m\xcd\xdb9K\xd3\xd6<\x0c\xf4\x07\x01\x10\x07\xf2\x99\
\xd8>\x94\x81o\xb8\xec\xb7\xfd\x9f{\x95\xadW!\xf5\
Ju\xdb\x1b\xb7\x1av{\x9e\xff\xab\xee^\xc1\xfd\xa8\
\x19\xa0a/\x04\xb8\xc6\xad\x8c\xb6\xc1\x14\xd4\xb2\x22\xaf\
3\xca\xba@\x0b\x81=\xa0@\xb4\xa2\xe6\xcc\xd2k\xc1\
2O\xa8\xebL\x7f\x8eu\x85\xd8\xaeW\xca\x82\xfb}\
\x81h\xc0i`\xd4\xf6 |\x19\xc51\xde\xb53\x04\
(\xb7\x1d\xe67\xf0\x96\xfb\x01a-\xde;\x98\xcew\
O\x823\x91{\x88\x16#\xcc\xf1\x5cQ \x172\xfd\
`\xafT\x18\xd4#!\xa4\x04\x09\x04\xdd\x08\xfa9\x00\
H\xf3\xdd\x10\x12\x01\xb3h\xe9c\xe0\xb1\x18\xc9^w\
\xc6\x9f\x01\x85~\xff\x95@6!\x81\xe9H\x13\x5c\xdb\
\xd7\x1cT\xab\xf0\x97 v\xfb\xb21\x8a\x81lD\x08\
\xda\xcb\xb3\xaa\xdc+\xc5@<\xbe\x0c\xe4\xdc\x07\x14\xf3\
|C\xc9\xb9\xf9\xfbk\x83\xef\xe2\xf7N\x03s\x857\
_\xc0\xdb\xf0\x01\x00\x147\x11V\xd8\xdcq\x93y\x96\
\xbf\xcde\xee\xcf\xed\xb6b\xc1\xc9x\xc6\xbe\xc9\x06\x12\
n\x0dc\x9a_\x13\xcf'@\xbb\xf7:`\xd7r\xb5\
5\xb3\x95\xc3\x15\xe5\xf7>\x1e\xe14\xe6\xfa\xd9\xb7\x9a\
\xa7w =/\xbe\x95#\xd8\xf0\x7f\x8e\x93\xbf\xac;\
\x00\xc0C\x0e9\xe4\x90C\xbec9\x00\xc0C\x0e\xf9\
m\x09\x15\xd9\x8cR2M*\x1b\xf0\xb7)\x80Tx\
7_Wn.\xec\xc7u\x07\x04\x86`\xfe\x92\x22\x9d\
\xac\x97\xbc\xe2~\xbf\xa1\xef\x07t]g\x0f\xbc\x16\xb8\
\xa3d\xac\xeb\x02 \xa0\xef;{\x00\xa7bY+M\
\xe7\xaaV\x04\x09-\xd0\x87\x03\x80\x0dx\xdb\xe1K\xd4\
\xe2L1\x15S<]q\xdd\x89\xe7\xdbN5H\x90\
\x0f\xe5\xa6\xb06\x05\xdc\x1e\xc2\xf9\xd5\x1e\xc3\x1b\xc8g\
\xcc\x18\xabW\xf7\xe0\x96\x97i\xc7\x5c\x01W\xf0I\x9f\
\x0f\xfcT\x8a\xac\xa7\xb7\xf2\xa9\xf5\xbf37\xa68\xb8\
\x07S\x13\xb6\xf2\xd5\xae\xdf\xfb\xa3\xa9\x1f\x06L4E\
[])\xb1\x82\xda8{\xb9\xa6|\xa9\x82\x90\x1e\xd9\
I\xde\xbd\x10\x00\xb52\x90B\xa5\x19\xad\xe5\xb2\x04\xfb\
\xeb\xb0\xfaD\x0cLi\x950\x83\x81.\x86\x19#J\
@\xdf\x0f\x18N\x17\xf4\xa73\xban\xa0\xc3\xfb\xd4!\
\xf64\x81\xa32/M\xd9\xd6Z\x91\xf3\xba\xf3Oi\
E{\x94V5\xe5\xb2V\xa8f\xd4\xbc\xe2\xfa\xf6\x8a\
o_\xbf\xe2\xfc\xf8\x80\x98\x12\x96y\xc64]\x91\xf3\
\xea\x17\x82\xcb\xf9\x8c\x7f\xfb\xdf\xfc_0\x8c\xe7\xad\xcd\
\x87\xfc\xa6EU\xb1.W\xbc}\xfb\x0fx\xfe\xf2\x8f\
\xf4\x1d\xca\x13\x80\x01{\xa2\x05P\xba!Pe\xb4p\
\x06\xe4\xa8\x10\xdd\x00\xbfZ\xd5\x80B\x9a\xfe\xf2%J\
\x81\x16\x9fw\xccS\xaa\x81\xe5\xa0\x19<T\xe8g\x0d\
\x01\x88\x1d\x10:FwM=b\xea\x01\x07\x0fc$\
\xc0d\xa0t\x83)\x84e\xb0\x0am&\xfe\x04\xe2}\
\x1do\xfb\xc4\xc6\xcc2\x98A\xf82\xa1\xadP[#\
j\x8b\xbb\x05\xd5Q\x224m\x7f\xb3u\xb5-\xe1\x0d\
\xd4\xf1\xd69\xd8\xb3m\x0a\xbei\x10@\xd5ZP\x8d\
\xa9\x87R\xa0eA\xcd\xf6W\x17\xd4<C\x97\x19u\
\x9dPu\x86jED \xa3\x0e\x8a\xe8\xed\x97\x80\x5c\
+\xf2Z\x90sF0_\xae1\xd0]\xc5\xb2\xcc\x80\
\x04\x0c]\xcf\xe0\x15\x12HFn -{\xa4\xfa\xd8\
\xfa\x96\x08\x05$\x22\x80\xc0l\x05\x10D\x11$\xa2\x02\
(U\x11\x85\x11w\xfd\xaa\xb9\x8d\xb9\xffS3\x09\xd7\
\x82l\xccM2\xf7\xe8\xc7OBD\x8a\x89}&\x01\
!:\xbb\xcfA\xc1\x08\x04\x06\xb8\x0a\xa1c\xbeh\x80\
^Ld\xaf\x07\xfe\x85` \xa1D\xfa9\x8cf\xc2\
,\x04\x97y/5\xc6;\x88\x88\x15\x11\x04\xbf\xa7\x08\
\xaf\x8d\xbe\x14\xc9\xe8W\x05\xb4\x14\xc0@b\xb11\xe4\
\xf8k\xbbg\xc6\x10\xc8\xfc.\x05\xaf\xcf_\xa1%\x13\
\x98\xb49\xe0]\xc9\xfb\xa9\x9b\xf6n\xf7c2\x0fi\
*\xdc\x1ac\xf3\x88/\x8a,O\xeb\xe7\x96\x84\xf9\xed\
\xb7\x8f#\xcf\x1b@\xde\xea\xf2\x89j\xf7e\x1bw\xe6\
\xde\xdf\xf3m}(\xec\xbe\xbb\xcdu\x17\x05\xd7\xc8\xbb\
\xa3\x96^\xd9E\xbc^\xc0\xfcUp\xadq-0\xb9\
\xdf\x7f\xdb\xf3\x81\xaf\x0d\x851\x8e\xe9\x8a%\xe7\x82u\
]\xb0f\x065\xcb\xebz\x00\x80\x87\x1cr\xc8!\x87\
|\xbfr\x00\x80\x87\x1c\xf2\xdb\x12Um\xcc:\x7fP\
\xf6\xe3\xfc\xee\x8c\x97\xf7\x9f\xfe\xf7\xf1x\x03h\x22\x1f\
\xed\xe7y\x06\xb4\xa2\x1fF+\x17\xc6\x224\xe5\x1a\x0a\
1\x03%\x00\xe63\x10\xa8\xb5`\xcdk\xf3\xedGe\
|\xc7\xf4kJ\xad)\xae\xc2OgU4M\xc5\x14\
XP?\xe0\x83|\x03\xef6%\xc0\x014\x85\x9f\xde\
)\x08\xfe\xd6~\xef\x8f\xab\xb1\x0e\xb6v\xb4\xb4^\xf7\
_8\xe6\xed\x15W\xb0`\x0ahS\xda\xc5Uu\x03\
\x22Y\x0bks\xb5\x82\x0a\xbf\xb7\xa7az\xbbV\x01\
4\xd1e\x9a\xfd\x9f\x9d\x83\xeb:\xae\xa4\xfbW\x070\
\xd8\xe7\xd6\x04\x9eV\xb61\xf8\xf8\x7f4\xff{\xc7@\
d\x1a\xf6\xcf\x16\x14\x010sG\x1b\xaf\x90zt\xfd\
\x88\xd3\xf9\x11\xe7\xcb#\x86\xd3\x05\xa1\x1b\xe94~\xc7\
\x98pp\x98\xed\xf6\xeb\x00\xa3D[\x0a\xbf\xb6v\xce\
\xae\x13\xc6\xb02\xbc\x02\xb5f\x5c__q\xbe<\xa0\
\xeb{\xd4Z\xb1,w\xbc=\x7f\xc3\xabE\x01\xfd\xe1\
w?\xe2\xef\xfe\xfe\xbfG\xeaz+\xff\x90\xdf\xb2\xd4\
Z0_\xbf\xe2\xfa\xfa\x8fx{\xfe\x86\x92\x8b\x05g\
\xe0\x5ct\xff}4\x01v\x00pc\x16Ku\xf3z\
\xdf\xfb<x\x92\x03\x80v\xceL\x86\xfd\x8ff\xc5\x5c\
\xaf4'\xf6\xfd\xd3\x08\xafj>\x07\xb9tl-\x12\
\xb6S\x09\x80$3\x13\x0d\xf4E\x18\x18\x1d\x96&\x9f\
\x1b\x1b\xcc\xff \xdc{\x1b\x10\x03\xd8~\xc6_j\xfb\
\xbc\xef>\x01\xd8\x01v\xb6\xc6}\xednK\xc9\x8eo\
{\x8d\xb4\xbd<\x93\x09Y\x0bPVh]\x1bkO\
\xcb\x8a\x9aWT\xfb\xd4\xb2\x00\xc8P\xcd@-\x1b\x83\
X+\x82T\x88\xd0\xb5\x03Mm7\xe0\xa8B\xa1!\
X\xa0\x0d\xb6\xba\xd4\x82\x92y\xef\x12\xf1\xe8\xba\xc02\
/\x10\x01\xfa\xa1'\x0b\x0e\xc6\xdc\xf3=n\xb7\xbf\xfa\
\x18p\x7f\x10\xa8A\x8d\x82\x0e\x00Yy\xc1\xc0:\xb5\
\x17\x15\x04\x07\xf9\xfa\xc5_\x5c\xc0_\x95(\x99r\x1e\
\x18B\x02\x83y0`\x95@\x10\x90bjl=\x89\
\x11\xc9\x00_\xbe'ap\xaa\x10\x13B\xe8\x1a[\x94\
\xfe\xff\x1c\x08\x0c\xedx0?\x7f\x8d)\xcd\xcd\x8eu\
\xfa\xfe\x17\xc2f4k\xccC\xb5{!\xaf\x8d/\x02\
Eb\xdb\x93\xe9\xd6\xc1\xf7N\x02\xc6\x00\xcf\xf9\xfe\x1a\
\x0c\xa8\x5c\x96\x19\x7f\xfe\x87\xff\x00\xcd+\x86\xb1\xb7\xfb\
\x01\xeb#\x04j\xf7Tc\xe5\xb9Y5\xfb\xd9\xe6\xa3\
\xffV\x9ae\xb7\xbb\x86\xb0\x81vg\xde1\xd7Y\xa8\
\xf0'@L\xdc\xee\x00\xed\x0e\xd9\x1e\x03,\x9b\xffc\
S\x9a\xff\xaa\xd8\xcb6kM;\xde\xe6\x0b\xd7Ck\
\xaf\xfb\x9e\xad\xc5\xc0w\xba\x14\x11\xb0\x01\xbcgY\x0e\
\xbf\xdf)_\xa4\xd5\x5cP\xf3\x8a\x92W\x94\xbc\xa0\xe4\
\x05\xcb\xb2\xd8\xcbP\x82}\xa5\x16\xfa\xa3\x14\x85H@\
\xdf\xf7\x07\x00x\xc8!\x87\x1cr\xc8\xf7+\x07\x00x\
\xc8!\xbf-\xd1\x16\x04\xc4L\x22\xed)\xd3\x1f~]\
\x09\xa6\xc2\xfb\x1e\xfc\xfb\xb5\xbf-P\xc8V\x0e\x19\x0f\
<P\x8d-\x03\x01Y\x1b\x10\x94\x0atf\xfe[*\
\x15\xc0\xaa\x05y]\xf90.Vw\x8b\xeak\x80\x9a\
=l\xc3\x15\x05\xa5\xc9\x10\xc5\xc1\xa3MQp\xa5\xc0\
\x0e2\x95]\xefG\xd0\xce\xe5]\xf9<\xc2\xb2\xed\xbb\
\x1f\x0d;e\xc7\xdb\xb7\xa9\x12\xfc4U\xc0~\xf3\x88\
\xa9\xf9\xa6$Xb8C\xc2Yx\x0e\x022\xbf\xd8\
\xb55V\x8d]\xdd^\xd4\x94u\x16\xea\xc8\xc2{\xa1\
\x02\xaf\xa6\xc4\xf0\xaa\xb4\x9a\xea\xba3\xc1V\xbb~\xb6\
\xcf\xcd\xc2L\xd4\x00Ug\xd8\xed\xea\xd2\x9d\x19\x99\x9a\
\xa2\x1c$ u=\xba~\xc00\x9e\xed\xef\x84\xd4\x0d\
\x90\xc8\xa8\xab\xcc\xbb\xbb.\xeb\x83}\x9f\xfa\xb8P\xaa\
\x1d\xdd\x00\xec&\xce\x8c\xdc\xb5\x89\xe5T\xa0\x12\xb0\xa6\
\x82\xacn\x93\x855/X\xa6+B\x00.\x97't\
\xfd\x88\x18i\x96w\xc8oSJ^1]\x7f\xc2\xdb\
\xb7\xff\x88\xe5vGQEq\xc5\xdc'\xa7\x92\xd1W\
\x1d\xfck\xe6\xe8\xc5@=%\xd8\xdc\xe6\xb4\x99\x01c\
3\x19\xae\xcay\xc5\xf3\x04\xb6\xd4\xf6F\xe6\xe3\xda\x22\
\x90X\xa1*\x0c\x8eSm=\xfb>\x07\x03\xd7\xd5\xe6\
\xa5n,\xb3\xda uN[\xce~c0\x19;L\
A\xf3c`\xcf\xd2\xe3\x1e\xe3^8\xb7\xbd\xcf\xce\xf9\
\xba\xb3u\x0e\xdb#X\x9e\xaf\x1d\xa6\xb5\x06\xa1\x94\x8c\
\xe2\x8c\xbe\xea\xf7\x10\xdb\xd7l\xdd)!82\xb2\xd4\
\xf7\xdfb\xbf\xbd.\xdf\x0b7\x18\x86\xeb\x91\xc0\x9b\x8a\
\x83\xff\xd6\x16\x88\x01\x80\xf4\x01\xc8\xab\x12\x94\xca}j\
\x1c\x1c\xb47\x10\xd5\xae\x15\x16\x5cE\x95\x91~y\xd8\
\xfc\xfa)\xf7\x01\x09@Uc\xd1\x19\x10\x09\xeb'^\
\x12\xfb\xb3\xaa\xbbX`\xdf\x17\x0bn\x053\xeb\x8d\xd1\
\x22\x05\xef\x0a\x08\x12\x90R\x071\x10\xd0Y\xf3b\xbe\
\x01\xc5\x98x4\xf95\x06\xa0\x84V\x96D\xb2\x06\x11\
\x22\x83\x90\x8892\x14\xb2\xa7\x05\x81?\x83\x81\xa86\
Q$0^.y\x81\xb6K+\xc7&\xda\xbeJ\xc8\
\x90\xe5\xb1\xff}\x0c\x81\xb2s\xa5\xe0 \xa5\xddr\x11\
c\xc4t\xbf\xe1\x7f\xf9\xf7\xffo\x0c]\xc0x:q\
\x9e\x0b\xc7D\x1c\x90\xb6n\xd8\xe6\xe4\xf62\xce\xa05\
\x1b\x7fg\xefo\xf7jvy\xd8\xee\x87\xef\xee\xaf\xd6\
^+\x92\xa0\xafw\xfaN\xecZ|\xde\xb5{\xbap\
\x8dy\x9b>\xdeB\xe0\xf3Q\xac\x0c_W\xb0um\
\xfdR\xd6\x15y]PKF\xcd\xf4\x97\x98\xcb\x8a\x9c\
W\xac\xeb\x82\x9cW>k\xe5\x15I\x04]\x14\xee\x11\
\x12\xd0\x8f\x03\xc6\xf3\x05)&t}\x8f\xa7\xc7O\xe8\
\xc63\xba\xe1\x82\xf3\xc3\xe7\x03\x00<\xe4\x90C\x0e9\
\xe4\xfb\x95\x03\x00<\xe4\x90\xdf\x96\xb8\x12\x9bs6\x1d\
\xd8\x1fh]\x11\xdc\x14X\xb2]v\xa6\x95\xaeD\xec\
\xce;[\xc6\x99a|\xa8v\xcd\x89\xe5\x02\xf4u\x04\
Q\xe4\xb5\x22\xa6\x04\x01\xb0\xae\x0b\x8a\x99\xfc\xc2\x22\xf9\
\x12\x87\xda\xa2k6i\xda\xc4fVD]a\xaff\
\xb8\xae\xb0\x0b\xfa\xb0{\x80W\x98c\xef\xfdy\xd0L\
\x8fj\x86+\xa8\xa6$7\x10l\x97\xd6\x95\x03\x93\xbf\
\xf4\x90N\xf3_\xfad\xa2\xf2\x00Sx\xa8\x1c\xbf\xcf\
\xe7\x0aZS\x7f\xe9{\x0c\xd4\xb8\x14<\xb9\xcf\xb5\x95\
h\xe7\xb4q\xf1\x5c=j\xad\xa3\x1e\xe3\xa0\x87\x03\x0e\
</p \xccA;\xf7\xdde\x0dR+\xbf\xf5\x17\
\xff\xe5U\x19\xc8\xb1\x03\xfe\x08 D\xf4\xe3\x09\xa7\xcb\
\x13\xc6\xd3\x03\xfaqDH\x1dD\x12\xcb{\x07\xd29\
\x95\xc3\xc6I\xbd|\xefk\x07\x1f\xedz-\x1f\xc1\xb9\
_\x02\x8049\xf6rw\xf9\xc5\xe8;\xcd\xf7\x9a\x01\
\x83\x06^4\x16+uk\x88\x00!$$\x8b\x02{\
\xc8oG\xf2:\xe1\xfe\xfa\x13\xde\x9e\x7f\xc2\xb2.d\
mU\x82\x1bd\xa5\x92\xf5\xc5\xbd\x8b \x0e\x81\xbcJ\
\xd6\x9f\x9ai\xef\xee\x05\x84\xb3\xfc8\xd7\xdd'j%\
{\xb0\xf2\x18\x97\x17\xe1\x16_\x0b\xbe6\x98\x97KJ\
\xb0\x81\xea\xbe\xcf\xf9\xdas\xb8O+l5;@a\
k\xcd\xe7n\x9b\xe7\x84\xf7\xaa\xfa\x8e\xe0\xe5l\xf9a\
\xfe\xd7\xb8\xbfq]9(\xa8\xaa\xf6V\x84`\x8c\xd7\
A\xd9\xadSo\x83-%\x07C\x1c\x88\xf4\xdd\xc8\xaf\
\xc3\xcd1\xe9_\x94\xf7\x08\x98y-\xd7(}\xcd\x01\
\xb6\x17\x0b\x08\xcax;-\xb7\x83\x99\x15\xdc\x8b\xf3\x92\
Q-2mUE\x05]\x08\xc4\x18\x80\x8a\xc6$d\
s\xb8\xb7(X=\x99f\xbcr\x1a\xa3&\xb6\xc0\xee\
\x07bf\xd6\x05\x06z\xb5\xfe!\x98V\x00\xd4\xc6.\
,\x06\x06*_\x16\x84n\x03\x93\x94 X\x88\x91\xcc\
<\x07\xff\xe2\x16\xc0\x03\xce\xfc\x0b\x96&$HL@\
\x88\x88\x96\xb7\x81\x84\xce\xf2\xf4h\xf6Bf\x9f\x80\xe0\
\xa1\xdfr!\x91\x1d)|1\x16\xcd\xc7\x9f\xda\xbd\xc3\
G\xc4\xefm\xc1\xa2,\x976\x80\x8a\x18\x02\x83\xd7\xd8\
\xfe\x0b\xbbW\x881#\x09v\x12\x88\x5c\xa6\x1bn\xaf\
/\xf8\xe3\x9f\xfe\x0e]\xea\x90\xebjk\xca\xa6\x8a\xad\
\xb7\xe2\xfe5\x95\xeb\xc9_\xfc\xf9\xbaR\xa5\x1fN\xcf\
\xe8s\xbe\xad;k9\xaf\xc3\xc7\xd6\xe7\x09]m\xf0\
\xd2\xec\xdaecG\x06\xb1\xe0.\xf6l\xc2\xae\xb3\x99\
'\xec\x0bx?\xc6\x88\xb8\x1f\x0f+\xc7\xe7\xa1X>\
\xa8b]W\xfc\xfc\x1f\xffW\xfc\xfb\xff\xd7\xff\x03\xb7\
\xe7\xaf\x0cH\xa3\xc5\xee\x1b\x11\xe38\xe0|\xb9\xe0\xf1\
\xd3g\x5c\x1e\x7f\xc0\xc3\xe3g\x9c\xce\x0f\xe8\xba\x0e!\
\xf5H}\x8fn8\x81\x8c^A\x8c=$\x04T\xe5\
S\xc6\xff\x0fo\xef\x86\xa4\xf7{vV\x00\x00\x00\x00\
IEND\xaeB`\x82\
"

qt_resource_name = b"\
\x00\x06\
\x06\x8a\x9c\xb3\
\x00a\
\x00s\x00s\x00e\x00t\x00s\
\x00\x0e\
\x07\x04\x9f\x87\
\x00b\
\x00a\x00c\x00k\x00g\x00r\x00o\x00u\x00n\x00d\x00.\x00p\x00n\x00g\
\x00\x1a\
\x088\xb1\xa7\
\x00h\
\x00o\x00m\x00e\x00_\x00s\x00c\x00r\x00e\x00e\x00n\x00_\x00b\x00a\x00c\x00k\x00g\
\x00r\x00o\x00u\x00n\x00d\x00.\x00p\x00n\x00g\
"

qt_resource_struct = b"\
\x00\x00\x00\x00\x00\x02\x00\x00\x00\x01\x00\x00\x00\x01\
\x00\x00\x00\x00\x00\x00\x00\x00\
\x00\x00\x00\x00\x00\x02\x00\x00\x00\x02\x00\x00\x00\x02\
\x00\x00\x00\x00\x00\x00\x00\x00\
\x00\x00\x00\x12\x00\x01\x00\x00\x00\x01\x00\x00\x00\x00\
\x00\x00\x01\xa0\x80O\x1d`\
\x00\x00\x004\x00\x00\x00\x00\x00\x01\x00\x00\x02)\
\x00\x00\x01\xa0|\xd4\x16\x1b\
"

def qInitResources():
    QtCore.qRegisterResourceData(0x03, qt_resource_struct, qt_resource_name, qt_resource_data)

def qCleanupResources():
    QtCore.qUnregisterResourceData(0x03, qt_resource_struct, qt_resource_name, qt_resource_data)

qInitResources()
